employee_code,kpi_code,period,target,actual,achievement_percentage,weight,weighted_score,source
EMP0001,ATTENDANCE_RATE,2025-10,95,95.65,100.69,10,10.07,ATTENDANCE
EMP0001,MANAGEMENT_EFFECTIVENESS,2025-10,90,74.15,82.39,90,74.15,MANUAL
EMP0002,ATTENDANCE_RATE,2025-10,95,78.26,82.38,15,12.36,ATTENDANCE
EMP0002,TASK_COMPLETION_RATE,2025-10,95,79.94,84.15,35,29.45,MANUAL
EMP0002,MANAGEMENT_EFFECTIVENESS,2025-10,90,81.09,90.1,50,45.05,MANUAL
EMP0003,ATTENDANCE_RATE,2025-10,95,86.96,91.53,35,32.04,ATTENDANCE
EMP0003,PUNCTUALITY,2025-10,90,55,61.11,25,15.28,ATTENDANCE
EMP0003,TASK_COMPLETION_RATE,2025-10,95,93.11,98.01,40,39.2,MANUAL
EMP0004,ATTENDANCE_RATE,2025-10,95,100,105.26,35,36.84,ATTENDANCE
EMP0004,PUNCTUALITY,2025-10,90,95.65,106.28,25,26.57,ATTENDANCE
EMP0004,TASK_COMPLETION_RATE,2025-10,95,78.85,83,40,33.2,MANUAL
EMP0005,ATTENDANCE_RATE,2025-10,95,82.61,86.96,35,30.44,ATTENDANCE
EMP0005,PUNCTUALITY,2025-10,90,68.42,76.02,25,19.01,ATTENDANCE
EMP0005,TASK_COMPLETION_RATE,2025-10,95,73.23,77.08,40,30.83,MANUAL
EMP0007,ATTENDANCE_RATE,2025-10,95,100,105.26,35,36.84,ATTENDANCE
EMP0007,PUNCTUALITY,2025-10,90,95.65,106.28,25,26.57,ATTENDANCE
EMP0007,TASK_COMPLETION_RATE,2025-10,95,97.89,103.04,40,41.22,MANUAL
EMP0008,ATTENDANCE_RATE,2025-10,95,86.96,91.53,35,32.04,ATTENDANCE
EMP0008,PUNCTUALITY,2025-10,90,70,77.78,25,19.45,ATTENDANCE
EMP0008,TASK_COMPLETION_RATE,2025-10,95,72.8,76.63,40,30.65,MANUAL
EMP0009,ATTENDANCE_RATE,2025-10,95,95.65,100.69,15,15.1,ATTENDANCE
EMP0009,PRODUCTION_TARGET_ACHIEVEMENT,2025-10,100,84.43,84.43,25,21.11,PRODUCTION
EMP0009,QUALITY_RATE,2025-10,98,95.66,97.61,15,14.64,PRODUCTION
EMP0009,DEFECT_RATE,2025-10,2,4.34,46.1,10,4.61,PRODUCTION
EMP0009,SAFETY_INCIDENTS,2025-10,0,0,150,10,15,PRODUCTION
EMP0009,MANAGEMENT_EFFECTIVENESS,2025-10,90,54.29,60.32,25,15.08,MANUAL
EMP0010,ATTENDANCE_RATE,2025-10,95,78.26,82.38,20,16.48,ATTENDANCE
EMP0010,PUNCTUALITY,2025-10,90,77.78,86.42,10,8.64,ATTENDANCE
EMP0010,PRODUCTION_TARGET_ACHIEVEMENT,2025-10,100,55.68,55.68,30,16.7,PRODUCTION
EMP0010,QUALITY_RATE,2025-10,98,89.39,91.22,20,18.24,PRODUCTION
EMP0010,DEFECT_RATE,2025-10,2,10.61,18.85,10,1.89,PRODUCTION
EMP0010,SAFETY_INCIDENTS,2025-10,0,1,100,10,10,PRODUCTION
EMP0011,ATTENDANCE_RATE,2025-10,95,95.65,100.69,20,20.14,ATTENDANCE
EMP0011,PUNCTUALITY,2025-10,90,81.82,90.91,10,9.09,ATTENDANCE
EMP0011,PRODUCTION_TARGET_ACHIEVEMENT,2025-10,100,79.26,79.26,30,23.78,PRODUCTION
EMP0011,QUALITY_RATE,2025-10,98,97.89,99.89,20,19.98,PRODUCTION
EMP0011,DEFECT_RATE,2025-10,2,2.11,94.9,10,9.49,PRODUCTION
EMP0011,SAFETY_INCIDENTS,2025-10,0,2,100,10,10,PRODUCTION
EMP0012,ATTENDANCE_RATE,2025-10,95,86.96,91.53,20,18.31,ATTENDANCE
EMP0012,PUNCTUALITY,2025-10,90,80,88.89,10,8.89,ATTENDANCE
EMP0012,PRODUCTION_TARGET_ACHIEVEMENT,2025-10,100,75.78,75.78,30,22.73,PRODUCTION
EMP0012,QUALITY_RATE,2025-10,98,97.68,99.67,20,19.93,PRODUCTION
EMP0012,DEFECT_RATE,2025-10,2,2.32,86.12,10,8.61,PRODUCTION
EMP0012,SAFETY_INCIDENTS,2025-10,0,0,150,10,15,PRODUCTION
EMP0013,ATTENDANCE_RATE,2025-10,95,78.26,82.38,20,16.48,ATTENDANCE
EMP0013,PUNCTUALITY,2025-10,90,77.78,86.42,10,8.64,ATTENDANCE
EMP0013,PRODUCTION_TARGET_ACHIEVEMENT,2025-10,100,101.17,101.17,30,30.35,PRODUCTION
EMP0013,QUALITY_RATE,2025-10,98,99.59,101.62,20,20.32,PRODUCTION
EMP0013,DEFECT_RATE,2025-10,2,0.41,150,10,15,PRODUCTION
EMP0013,SAFETY_INCIDENTS,2025-10,0,0,150,10,15,PRODUCTION
EMP0014,ATTENDANCE_RATE,2025-10,95,69.57,73.23,20,14.65,ATTENDANCE
EMP0014,PUNCTUALITY,2025-10,90,56.25,62.5,10,6.25,ATTENDANCE
EMP0014,PRODUCTION_TARGET_ACHIEVEMENT,2025-10,100,76.85,76.85,30,23.06,PRODUCTION
EMP0014,QUALITY_RATE,2025-10,98,95.73,97.68,20,19.54,PRODUCTION
EMP0014,DEFECT_RATE,2025-10,2,4.27,46.81,10,4.68,PRODUCTION
EMP0014,SAFETY_INCIDENTS,2025-10,0,1,100,10,10,PRODUCTION
EMP0015,ATTENDANCE_RATE,2025-10,95,100,105.26,20,21.05,ATTENDANCE
EMP0015,PUNCTUALITY,2025-10,90,73.91,82.13,10,8.21,ATTENDANCE
EMP0015,PRODUCTION_TARGET_ACHIEVEMENT,2025-10,100,72.36,72.36,30,21.71,PRODUCTION
EMP0015,QUALITY_RATE,2025-10,98,96.94,98.92,20,19.78,PRODUCTION
EMP0015,DEFECT_RATE,2025-10,2,3.06,65.33,10,6.53,PRODUCTION
EMP0015,SAFETY_INCIDENTS,2025-10,0,0,150,10,15,PRODUCTION
EMP0016,ATTENDANCE_RATE,2025-10,95,91.3,96.11,20,19.22,ATTENDANCE
EMP0016,PUNCTUALITY,2025-10,90,71.43,79.37,10,7.94,ATTENDANCE
EMP0016,PRODUCTION_TARGET_ACHIEVEMENT,2025-10,100,69.55,69.55,30,20.87,PRODUCTION
EMP0016,QUALITY_RATE,2025-10,98,96.76,98.74,20,19.75,PRODUCTION
EMP0016,DEFECT_RATE,2025-10,2,3.24,61.8,10,6.18,PRODUCTION
EMP0016,SAFETY_INCIDENTS,2025-10,0,1,100,10,10,PRODUCTION
EMP0017,ATTENDANCE_RATE,2025-10,95,91.3,96.11,20,19.22,ATTENDANCE
EMP0017,PUNCTUALITY,2025-10,90,66.67,74.07,10,7.41,ATTENDANCE
EMP0017,PRODUCTION_TARGET_ACHIEVEMENT,2025-10,100,74.97,74.97,30,22.49,PRODUCTION
EMP0017,QUALITY_RATE,2025-10,98,95.66,97.61,20,19.52,PRODUCTION
EMP0017,DEFECT_RATE,2025-10,2,4.34,46.04,10,4.6,PRODUCTION
EMP0017,SAFETY_INCIDENTS,2025-10,0,0,150,10,15,PRODUCTION
EMP0018,ATTENDANCE_RATE,2025-10,95,91.3,96.11,20,19.22,ATTENDANCE
EMP0018,PUNCTUALITY,2025-10,90,90.48,100.53,10,10.05,ATTENDANCE
EMP0018,PRODUCTION_TARGET_ACHIEVEMENT,2025-10,100,62.09,62.09,30,18.63,PRODUCTION
EMP0018,QUALITY_RATE,2025-10,98,95.79,97.74,20,19.55,PRODUCTION
EMP0018,DEFECT_RATE,2025-10,2,4.21,47.5,10,4.75,PRODUCTION
EMP0018,SAFETY_INCIDENTS,2025-10,0,0,150,10,15,PRODUCTION
EMP0019,ATTENDANCE_RATE,2025-10,95,100,105.26,20,21.05,ATTENDANCE
EMP0019,PUNCTUALITY,2025-10,90,100,111.11,10,11.11,ATTENDANCE
EMP0019,PRODUCTION_TARGET_ACHIEVEMENT,2025-10,100,77.05,77.05,30,23.12,PRODUCTION
EMP0019,QUALITY_RATE,2025-10,98,96.69,98.66,20,19.73,PRODUCTION
EMP0019,DEFECT_RATE,2025-10,2,3.31,60.44,10,6.04,PRODUCTION
EMP0019,SAFETY_INCIDENTS,2025-10,0,0,150,10,15,PRODUCTION
EMP0020,ATTENDANCE_RATE,2025-10,95,95.65,100.69,20,20.14,ATTENDANCE
EMP0020,PUNCTUALITY,2025-10,90,86.36,95.96,10,9.6,ATTENDANCE
EMP0020,PRODUCTION_TARGET_ACHIEVEMENT,2025-10,100,69.37,69.37,30,20.81,PRODUCTION
EMP0020,QUALITY_RATE,2025-10,98,96.46,98.43,20,19.69,PRODUCTION
EMP0020,DEFECT_RATE,2025-10,2,3.54,56.46,10,5.65,PRODUCTION
EMP0020,SAFETY_INCIDENTS,2025-10,0,0,150,10,15,PRODUCTION
EMP0022,ATTENDANCE_RATE,2025-10,95,95.65,100.69,20,20.14,ATTENDANCE
EMP0022,PUNCTUALITY,2025-10,90,100,111.11,10,11.11,ATTENDANCE
EMP0022,PRODUCTION_TARGET_ACHIEVEMENT,2025-10,100,66.93,66.93,30,20.08,PRODUCTION
EMP0022,QUALITY_RATE,2025-10,98,96.62,98.59,20,19.72,PRODUCTION
EMP0022,DEFECT_RATE,2025-10,2,3.38,59.19,10,5.92,PRODUCTION
EMP0022,SAFETY_INCIDENTS,2025-10,0,0,150,10,15,PRODUCTION
EMP0023,ATTENDANCE_RATE,2025-10,95,100,105.26,20,21.05,ATTENDANCE
EMP0023,PUNCTUALITY,2025-10,90,60.87,67.63,10,6.76,ATTENDANCE
EMP0023,PRODUCTION_TARGET_ACHIEVEMENT,2025-10,100,114.42,114.42,30,34.33,PRODUCTION
EMP0023,QUALITY_RATE,2025-10,98,99.64,101.68,20,20.34,PRODUCTION
EMP0023,DEFECT_RATE,2025-10,2,0.36,150,10,15,PRODUCTION
EMP0023,SAFETY_INCIDENTS,2025-10,0,0,150,10,15,PRODUCTION
EMP0024,ATTENDANCE_RATE,2025-10,95,100,105.26,20,21.05,ATTENDANCE
EMP0024,PUNCTUALITY,2025-10,90,82.61,91.79,10,9.18,ATTENDANCE
EMP0024,PRODUCTION_TARGET_ACHIEVEMENT,2025-10,100,78.08,78.08,30,23.42,PRODUCTION
EMP0024,QUALITY_RATE,2025-10,98,95.62,97.57,20,19.51,PRODUCTION
EMP0024,DEFECT_RATE,2025-10,2,4.38,45.64,10,4.56,PRODUCTION
EMP0024,SAFETY_INCIDENTS,2025-10,0,0,150,10,15,PRODUCTION
EMP0025,ATTENDANCE_RATE,2025-10,95,95.65,100.69,20,20.14,ATTENDANCE
EMP0025,PUNCTUALITY,2025-10,90,86.36,95.96,10,9.6,ATTENDANCE
EMP0025,PRODUCTION_TARGET_ACHIEVEMENT,2025-10,100,74.71,74.71,30,22.41,PRODUCTION
EMP0025,QUALITY_RATE,2025-10,98,95.92,97.88,20,19.58,PRODUCTION
EMP0025,DEFECT_RATE,2025-10,2,4.08,49.02,10,4.9,PRODUCTION
EMP0025,SAFETY_INCIDENTS,2025-10,0,0,150,10,15,PRODUCTION
EMP0026,ATTENDANCE_RATE,2025-10,95,78.26,82.38,20,16.48,ATTENDANCE
EMP0026,PUNCTUALITY,2025-10,90,66.67,74.07,10,7.41,ATTENDANCE
EMP0026,PRODUCTION_TARGET_ACHIEVEMENT,2025-10,100,110.41,110.41,30,33.12,PRODUCTION
EMP0026,QUALITY_RATE,2025-10,98,98.64,100.65,20,20.13,PRODUCTION
EMP0026,DEFECT_RATE,2025-10,2,1.36,146.62,10,14.66,PRODUCTION
EMP0026,SAFETY_INCIDENTS,2025-10,0,0,150,10,15,PRODUCTION
EMP0027,ATTENDANCE_RATE,2025-10,95,95.65,100.69,20,20.14,ATTENDANCE
EMP0027,PUNCTUALITY,2025-10,90,86.36,95.96,10,9.6,ATTENDANCE
EMP0027,PRODUCTION_TARGET_ACHIEVEMENT,2025-10,100,106.69,106.69,30,32.01,PRODUCTION
EMP0027,QUALITY_RATE,2025-10,98,98.63,100.64,20,20.13,PRODUCTION
EMP0027,DEFECT_RATE,2025-10,2,1.37,145.9,10,14.59,PRODUCTION
EMP0027,SAFETY_INCIDENTS,2025-10,0,0,150,10,15,PRODUCTION
EMP0028,ATTENDANCE_RATE,2025-10,95,95.65,100.69,20,20.14,ATTENDANCE
EMP0028,PUNCTUALITY,2025-10,90,72.73,80.81,10,8.08,ATTENDANCE
EMP0028,PRODUCTION_TARGET_ACHIEVEMENT,2025-10,100,76.07,76.07,30,22.82,PRODUCTION
EMP0028,QUALITY_RATE,2025-10,98,96.73,98.7,20,19.74,PRODUCTION
EMP0028,DEFECT_RATE,2025-10,2,3.27,61.1,10,6.11,PRODUCTION
EMP0028,SAFETY_INCIDENTS,2025-10,0,1,100,10,10,PRODUCTION
EMP0030,ATTENDANCE_RATE,2025-10,95,91.3,96.11,20,19.22,ATTENDANCE
EMP0030,PUNCTUALITY,2025-10,90,66.67,74.07,10,7.41,ATTENDANCE
EMP0030,PRODUCTION_TARGET_ACHIEVEMENT,2025-10,100,47.47,47.47,30,14.24,PRODUCTION
EMP0030,QUALITY_RATE,2025-10,98,93.86,95.77,20,19.15,PRODUCTION
EMP0030,DEFECT_RATE,2025-10,2,6.14,32.55,10,3.26,PRODUCTION
EMP0030,SAFETY_INCIDENTS,2025-10,0,0,150,10,15,PRODUCTION
EMP0031,ATTENDANCE_RATE,2025-10,95,100,105.26,20,21.05,ATTENDANCE
EMP0031,PUNCTUALITY,2025-10,90,95.65,106.28,10,10.63,ATTENDANCE
EMP0031,PRODUCTION_TARGET_ACHIEVEMENT,2025-10,100,72.32,72.32,30,21.7,PRODUCTION
EMP0031,QUALITY_RATE,2025-10,98,96.58,98.55,20,19.71,PRODUCTION
EMP0031,DEFECT_RATE,2025-10,2,3.42,58.41,10,5.84,PRODUCTION
EMP0031,SAFETY_INCIDENTS,2025-10,0,0,150,10,15,PRODUCTION
EMP0032,ATTENDANCE_RATE,2025-10,95,86.96,91.53,20,18.31,ATTENDANCE
EMP0032,PUNCTUALITY,2025-10,90,70,77.78,10,7.78,ATTENDANCE
EMP0032,PRODUCTION_TARGET_ACHIEVEMENT,2025-10,100,109.07,109.07,30,32.72,PRODUCTION
EMP0032,QUALITY_RATE,2025-10,98,98.58,100.59,20,20.12,PRODUCTION
EMP0032,DEFECT_RATE,2025-10,2,1.42,140.81,10,14.08,PRODUCTION
EMP0032,SAFETY_INCIDENTS,2025-10,0,0,150,10,15,PRODUCTION
EMP0033,ATTENDANCE_RATE,2025-10,95,78.26,82.38,20,16.48,ATTENDANCE
EMP0033,PUNCTUALITY,2025-10,90,55.56,61.73,10,6.17,ATTENDANCE
EMP0033,PRODUCTION_TARGET_ACHIEVEMENT,2025-10,100,81.01,81.01,30,24.3,PRODUCTION
EMP0033,QUALITY_RATE,2025-10,98,96.74,98.72,20,19.74,PRODUCTION
EMP0033,DEFECT_RATE,2025-10,2,3.26,61.41,10,6.14,PRODUCTION
EMP0033,SAFETY_INCIDENTS,2025-10,0,0,150,10,15,PRODUCTION
EMP0034,ATTENDANCE_RATE,2025-10,95,95.65,100.69,20,20.14,ATTENDANCE
EMP0034,PUNCTUALITY,2025-10,90,81.82,90.91,10,9.09,ATTENDANCE
EMP0034,PRODUCTION_TARGET_ACHIEVEMENT,2025-10,100,71.26,71.26,30,21.38,PRODUCTION
EMP0034,QUALITY_RATE,2025-10,98,96.65,98.62,20,19.72,PRODUCTION
EMP0034,DEFECT_RATE,2025-10,2,3.35,59.65,10,5.97,PRODUCTION
EMP0034,SAFETY_INCIDENTS,2025-10,0,0,150,10,15,PRODUCTION
EMP0035,ATTENDANCE_RATE,2025-10,95,82.61,86.96,20,17.39,ATTENDANCE
EMP0035,PUNCTUALITY,2025-10,90,78.95,87.72,10,8.77,ATTENDANCE
EMP0035,PRODUCTION_TARGET_ACHIEVEMENT,2025-10,100,54.37,54.37,30,16.31,PRODUCTION
EMP0035,QUALITY_RATE,2025-10,98,91.86,93.73,20,18.75,PRODUCTION
EMP0035,DEFECT_RATE,2025-10,2,8.14,24.56,10,2.46,PRODUCTION
EMP0035,SAFETY_INCIDENTS,2025-10,0,2,100,10,10,PRODUCTION
EMP0037,ATTENDANCE_RATE,2025-10,95,100,105.26,20,21.05,ATTENDANCE
EMP0037,PUNCTUALITY,2025-10,90,91.3,101.45,10,10.15,ATTENDANCE
EMP0037,PRODUCTION_TARGET_ACHIEVEMENT,2025-10,100,73.46,73.46,30,22.04,PRODUCTION
EMP0037,QUALITY_RATE,2025-10,98,97.65,99.64,20,19.93,PRODUCTION
EMP0037,DEFECT_RATE,2025-10,2,2.35,85.12,10,8.51,PRODUCTION
EMP0037,SAFETY_INCIDENTS,2025-10,0,0,150,10,15,PRODUCTION
EMP0038,ATTENDANCE_RATE,2025-10,95,82.61,86.96,20,17.39,ATTENDANCE
EMP0038,PUNCTUALITY,2025-10,90,73.68,81.87,10,8.19,ATTENDANCE
EMP0038,PRODUCTION_TARGET_ACHIEVEMENT,2025-10,100,71.21,71.21,30,21.36,PRODUCTION
EMP0038,QUALITY_RATE,2025-10,98,97.82,99.81,20,19.96,PRODUCTION
EMP0038,DEFECT_RATE,2025-10,2,2.18,91.6,10,9.16,PRODUCTION
EMP0038,SAFETY_INCIDENTS,2025-10,0,0,150,10,15,PRODUCTION
EMP0039,ATTENDANCE_RATE,2025-10,95,82.61,86.96,20,17.39,ATTENDANCE
EMP0039,PUNCTUALITY,2025-10,90,78.95,87.72,10,8.77,ATTENDANCE
EMP0039,PRODUCTION_TARGET_ACHIEVEMENT,2025-10,100,80.26,80.26,30,24.08,PRODUCTION
EMP0039,QUALITY_RATE,2025-10,98,96.83,98.81,20,19.76,PRODUCTION
EMP0039,DEFECT_RATE,2025-10,2,3.17,63.1,10,6.31,PRODUCTION
EMP0039,SAFETY_INCIDENTS,2025-10,0,0,150,10,15,PRODUCTION
EMP0040,ATTENDANCE_RATE,2025-10,95,78.26,82.38,20,16.48,ATTENDANCE
EMP0040,PUNCTUALITY,2025-10,90,66.67,74.07,10,7.41,ATTENDANCE
EMP0040,PRODUCTION_TARGET_ACHIEVEMENT,2025-10,100,77.93,77.93,30,23.38,PRODUCTION
EMP0040,QUALITY_RATE,2025-10,98,97.64,99.64,20,19.93,PRODUCTION
EMP0040,DEFECT_RATE,2025-10,2,2.36,84.91,10,8.49,PRODUCTION
EMP0040,SAFETY_INCIDENTS,2025-10,0,1,100,10,10,PRODUCTION
EMP0041,ATTENDANCE_RATE,2025-10,95,82.61,86.96,20,17.39,ATTENDANCE
EMP0041,PUNCTUALITY,2025-10,90,68.42,76.02,10,7.6,ATTENDANCE
EMP0041,PRODUCTION_TARGET_ACHIEVEMENT,2025-10,100,71.74,71.74,30,21.52,PRODUCTION
EMP0041,QUALITY_RATE,2025-10,98,96.79,98.77,20,19.75,PRODUCTION
EMP0041,DEFECT_RATE,2025-10,2,3.21,62.4,10,6.24,PRODUCTION
EMP0041,SAFETY_INCIDENTS,2025-10,0,0,150,10,15,PRODUCTION
EMP0042,ATTENDANCE_RATE,2025-10,95,82.61,86.96,20,17.39,ATTENDANCE
EMP0042,PUNCTUALITY,2025-10,90,47.37,52.63,10,5.26,ATTENDANCE
EMP0042,PRODUCTION_TARGET_ACHIEVEMENT,2025-10,100,71.29,71.29,30,21.39,PRODUCTION
EMP0042,QUALITY_RATE,2025-10,98,96.74,98.71,20,19.74,PRODUCTION
EMP0042,DEFECT_RATE,2025-10,2,3.26,61.33,10,6.13,PRODUCTION
EMP0042,SAFETY_INCIDENTS,2025-10,0,0,150,10,15,PRODUCTION
EMP0043,ATTENDANCE_RATE,2025-10,95,100,105.26,20,21.05,ATTENDANCE
EMP0043,PUNCTUALITY,2025-10,90,95.65,106.28,10,10.63,ATTENDANCE
EMP0043,PRODUCTION_TARGET_ACHIEVEMENT,2025-10,100,69.5,69.5,30,20.85,PRODUCTION
EMP0043,QUALITY_RATE,2025-10,98,96.71,98.69,20,19.74,PRODUCTION
EMP0043,DEFECT_RATE,2025-10,2,3.29,60.83,10,6.08,PRODUCTION
EMP0043,SAFETY_INCIDENTS,2025-10,0,0,150,10,15,PRODUCTION
EMP0044,ATTENDANCE_RATE,2025-10,95,86.96,91.53,20,18.31,ATTENDANCE
EMP0044,PUNCTUALITY,2025-10,90,70,77.78,10,7.78,ATTENDANCE
EMP0044,PRODUCTION_TARGET_ACHIEVEMENT,2025-10,100,118.11,118.11,30,35.43,PRODUCTION
EMP0044,QUALITY_RATE,2025-10,98,98.86,100.87,20,20.17,PRODUCTION
EMP0044,DEFECT_RATE,2025-10,2,1.14,150,10,15,PRODUCTION
EMP0044,SAFETY_INCIDENTS,2025-10,0,1,100,10,10,PRODUCTION
EMP0045,ATTENDANCE_RATE,2025-10,95,86.96,91.53,20,18.31,ATTENDANCE
EMP0045,PUNCTUALITY,2025-10,90,75,83.33,10,8.33,ATTENDANCE
EMP0045,PRODUCTION_TARGET_ACHIEVEMENT,2025-10,100,68.68,68.68,30,20.6,PRODUCTION
EMP0045,QUALITY_RATE,2025-10,98,96.65,98.63,20,19.73,PRODUCTION
EMP0045,DEFECT_RATE,2025-10,2,3.35,59.75,10,5.98,PRODUCTION
EMP0045,SAFETY_INCIDENTS,2025-10,0,0,150,10,15,PRODUCTION
EMP0046,ATTENDANCE_RATE,2025-10,95,86.96,91.53,20,18.31,ATTENDANCE
EMP0046,PUNCTUALITY,2025-10,90,90,100,10,10,ATTENDANCE
EMP0046,PRODUCTION_TARGET_ACHIEVEMENT,2025-10,100,48.3,48.3,30,14.49,PRODUCTION
EMP0046,QUALITY_RATE,2025-10,98,90.77,92.63,20,18.53,PRODUCTION
EMP0046,DEFECT_RATE,2025-10,2,9.23,21.68,10,2.17,PRODUCTION
EMP0046,SAFETY_INCIDENTS,2025-10,0,0,150,10,15,PRODUCTION
EMP0047,ATTENDANCE_RATE,2025-10,95,95.65,100.69,20,20.14,ATTENDANCE
EMP0047,PUNCTUALITY,2025-10,90,77.27,85.86,10,8.59,ATTENDANCE
EMP0047,PRODUCTION_TARGET_ACHIEVEMENT,2025-10,100,72.57,72.57,30,21.77,PRODUCTION
EMP0047,QUALITY_RATE,2025-10,98,96.95,98.93,20,19.79,PRODUCTION
EMP0047,DEFECT_RATE,2025-10,2,3.05,65.52,10,6.55,PRODUCTION
EMP0047,SAFETY_INCIDENTS,2025-10,0,0,150,10,15,PRODUCTION
EMP0049,ATTENDANCE_RATE,2025-10,95,95.65,100.69,15,15.1,ATTENDANCE
EMP0049,QUALITY_RATE,2025-10,98,0,0,25,0,PRODUCTION
EMP0049,DEFECT_RATE,2025-10,2,0,150,20,30,PRODUCTION
EMP0049,MANAGEMENT_EFFECTIVENESS,2025-10,90,49.01,54.45,40,21.78,MANUAL
EMP0050,ATTENDANCE_RATE,2025-10,95,100,105.26,20,21.05,ATTENDANCE
EMP0050,PUNCTUALITY,2025-10,90,65.22,72.46,15,10.87,ATTENDANCE
EMP0050,QUALITY_RATE,2025-10,98,0,0,35,0,PRODUCTION
EMP0050,DEFECT_RATE,2025-10,2,0,150,30,45,PRODUCTION
EMP0051,ATTENDANCE_RATE,2025-10,95,91.3,96.11,20,19.22,ATTENDANCE
EMP0051,PUNCTUALITY,2025-10,90,38.1,42.33,15,6.35,ATTENDANCE
EMP0051,QUALITY_RATE,2025-10,98,0,0,35,0,PRODUCTION
EMP0051,DEFECT_RATE,2025-10,2,0,150,30,45,PRODUCTION
EMP0052,ATTENDANCE_RATE,2025-10,95,95.65,100.69,20,20.14,ATTENDANCE
EMP0052,PUNCTUALITY,2025-10,90,86.36,95.96,15,14.39,ATTENDANCE
EMP0052,QUALITY_RATE,2025-10,98,0,0,35,0,PRODUCTION
EMP0052,DEFECT_RATE,2025-10,2,0,150,30,45,PRODUCTION
EMP0054,ATTENDANCE_RATE,2025-10,95,91.3,96.11,20,19.22,ATTENDANCE
EMP0054,PUNCTUALITY,2025-10,90,76.19,84.66,15,12.7,ATTENDANCE
EMP0054,QUALITY_RATE,2025-10,98,0,0,35,0,PRODUCTION
EMP0054,DEFECT_RATE,2025-10,2,0,150,30,45,PRODUCTION
EMP0055,ATTENDANCE_RATE,2025-10,95,95.65,100.69,20,20.14,ATTENDANCE
EMP0055,PUNCTUALITY,2025-10,90,77.27,85.86,15,12.88,ATTENDANCE
EMP0055,QUALITY_RATE,2025-10,98,0,0,35,0,PRODUCTION
EMP0055,DEFECT_RATE,2025-10,2,0,150,30,45,PRODUCTION
EMP0057,ATTENDANCE_RATE,2025-10,95,91.3,96.11,20,19.22,ATTENDANCE
EMP0057,PUNCTUALITY,2025-10,90,61.9,68.78,15,10.32,ATTENDANCE
EMP0057,QUALITY_RATE,2025-10,98,0,0,35,0,PRODUCTION
EMP0057,DEFECT_RATE,2025-10,2,0,150,30,45,PRODUCTION
EMP0059,ATTENDANCE_RATE,2025-10,95,78.26,82.38,20,16.48,ATTENDANCE
EMP0059,PUNCTUALITY,2025-10,90,44.44,49.38,15,7.41,ATTENDANCE
EMP0059,QUALITY_RATE,2025-10,98,0,0,35,0,PRODUCTION
EMP0059,DEFECT_RATE,2025-10,2,0,150,30,45,PRODUCTION
EMP0061,ATTENDANCE_RATE,2025-10,95,86.96,91.53,15,13.73,ATTENDANCE
EMP0061,TASK_COMPLETION_RATE,2025-10,95,72.42,76.23,25,19.06,MANUAL
EMP0061,COST_EFFICIENCY,2025-10,90,64.45,71.61,20,14.32,MANUAL
EMP0061,MANAGEMENT_EFFECTIVENESS,2025-10,90,70.69,78.54,40,31.42,MANUAL
EMP0062,ATTENDANCE_RATE,2025-10,95,82.61,86.96,30,26.09,ATTENDANCE
EMP0062,PUNCTUALITY,2025-10,90,52.63,58.48,20,11.7,ATTENDANCE
EMP0062,TASK_COMPLETION_RATE,2025-10,95,64.98,68.4,30,20.52,MANUAL
EMP0062,COST_EFFICIENCY,2025-10,90,64.15,71.28,20,14.26,MANUAL
EMP0063,ATTENDANCE_RATE,2025-10,95,95.65,100.69,30,30.21,ATTENDANCE
EMP0063,PUNCTUALITY,2025-10,90,68.18,75.76,20,15.15,ATTENDANCE
EMP0063,TASK_COMPLETION_RATE,2025-10,95,47.33,49.82,30,14.95,MANUAL
EMP0063,COST_EFFICIENCY,2025-10,90,46.75,51.94,20,10.39,MANUAL
EMP0064,ATTENDANCE_RATE,2025-10,95,91.3,96.11,30,28.83,ATTENDANCE
EMP0064,PUNCTUALITY,2025-10,90,61.9,68.78,20,13.76,ATTENDANCE
EMP0064,TASK_COMPLETION_RATE,2025-10,95,68.66,72.27,30,21.68,MANUAL
EMP0064,COST_EFFICIENCY,2025-10,90,65.04,72.27,20,14.45,MANUAL
EMP0065,ATTENDANCE_RATE,2025-10,95,95.65,100.69,30,30.21,ATTENDANCE
EMP0065,PUNCTUALITY,2025-10,90,77.27,85.86,20,17.17,ATTENDANCE
EMP0065,TASK_COMPLETION_RATE,2025-10,95,100,105.26,30,31.58,MANUAL
EMP0065,COST_EFFICIENCY,2025-10,90,88.07,97.85,20,19.57,MANUAL
EMP0066,ATTENDANCE_RATE,2025-10,95,73.91,77.8,30,23.34,ATTENDANCE
EMP0066,PUNCTUALITY,2025-10,90,64.71,71.9,20,14.38,ATTENDANCE
EMP0066,TASK_COMPLETION_RATE,2025-10,95,46.44,48.88,30,14.66,MANUAL
EMP0066,COST_EFFICIENCY,2025-10,90,45.4,50.44,20,10.09,MANUAL
EMP0067,ATTENDANCE_RATE,2025-10,95,100,105.26,30,31.58,ATTENDANCE
EMP0067,PUNCTUALITY,2025-10,90,95.65,106.28,20,21.26,ATTENDANCE
EMP0067,TASK_COMPLETION_RATE,2025-10,95,76.53,80.56,30,24.17,MANUAL
EMP0067,COST_EFFICIENCY,2025-10,90,68.4,76,20,15.2,MANUAL
EMP0068,ATTENDANCE_RATE,2025-10,95,91.3,96.11,30,28.83,ATTENDANCE
EMP0068,PUNCTUALITY,2025-10,90,66.67,74.07,20,14.81,ATTENDANCE
EMP0068,TASK_COMPLETION_RATE,2025-10,95,81.57,85.86,30,25.76,MANUAL
EMP0068,COST_EFFICIENCY,2025-10,90,69.26,76.95,20,15.39,MANUAL
EMP0069,ATTENDANCE_RATE,2025-10,95,82.61,86.96,30,26.09,ATTENDANCE
EMP0069,PUNCTUALITY,2025-10,90,84.21,93.57,20,18.71,ATTENDANCE
EMP0069,TASK_COMPLETION_RATE,2025-10,95,64.08,67.45,30,20.24,MANUAL
EMP0069,COST_EFFICIENCY,2025-10,90,66.46,73.84,20,14.77,MANUAL
EMP0070,ATTENDANCE_RATE,2025-10,95,86.96,91.53,30,27.46,ATTENDANCE
EMP0070,PUNCTUALITY,2025-10,90,75,83.33,20,16.67,ATTENDANCE
EMP0070,TASK_COMPLETION_RATE,2025-10,95,63.8,67.16,30,20.15,MANUAL
EMP0070,COST_EFFICIENCY,2025-10,90,68.99,76.65,20,15.33,MANUAL
EMP0071,ATTENDANCE_RATE,2025-10,95,91.3,96.11,15,14.42,ATTENDANCE
EMP0071,TASK_COMPLETION_RATE,2025-10,95,73.72,77.6,25,19.4,MANUAL
EMP0071,COST_EFFICIENCY,2025-10,90,71.28,79.2,20,15.84,MANUAL
EMP0071,MANAGEMENT_EFFECTIVENESS,2025-10,90,69.12,76.8,40,30.72,MANUAL
EMP0072,ATTENDANCE_RATE,2025-10,95,82.61,86.96,30,26.09,ATTENDANCE
EMP0072,PUNCTUALITY,2025-10,90,57.89,64.33,20,12.87,ATTENDANCE
EMP0072,TASK_COMPLETION_RATE,2025-10,95,48.34,50.88,35,17.81,MANUAL
EMP0072,COST_EFFICIENCY,2025-10,90,41.9,46.56,15,6.98,MANUAL
EMP0073,ATTENDANCE_RATE,2025-10,95,91.3,96.11,30,28.83,ATTENDANCE
EMP0073,PUNCTUALITY,2025-10,90,90.48,100.53,20,20.11,ATTENDANCE
EMP0073,TASK_COMPLETION_RATE,2025-10,95,67.69,71.25,35,24.94,MANUAL
EMP0073,COST_EFFICIENCY,2025-10,90,65.47,72.75,15,10.91,MANUAL
EMP0075,ATTENDANCE_RATE,2025-10,95,91.3,96.11,30,28.83,ATTENDANCE
EMP0075,PUNCTUALITY,2025-10,90,61.9,68.78,20,13.76,ATTENDANCE
EMP0075,TASK_COMPLETION_RATE,2025-10,95,65.19,68.62,35,24.02,MANUAL
EMP0075,COST_EFFICIENCY,2025-10,90,61.76,68.62,15,10.29,MANUAL
EMP0076,ATTENDANCE_RATE,2025-10,95,86.96,91.53,30,27.46,ATTENDANCE
EMP0076,PUNCTUALITY,2025-10,90,70,77.78,20,15.56,ATTENDANCE
EMP0076,TASK_COMPLETION_RATE,2025-10,95,66.58,70.08,35,24.53,MANUAL
EMP0076,COST_EFFICIENCY,2025-10,90,67.01,74.46,15,11.17,MANUAL
EMP0077,ATTENDANCE_RATE,2025-10,95,95.65,100.69,30,30.21,ATTENDANCE
EMP0077,PUNCTUALITY,2025-10,90,68.18,75.76,20,15.15,ATTENDANCE
EMP0077,TASK_COMPLETION_RATE,2025-10,95,66.1,69.58,35,24.35,MANUAL
EMP0077,COST_EFFICIENCY,2025-10,90,66.46,73.84,15,11.08,MANUAL
EMP0078,ATTENDANCE_RATE,2025-10,95,100,105.26,30,31.58,ATTENDANCE
EMP0078,PUNCTUALITY,2025-10,90,100,111.11,20,22.22,ATTENDANCE
EMP0078,TASK_COMPLETION_RATE,2025-10,95,66.5,70,35,24.5,MANUAL
EMP0078,COST_EFFICIENCY,2025-10,90,63.63,70.7,15,10.61,MANUAL
EMP0079,ATTENDANCE_RATE,2025-10,95,86.96,91.53,30,27.46,ATTENDANCE
EMP0079,PUNCTUALITY,2025-10,90,55,61.11,20,12.22,ATTENDANCE
EMP0079,TASK_COMPLETION_RATE,2025-10,95,70.45,74.16,35,25.96,MANUAL
EMP0079,COST_EFFICIENCY,2025-10,90,62.86,69.84,15,10.48,MANUAL
EMP0080,ATTENDANCE_RATE,2025-10,95,95.65,100.69,30,30.21,ATTENDANCE
EMP0080,PUNCTUALITY,2025-10,90,68.18,75.76,20,15.15,ATTENDANCE
EMP0080,TASK_COMPLETION_RATE,2025-10,95,96.67,101.76,35,35.62,MANUAL
EMP0080,COST_EFFICIENCY,2025-10,90,100,111.11,15,16.67,MANUAL
EMP0082,ATTENDANCE_RATE,2025-10,95,82.61,86.96,30,26.09,ATTENDANCE
EMP0082,PUNCTUALITY,2025-10,90,73.68,81.87,20,16.37,ATTENDANCE
EMP0082,TASK_COMPLETION_RATE,2025-10,95,81.79,86.1,35,30.14,MANUAL
EMP0082,COST_EFFICIENCY,2025-10,90,71.59,79.54,15,11.93,MANUAL
EMP0083,ATTENDANCE_RATE,2025-10,95,100,105.26,15,15.79,ATTENDANCE
EMP0083,TASK_COMPLETION_RATE,2025-10,95,74.3,78.21,35,27.37,MANUAL
EMP0083,MANAGEMENT_EFFECTIVENESS,2025-10,90,76.08,84.53,50,42.27,MANUAL
EMP0084,ATTENDANCE_RATE,2025-10,95,95.65,100.69,30,30.21,ATTENDANCE
EMP0084,PUNCTUALITY,2025-10,90,77.27,85.86,20,17.17,ATTENDANCE
EMP0084,TASK_COMPLETION_RATE,2025-10,95,65.89,69.36,50,34.68,MANUAL
EMP0085,ATTENDANCE_RATE,2025-10,95,86.96,91.53,30,27.46,ATTENDANCE
EMP0085,PUNCTUALITY,2025-10,90,75,83.33,20,16.67,ATTENDANCE
EMP0085,TASK_COMPLETION_RATE,2025-10,95,77.06,81.12,50,40.56,MANUAL
EMP0086,ATTENDANCE_RATE,2025-10,95,100,105.26,30,31.58,ATTENDANCE
EMP0086,PUNCTUALITY,2025-10,90,91.3,101.45,20,20.29,ATTENDANCE
EMP0086,TASK_COMPLETION_RATE,2025-10,95,65.25,68.68,50,34.34,MANUAL
EMP0087,ATTENDANCE_RATE,2025-10,95,91.3,96.11,30,28.83,ATTENDANCE
EMP0087,PUNCTUALITY,2025-10,90,71.43,79.37,20,15.87,ATTENDANCE
EMP0087,TASK_COMPLETION_RATE,2025-10,95,73.36,77.22,50,38.61,MANUAL
EMP0089,ATTENDANCE_RATE,2025-10,95,91.3,96.11,30,28.83,ATTENDANCE
EMP0089,PUNCTUALITY,2025-10,90,90.48,100.53,20,20.11,ATTENDANCE
EMP0089,TASK_COMPLETION_RATE,2025-10,95,62.73,66.03,50,33.02,MANUAL
EMP0091,ATTENDANCE_RATE,2025-10,95,78.26,82.38,10,8.24,ATTENDANCE
EMP0091,TASK_COMPLETION_RATE,2025-10,95,64.24,67.62,20,13.52,MANUAL
EMP0091,COST_EFFICIENCY,2025-10,90,59.62,66.24,25,16.56,MANUAL
EMP0091,MANAGEMENT_EFFECTIVENESS,2025-10,90,64.58,71.76,45,32.29,MANUAL
EMP0092,ATTENDANCE_RATE,2025-10,95,100,105.26,25,26.32,ATTENDANCE
EMP0092,PUNCTUALITY,2025-10,90,100,111.11,15,16.67,ATTENDANCE
EMP0092,TASK_COMPLETION_RATE,2025-10,95,63.61,66.96,30,20.09,MANUAL
EMP0092,COST_EFFICIENCY,2025-10,90,68.04,75.6,30,22.68,MANUAL
EMP0093,ATTENDANCE_RATE,2025-10,95,86.96,91.53,25,22.88,ATTENDANCE
EMP0093,PUNCTUALITY,2025-10,90,75,83.33,15,12.5,ATTENDANCE
EMP0093,TASK_COMPLETION_RATE,2025-10,95,70.76,74.48,30,22.34,MANUAL
EMP0093,COST_EFFICIENCY,2025-10,90,69.08,76.76,30,23.03,MANUAL
EMP0094,ATTENDANCE_RATE,2025-10,95,86.96,91.53,25,22.88,ATTENDANCE
EMP0094,PUNCTUALITY,2025-10,90,80,88.89,15,13.33,ATTENDANCE
EMP0094,TASK_COMPLETION_RATE,2025-10,95,65.43,68.87,30,20.66,MANUAL
EMP0094,COST_EFFICIENCY,2025-10,90,61.34,68.16,30,20.45,MANUAL
EMP0095,ATTENDANCE_RATE,2025-10,95,100,105.26,25,26.32,ATTENDANCE
EMP0095,PUNCTUALITY,2025-10,90,86.96,96.62,15,14.49,ATTENDANCE
EMP0095,TASK_COMPLETION_RATE,2025-10,95,71.16,74.9,30,22.47,MANUAL
EMP0095,COST_EFFICIENCY,2025-10,90,67.41,74.9,30,22.47,MANUAL
EMP0096,ATTENDANCE_RATE,2025-10,95,69.57,73.23,25,18.31,ATTENDANCE
EMP0096,PUNCTUALITY,2025-10,90,56.25,62.5,15,9.38,ATTENDANCE
EMP0096,TASK_COMPLETION_RATE,2025-10,95,94.05,99,30,29.7,MANUAL
EMP0096,COST_EFFICIENCY,2025-10,90,96.3,107,30,32.1,MANUAL
EMP0097,ATTENDANCE_RATE,2025-10,95,91.3,96.11,25,24.03,ATTENDANCE
EMP0097,PUNCTUALITY,2025-10,90,76.19,84.66,15,12.7,ATTENDANCE
EMP0097,TASK_COMPLETION_RATE,2025-10,95,100,105.26,30,31.58,MANUAL
EMP0097,COST_EFFICIENCY,2025-10,90,95.48,106.09,30,31.83,MANUAL
EMP0098,ATTENDANCE_RATE,2025-10,95,91.3,96.11,25,24.03,ATTENDANCE
EMP0098,PUNCTUALITY,2025-10,90,100,111.11,15,16.67,ATTENDANCE
EMP0098,TASK_COMPLETION_RATE,2025-10,95,83.58,87.98,30,26.39,MANUAL
EMP0098,COST_EFFICIENCY,2025-10,90,77.69,86.32,30,25.9,MANUAL
EMP0100,ATTENDANCE_RATE,2025-10,95,95.65,100.69,25,25.17,ATTENDANCE
EMP0100,PUNCTUALITY,2025-10,90,72.73,80.81,15,12.12,ATTENDANCE
EMP0100,TASK_COMPLETION_RATE,2025-10,95,40.3,42.42,30,12.73,MANUAL
EMP0100,COST_EFFICIENCY,2025-10,90,35.91,39.9,30,11.97,MANUAL
EMP0001,ATTENDANCE_RATE,2025-11,95,100,105.26,10,10.53,ATTENDANCE
EMP0001,MANAGEMENT_EFFECTIVENESS,2025-11,90,64.45,71.61,90,64.45,MANUAL
EMP0002,ATTENDANCE_RATE,2025-11,95,80,84.21,15,12.63,ATTENDANCE
EMP0002,TASK_COMPLETION_RATE,2025-11,95,75.1,79.05,35,27.67,MANUAL
EMP0002,MANAGEMENT_EFFECTIVENESS,2025-11,90,81.09,90.1,50,45.05,MANUAL
EMP0003,ATTENDANCE_RATE,2025-11,95,75,78.95,35,27.63,ATTENDANCE
EMP0003,PUNCTUALITY,2025-11,90,73.33,81.48,25,20.37,ATTENDANCE
EMP0003,TASK_COMPLETION_RATE,2025-11,95,89.35,94.05,40,37.62,MANUAL
EMP0004,ATTENDANCE_RATE,2025-11,95,100,105.26,35,36.84,ATTENDANCE
EMP0004,PUNCTUALITY,2025-11,90,100,111.11,25,27.78,ATTENDANCE
EMP0004,TASK_COMPLETION_RATE,2025-11,95,78.85,83,40,33.2,MANUAL
EMP0005,ATTENDANCE_RATE,2025-11,95,85,89.47,35,31.31,ATTENDANCE
EMP0005,PUNCTUALITY,2025-11,90,64.71,71.9,25,17.98,ATTENDANCE
EMP0005,TASK_COMPLETION_RATE,2025-11,95,78.68,82.82,40,33.13,MANUAL
EMP0007,ATTENDANCE_RATE,2025-11,95,95,100,35,35,ATTENDANCE
EMP0007,PUNCTUALITY,2025-11,90,94.74,105.26,25,26.32,ATTENDANCE
EMP0007,TASK_COMPLETION_RATE,2025-11,95,100,105.26,40,42.1,MANUAL
EMP0008,ATTENDANCE_RATE,2025-11,95,90,94.74,35,33.16,ATTENDANCE
EMP0008,PUNCTUALITY,2025-11,90,66.67,74.07,25,18.52,ATTENDANCE
EMP0008,TASK_COMPLETION_RATE,2025-11,95,78.8,82.95,40,33.18,MANUAL
EMP0009,ATTENDANCE_RATE,2025-11,95,95,100,15,15,ATTENDANCE
EMP0009,PRODUCTION_TARGET_ACHIEVEMENT,2025-11,100,82.82,82.82,25,20.71,PRODUCTION
EMP0009,QUALITY_RATE,2025-11,98,95.58,97.53,15,14.63,PRODUCTION
EMP0009,DEFECT_RATE,2025-11,2,4.42,45.23,10,4.52,PRODUCTION
EMP0009,SAFETY_INCIDENTS,2025-11,0,0,150,10,15,PRODUCTION
EMP0009,MANAGEMENT_EFFECTIVENESS,2025-11,90,55.33,61.48,25,15.37,MANUAL
EMP0010,ATTENDANCE_RATE,2025-11,95,85,89.47,20,17.89,ATTENDANCE
EMP0010,PUNCTUALITY,2025-11,90,76.47,84.97,10,8.5,ATTENDANCE
EMP0010,PRODUCTION_TARGET_ACHIEVEMENT,2025-11,100,55.65,55.65,30,16.7,PRODUCTION
EMP0010,QUALITY_RATE,2025-11,98,89.69,91.52,20,18.3,PRODUCTION
EMP0010,DEFECT_RATE,2025-11,2,10.31,19.39,10,1.94,PRODUCTION
EMP0010,SAFETY_INCIDENTS,2025-11,0,0,150,10,15,PRODUCTION
EMP0011,ATTENDANCE_RATE,2025-11,95,90,94.74,20,18.95,ATTENDANCE
EMP0011,PUNCTUALITY,2025-11,90,72.22,80.25,10,8.03,ATTENDANCE
EMP0011,PRODUCTION_TARGET_ACHIEVEMENT,2025-11,100,77.52,77.52,30,23.26,PRODUCTION
EMP0011,QUALITY_RATE,2025-11,98,97.83,99.83,20,19.97,PRODUCTION
EMP0011,DEFECT_RATE,2025-11,2,2.17,92.36,10,9.24,PRODUCTION
EMP0011,SAFETY_INCIDENTS,2025-11,0,0,150,10,15,PRODUCTION
EMP0012,ATTENDANCE_RATE,2025-11,95,95,100,20,20,ATTENDANCE
EMP0012,PUNCTUALITY,2025-11,90,63.16,70.18,10,7.02,ATTENDANCE
EMP0012,PRODUCTION_TARGET_ACHIEVEMENT,2025-11,100,73.89,73.89,30,22.17,PRODUCTION
EMP0012,QUALITY_RATE,2025-11,98,97.8,99.79,20,19.96,PRODUCTION
EMP0012,DEFECT_RATE,2025-11,2,2.2,90.76,10,9.08,PRODUCTION
EMP0012,SAFETY_INCIDENTS,2025-11,0,1,100,10,10,PRODUCTION
EMP0013,ATTENDANCE_RATE,2025-11,95,100,105.26,20,21.05,ATTENDANCE
EMP0013,PUNCTUALITY,2025-11,90,75,83.33,10,8.33,ATTENDANCE
EMP0013,PRODUCTION_TARGET_ACHIEVEMENT,2025-11,100,99.55,99.55,30,29.87,PRODUCTION
EMP0013,QUALITY_RATE,2025-11,98,99.8,101.83,20,20.37,PRODUCTION
EMP0013,DEFECT_RATE,2025-11,2,0.2,150,10,15,PRODUCTION
EMP0013,SAFETY_INCIDENTS,2025-11,0,0,150,10,15,PRODUCTION
EMP0014,ATTENDANCE_RATE,2025-11,95,75,78.95,20,15.79,ATTENDANCE
EMP0014,PUNCTUALITY,2025-11,90,73.33,81.48,10,8.15,ATTENDANCE
EMP0014,PRODUCTION_TARGET_ACHIEVEMENT,2025-11,100,74.05,74.05,30,22.22,PRODUCTION
EMP0014,QUALITY_RATE,2025-11,98,95.8,97.75,20,19.55,PRODUCTION
EMP0014,DEFECT_RATE,2025-11,2,4.2,47.58,10,4.76,PRODUCTION
EMP0014,SAFETY_INCIDENTS,2025-11,0,0,150,10,15,PRODUCTION
EMP0015,ATTENDANCE_RATE,2025-11,95,100,105.26,20,21.05,ATTENDANCE
EMP0015,PUNCTUALITY,2025-11,90,60,66.67,10,6.67,ATTENDANCE
EMP0015,PRODUCTION_TARGET_ACHIEVEMENT,2025-11,100,73.14,73.14,30,21.94,PRODUCTION
EMP0015,QUALITY_RATE,2025-11,98,96.62,98.59,20,19.72,PRODUCTION
EMP0015,DEFECT_RATE,2025-11,2,3.38,59.22,10,5.92,PRODUCTION
EMP0015,SAFETY_INCIDENTS,2025-11,0,0,150,10,15,PRODUCTION
EMP0016,ATTENDANCE_RATE,2025-11,95,85,89.47,20,17.89,ATTENDANCE
EMP0016,PUNCTUALITY,2025-11,90,82.35,91.5,10,9.15,ATTENDANCE
EMP0016,PRODUCTION_TARGET_ACHIEVEMENT,2025-11,100,69.71,69.71,30,20.91,PRODUCTION
EMP0016,QUALITY_RATE,2025-11,98,96.84,98.81,20,19.76,PRODUCTION
EMP0016,DEFECT_RATE,2025-11,2,3.16,63.26,10,6.33,PRODUCTION
EMP0016,SAFETY_INCIDENTS,2025-11,0,1,100,10,10,PRODUCTION
EMP0017,ATTENDANCE_RATE,2025-11,95,85,89.47,20,17.89,ATTENDANCE
EMP0017,PUNCTUALITY,2025-11,90,76.47,84.97,10,8.5,ATTENDANCE
EMP0017,PRODUCTION_TARGET_ACHIEVEMENT,2025-11,100,76.07,76.07,30,22.82,PRODUCTION
EMP0017,QUALITY_RATE,2025-11,98,95.51,97.46,20,19.49,PRODUCTION
EMP0017,DEFECT_RATE,2025-11,2,4.49,44.58,10,4.46,PRODUCTION
EMP0017,SAFETY_INCIDENTS,2025-11,0,0,150,10,15,PRODUCTION
EMP0018,ATTENDANCE_RATE,2025-11,95,85,89.47,20,17.89,ATTENDANCE
EMP0018,PUNCTUALITY,2025-11,90,94.12,104.58,10,10.46,ATTENDANCE
EMP0018,PRODUCTION_TARGET_ACHIEVEMENT,2025-11,100,63.34,63.34,30,19,PRODUCTION
EMP0018,QUALITY_RATE,2025-11,98,95.64,97.59,20,19.52,PRODUCTION
EMP0018,DEFECT_RATE,2025-11,2,4.36,45.88,10,4.59,PRODUCTION
EMP0018,SAFETY_INCIDENTS,2025-11,0,0,150,10,15,PRODUCTION
EMP0019,ATTENDANCE_RATE,2025-11,95,100,105.26,20,21.05,ATTENDANCE
EMP0019,PUNCTUALITY,2025-11,90,100,111.11,10,11.11,ATTENDANCE
EMP0019,PRODUCTION_TARGET_ACHIEVEMENT,2025-11,100,78.33,78.33,30,23.5,PRODUCTION
EMP0019,QUALITY_RATE,2025-11,98,96.38,98.35,20,19.67,PRODUCTION
EMP0019,DEFECT_RATE,2025-11,2,3.62,55.3,10,5.53,PRODUCTION
EMP0019,SAFETY_INCIDENTS,2025-11,0,0,150,10,15,PRODUCTION
EMP0020,ATTENDANCE_RATE,2025-11,95,95,100,20,20,ATTENDANCE
EMP0020,PUNCTUALITY,2025-11,90,94.74,105.26,10,10.53,ATTENDANCE
EMP0020,PRODUCTION_TARGET_ACHIEVEMENT,2025-11,100,67.44,67.44,30,20.23,PRODUCTION
EMP0020,QUALITY_RATE,2025-11,98,96.67,98.64,20,19.73,PRODUCTION
EMP0020,DEFECT_RATE,2025-11,2,3.33,60,10,6,PRODUCTION
EMP0020,SAFETY_INCIDENTS,2025-11,0,1,100,10,10,PRODUCTION
EMP0022,ATTENDANCE_RATE,2025-11,95,100,105.26,20,21.05,ATTENDANCE
EMP0022,PUNCTUALITY,2025-11,90,95,105.56,10,10.56,ATTENDANCE
EMP0022,PRODUCTION_TARGET_ACHIEVEMENT,2025-11,100,65.18,65.18,30,19.55,PRODUCTION
EMP0022,QUALITY_RATE,2025-11,98,96.45,98.42,20,19.68,PRODUCTION
EMP0022,DEFECT_RATE,2025-11,2,3.55,56.39,10,5.64,PRODUCTION
EMP0022,SAFETY_INCIDENTS,2025-11,0,0,150,10,15,PRODUCTION
EMP0023,ATTENDANCE_RATE,2025-11,95,80,84.21,20,16.84,ATTENDANCE
EMP0023,PUNCTUALITY,2025-11,90,81.25,90.28,10,9.03,ATTENDANCE
EMP0023,PRODUCTION_TARGET_ACHIEVEMENT,2025-11,100,114.07,114.07,30,34.22,PRODUCTION
EMP0023,QUALITY_RATE,2025-11,98,99.63,101.66,20,20.33,PRODUCTION
EMP0023,DEFECT_RATE,2025-11,2,0.37,150,10,15,PRODUCTION
EMP0023,SAFETY_INCIDENTS,2025-11,0,0,150,10,15,PRODUCTION
EMP0024,ATTENDANCE_RATE,2025-11,95,100,105.26,20,21.05,ATTENDANCE
EMP0024,PUNCTUALITY,2025-11,90,100,111.11,10,11.11,ATTENDANCE
EMP0024,PRODUCTION_TARGET_ACHIEVEMENT,2025-11,100,74.71,74.71,30,22.41,PRODUCTION
EMP0024,QUALITY_RATE,2025-11,98,95.53,97.48,20,19.5,PRODUCTION
EMP0024,DEFECT_RATE,2025-11,2,4.47,44.77,10,4.48,PRODUCTION
EMP0024,SAFETY_INCIDENTS,2025-11,0,0,150,10,15,PRODUCTION
EMP0025,ATTENDANCE_RATE,2025-11,95,95,100,20,20,ATTENDANCE
EMP0025,PUNCTUALITY,2025-11,90,78.95,87.72,10,8.77,ATTENDANCE
EMP0025,PRODUCTION_TARGET_ACHIEVEMENT,2025-11,100,73.69,73.69,30,22.11,PRODUCTION
EMP0025,QUALITY_RATE,2025-11,98,95.73,97.68,20,19.54,PRODUCTION
EMP0025,DEFECT_RATE,2025-11,2,4.27,46.85,10,4.68,PRODUCTION
EMP0025,SAFETY_INCIDENTS,2025-11,0,1,100,10,10,PRODUCTION
EMP0026,ATTENDANCE_RATE,2025-11,95,85,89.47,20,17.89,ATTENDANCE
EMP0026,PUNCTUALITY,2025-11,90,76.47,84.97,10,8.5,ATTENDANCE
EMP0026,PRODUCTION_TARGET_ACHIEVEMENT,2025-11,100,108.89,108.89,30,32.67,PRODUCTION
EMP0026,QUALITY_RATE,2025-11,98,98.67,100.69,20,20.14,PRODUCTION
EMP0026,DEFECT_RATE,2025-11,2,1.33,150,10,15,PRODUCTION
EMP0026,SAFETY_INCIDENTS,2025-11,0,0,150,10,15,PRODUCTION
EMP0027,ATTENDANCE_RATE,2025-11,95,95,100,20,20,ATTENDANCE
EMP0027,PUNCTUALITY,2025-11,90,78.95,87.72,10,8.77,ATTENDANCE
EMP0027,PRODUCTION_TARGET_ACHIEVEMENT,2025-11,100,107.3,107.3,30,32.19,PRODUCTION
EMP0027,QUALITY_RATE,2025-11,98,98.8,100.81,20,20.16,PRODUCTION
EMP0027,DEFECT_RATE,2025-11,2,1.2,150,10,15,PRODUCTION
EMP0027,SAFETY_INCIDENTS,2025-11,0,1,100,10,10,PRODUCTION
EMP0028,ATTENDANCE_RATE,2025-11,95,85,89.47,20,17.89,ATTENDANCE
EMP0028,PUNCTUALITY,2025-11,90,70.59,78.43,10,7.84,ATTENDANCE
EMP0028,PRODUCTION_TARGET_ACHIEVEMENT,2025-11,100,76.35,76.35,30,22.91,PRODUCTION
EMP0028,QUALITY_RATE,2025-11,98,96.47,98.44,20,19.69,PRODUCTION
EMP0028,DEFECT_RATE,2025-11,2,3.53,56.61,10,5.66,PRODUCTION
EMP0028,SAFETY_INCIDENTS,2025-11,0,1,100,10,10,PRODUCTION
EMP0030,ATTENDANCE_RATE,2025-11,95,85,89.47,20,17.89,ATTENDANCE
EMP0030,PUNCTUALITY,2025-11,90,82.35,91.5,10,9.15,ATTENDANCE
EMP0030,PRODUCTION_TARGET_ACHIEVEMENT,2025-11,100,48.23,48.23,30,14.47,PRODUCTION
EMP0030,QUALITY_RATE,2025-11,98,93.67,95.58,20,19.12,PRODUCTION
EMP0030,DEFECT_RATE,2025-11,2,6.33,31.59,10,3.16,PRODUCTION
EMP0030,SAFETY_INCIDENTS,2025-11,0,0,150,10,15,PRODUCTION
EMP0031,ATTENDANCE_RATE,2025-11,95,100,105.26,20,21.05,ATTENDANCE
EMP0031,PUNCTUALITY,2025-11,90,95,105.56,10,10.56,ATTENDANCE
EMP0031,PRODUCTION_TARGET_ACHIEVEMENT,2025-11,100,72.12,72.12,30,21.64,PRODUCTION
EMP0031,QUALITY_RATE,2025-11,98,96.52,98.49,20,19.7,PRODUCTION
EMP0031,DEFECT_RATE,2025-11,2,3.48,57.48,10,5.75,PRODUCTION
EMP0031,SAFETY_INCIDENTS,2025-11,0,0,150,10,15,PRODUCTION
EMP0032,ATTENDANCE_RATE,2025-11,95,90,94.74,20,18.95,ATTENDANCE
EMP0032,PUNCTUALITY,2025-11,90,94.44,104.94,10,10.49,ATTENDANCE
EMP0032,PRODUCTION_TARGET_ACHIEVEMENT,2025-11,100,108.73,108.73,30,32.62,PRODUCTION
EMP0032,QUALITY_RATE,2025-11,98,98.86,100.88,20,20.18,PRODUCTION
EMP0032,DEFECT_RATE,2025-11,2,1.14,150,10,15,PRODUCTION
EMP0032,SAFETY_INCIDENTS,2025-11,0,0,150,10,15,PRODUCTION
EMP0033,ATTENDANCE_RATE,2025-11,95,90,94.74,20,18.95,ATTENDANCE
EMP0033,PUNCTUALITY,2025-11,90,72.22,80.25,10,8.03,ATTENDANCE
EMP0033,PRODUCTION_TARGET_ACHIEVEMENT,2025-11,100,83.57,83.57,30,25.07,PRODUCTION
EMP0033,QUALITY_RATE,2025-11,98,96.82,98.79,20,19.76,PRODUCTION
EMP0033,DEFECT_RATE,2025-11,2,3.18,62.8,10,6.28,PRODUCTION
EMP0033,SAFETY_INCIDENTS,2025-11,0,0,150,10,15,PRODUCTION
EMP0034,ATTENDANCE_RATE,2025-11,95,85,89.47,20,17.89,ATTENDANCE
EMP0034,PUNCTUALITY,2025-11,90,70.59,78.43,10,7.84,ATTENDANCE
EMP0034,PRODUCTION_TARGET_ACHIEVEMENT,2025-11,100,73.39,73.39,30,22.02,PRODUCTION
EMP0034,QUALITY_RATE,2025-11,98,96.58,98.55,20,19.71,PRODUCTION
EMP0034,DEFECT_RATE,2025-11,2,3.42,58.41,10,5.84,PRODUCTION
EMP0034,SAFETY_INCIDENTS,2025-11,0,0,150,10,15,PRODUCTION
EMP0035,ATTENDANCE_RATE,2025-11,95,100,105.26,20,21.05,ATTENDANCE
EMP0035,PUNCTUALITY,2025-11,90,90,100,10,10,ATTENDANCE
EMP0035,PRODUCTION_TARGET_ACHIEVEMENT,2025-11,100,52.61,52.61,30,15.78,PRODUCTION
EMP0035,QUALITY_RATE,2025-11,98,91.45,93.32,20,18.66,PRODUCTION
EMP0035,DEFECT_RATE,2025-11,2,8.55,23.39,10,2.34,PRODUCTION
EMP0035,SAFETY_INCIDENTS,2025-11,0,0,150,10,15,PRODUCTION
EMP0037,ATTENDANCE_RATE,2025-11,95,100,105.26,20,21.05,ATTENDANCE
EMP0037,PUNCTUALITY,2025-11,90,95,105.56,10,10.56,ATTENDANCE
EMP0037,PRODUCTION_TARGET_ACHIEVEMENT,2025-11,100,73.65,73.65,30,22.1,PRODUCTION
EMP0037,QUALITY_RATE,2025-11,98,97.27,99.26,20,19.85,PRODUCTION
EMP0037,DEFECT_RATE,2025-11,2,2.73,73.26,10,7.33,PRODUCTION
EMP0037,SAFETY_INCIDENTS,2025-11,0,1,100,10,10,PRODUCTION
EMP0038,ATTENDANCE_RATE,2025-11,95,85,89.47,20,17.89,ATTENDANCE
EMP0038,PUNCTUALITY,2025-11,90,64.71,71.9,10,7.19,ATTENDANCE
EMP0038,PRODUCTION_TARGET_ACHIEVEMENT,2025-11,100,72.59,72.59,30,21.78,PRODUCTION
EMP0038,QUALITY_RATE,2025-11,98,97.4,99.39,20,19.88,PRODUCTION
EMP0038,DEFECT_RATE,2025-11,2,2.6,76.88,10,7.69,PRODUCTION
EMP0038,SAFETY_INCIDENTS,2025-11,0,0,150,10,15,PRODUCTION
EMP0039,ATTENDANCE_RATE,2025-11,95,90,94.74,20,18.95,ATTENDANCE
EMP0039,PUNCTUALITY,2025-11,90,72.22,80.25,10,8.03,ATTENDANCE
EMP0039,PRODUCTION_TARGET_ACHIEVEMENT,2025-11,100,78.87,78.87,30,23.66,PRODUCTION
EMP0039,QUALITY_RATE,2025-11,98,96.46,98.42,20,19.68,PRODUCTION
EMP0039,DEFECT_RATE,2025-11,2,3.54,56.43,10,5.64,PRODUCTION
EMP0039,SAFETY_INCIDENTS,2025-11,0,0,150,10,15,PRODUCTION
EMP0040,ATTENDANCE_RATE,2025-11,95,90,94.74,20,18.95,ATTENDANCE
EMP0040,PUNCTUALITY,2025-11,90,44.44,49.38,10,4.94,ATTENDANCE
EMP0040,PRODUCTION_TARGET_ACHIEVEMENT,2025-11,100,77.48,77.48,30,23.24,PRODUCTION
EMP0040,QUALITY_RATE,2025-11,98,97.63,99.62,20,19.92,PRODUCTION
EMP0040,DEFECT_RATE,2025-11,2,2.37,84.24,10,8.42,PRODUCTION
EMP0040,SAFETY_INCIDENTS,2025-11,0,0,150,10,15,PRODUCTION
EMP0041,ATTENDANCE_RATE,2025-11,95,85,89.47,20,17.89,ATTENDANCE
EMP0041,PUNCTUALITY,2025-11,90,76.47,84.97,10,8.5,ATTENDANCE
EMP0041,PRODUCTION_TARGET_ACHIEVEMENT,2025-11,100,73.65,73.65,30,22.1,PRODUCTION
EMP0041,QUALITY_RATE,2025-11,98,96.73,98.71,20,19.74,PRODUCTION
EMP0041,DEFECT_RATE,2025-11,2,3.27,61.25,10,6.13,PRODUCTION
EMP0041,SAFETY_INCIDENTS,2025-11,0,0,150,10,15,PRODUCTION
EMP0042,ATTENDANCE_RATE,2025-11,95,85,89.47,20,17.89,ATTENDANCE
EMP0042,PUNCTUALITY,2025-11,90,52.94,58.82,10,5.88,ATTENDANCE
EMP0042,PRODUCTION_TARGET_ACHIEVEMENT,2025-11,100,69.93,69.93,30,20.98,PRODUCTION
EMP0042,QUALITY_RATE,2025-11,98,96.9,98.87,20,19.77,PRODUCTION
EMP0042,DEFECT_RATE,2025-11,2,3.1,64.43,10,6.44,PRODUCTION
EMP0042,SAFETY_INCIDENTS,2025-11,0,0,150,10,15,PRODUCTION
EMP0043,ATTENDANCE_RATE,2025-11,95,95,100,20,20,ATTENDANCE
EMP0043,PUNCTUALITY,2025-11,90,100,111.11,10,11.11,ATTENDANCE
EMP0043,PRODUCTION_TARGET_ACHIEVEMENT,2025-11,100,69.06,69.06,30,20.72,PRODUCTION
EMP0043,QUALITY_RATE,2025-11,98,96.81,98.78,20,19.76,PRODUCTION
EMP0043,DEFECT_RATE,2025-11,2,3.19,62.61,10,6.26,PRODUCTION
EMP0043,SAFETY_INCIDENTS,2025-11,0,0,150,10,15,PRODUCTION
EMP0044,ATTENDANCE_RATE,2025-11,95,100,105.26,20,21.05,ATTENDANCE
EMP0044,PUNCTUALITY,2025-11,90,80,88.89,10,8.89,ATTENDANCE
EMP0044,PRODUCTION_TARGET_ACHIEVEMENT,2025-11,100,114.6,114.6,30,34.38,PRODUCTION
EMP0044,QUALITY_RATE,2025-11,98,98.7,100.72,20,20.14,PRODUCTION
EMP0044,DEFECT_RATE,2025-11,2,1.3,150,10,15,PRODUCTION
EMP0044,SAFETY_INCIDENTS,2025-11,0,0,150,10,15,PRODUCTION
EMP0045,ATTENDANCE_RATE,2025-11,95,85,89.47,20,17.89,ATTENDANCE
EMP0045,PUNCTUALITY,2025-11,90,70.59,78.43,10,7.84,ATTENDANCE
EMP0045,PRODUCTION_TARGET_ACHIEVEMENT,2025-11,100,67.62,67.62,30,20.29,PRODUCTION
EMP0045,QUALITY_RATE,2025-11,98,96.64,98.61,20,19.72,PRODUCTION
EMP0045,DEFECT_RATE,2025-11,2,3.36,59.56,10,5.96,PRODUCTION
EMP0045,SAFETY_INCIDENTS,2025-11,0,0,150,10,15,PRODUCTION
EMP0046,ATTENDANCE_RATE,2025-11,95,100,105.26,20,21.05,ATTENDANCE
EMP0046,PUNCTUALITY,2025-11,90,100,111.11,10,11.11,ATTENDANCE
EMP0046,PRODUCTION_TARGET_ACHIEVEMENT,2025-11,100,47.58,47.58,30,14.27,PRODUCTION
EMP0046,QUALITY_RATE,2025-11,98,90.77,92.62,20,18.52,PRODUCTION
EMP0046,DEFECT_RATE,2025-11,2,9.23,21.67,10,2.17,PRODUCTION
EMP0046,SAFETY_INCIDENTS,2025-11,0,0,150,10,15,PRODUCTION
EMP0047,ATTENDANCE_RATE,2025-11,95,85,89.47,20,17.89,ATTENDANCE
EMP0047,PUNCTUALITY,2025-11,90,82.35,91.5,10,9.15,ATTENDANCE
EMP0047,PRODUCTION_TARGET_ACHIEVEMENT,2025-11,100,73.86,73.86,30,22.16,PRODUCTION
EMP0047,QUALITY_RATE,2025-11,98,96.75,98.73,20,19.75,PRODUCTION
EMP0047,DEFECT_RATE,2025-11,2,3.25,61.59,10,6.16,PRODUCTION
EMP0047,SAFETY_INCIDENTS,2025-11,0,0,150,10,15,PRODUCTION
EMP0049,ATTENDANCE_RATE,2025-11,95,95,100,15,15,ATTENDANCE
EMP0049,QUALITY_RATE,2025-11,98,0,0,25,0,PRODUCTION
EMP0049,DEFECT_RATE,2025-11,2,0,150,20,30,PRODUCTION
EMP0049,MANAGEMENT_EFFECTIVENESS,2025-11,90,49.5,55,40,22,MANUAL
EMP0050,ATTENDANCE_RATE,2025-11,95,90,94.74,20,18.95,ATTENDANCE
EMP0050,PUNCTUALITY,2025-11,90,61.11,67.9,15,10.19,ATTENDANCE
EMP0050,QUALITY_RATE,2025-11,98,0,0,35,0,PRODUCTION
EMP0050,DEFECT_RATE,2025-11,2,0,150,30,45,PRODUCTION
EMP0051,ATTENDANCE_RATE,2025-11,95,80,84.21,20,16.84,ATTENDANCE
EMP0051,PUNCTUALITY,2025-11,90,56.25,62.5,15,9.38,ATTENDANCE
EMP0051,QUALITY_RATE,2025-11,98,0,0,35,0,PRODUCTION
EMP0051,DEFECT_RATE,2025-11,2,0,150,30,45,PRODUCTION
EMP0052,ATTENDANCE_RATE,2025-11,95,75,78.95,20,15.79,ATTENDANCE
EMP0052,PUNCTUALITY,2025-11,90,73.33,81.48,15,12.22,ATTENDANCE
EMP0052,QUALITY_RATE,2025-11,98,0,0,35,0,PRODUCTION
EMP0052,DEFECT_RATE,2025-11,2,0,150,30,45,PRODUCTION
EMP0054,ATTENDANCE_RATE,2025-11,95,90,94.74,20,18.95,ATTENDANCE
EMP0054,PUNCTUALITY,2025-11,90,72.22,80.25,15,12.04,ATTENDANCE
EMP0054,QUALITY_RATE,2025-11,98,0,0,35,0,PRODUCTION
EMP0054,DEFECT_RATE,2025-11,2,0,150,30,45,PRODUCTION
EMP0055,ATTENDANCE_RATE,2025-11,95,90,94.74,20,18.95,ATTENDANCE
EMP0055,PUNCTUALITY,2025-11,90,72.22,80.25,15,12.04,ATTENDANCE
EMP0055,QUALITY_RATE,2025-11,98,0,0,35,0,PRODUCTION
EMP0055,DEFECT_RATE,2025-11,2,0,150,30,45,PRODUCTION
EMP0057,ATTENDANCE_RATE,2025-11,95,90,94.74,20,18.95,ATTENDANCE
EMP0057,PUNCTUALITY,2025-11,90,88.89,98.77,15,14.82,ATTENDANCE
EMP0057,QUALITY_RATE,2025-11,98,0,0,35,0,PRODUCTION
EMP0057,DEFECT_RATE,2025-11,2,0,150,30,45,PRODUCTION
EMP0059,ATTENDANCE_RATE,2025-11,95,90,94.74,20,18.95,ATTENDANCE
EMP0059,PUNCTUALITY,2025-11,90,72.22,80.25,15,12.04,ATTENDANCE
EMP0059,QUALITY_RATE,2025-11,98,0,0,35,0,PRODUCTION
EMP0059,DEFECT_RATE,2025-11,2,0,150,30,45,PRODUCTION
EMP0061,ATTENDANCE_RATE,2025-11,95,85,89.47,15,13.42,ATTENDANCE
EMP0061,TASK_COMPLETION_RATE,2025-11,95,70.22,73.92,25,18.48,MANUAL
EMP0061,COST_EFFICIENCY,2025-11,90,72.77,80.85,20,16.17,MANUAL
EMP0061,MANAGEMENT_EFFECTIVENESS,2025-11,90,72.07,80.08,40,32.03,MANUAL
EMP0062,ATTENDANCE_RATE,2025-11,95,90,94.74,30,28.42,ATTENDANCE
EMP0062,PUNCTUALITY,2025-11,90,44.44,49.38,20,9.88,ATTENDANCE
EMP0062,TASK_COMPLETION_RATE,2025-11,95,73.19,77.04,30,23.11,MANUAL
EMP0062,COST_EFFICIENCY,2025-11,90,66.1,73.44,20,14.69,MANUAL
EMP0063,ATTENDANCE_RATE,2025-11,95,95,100,30,30,ATTENDANCE
EMP0063,PUNCTUALITY,2025-11,90,73.68,81.87,20,16.37,ATTENDANCE
EMP0063,TASK_COMPLETION_RATE,2025-11,95,53.87,56.71,30,17.01,MANUAL
EMP0063,COST_EFFICIENCY,2025-11,90,51.04,56.71,20,11.34,MANUAL
EMP0064,ATTENDANCE_RATE,2025-11,95,95,100,30,30,ATTENDANCE
EMP0064,PUNCTUALITY,2025-11,90,63.16,70.18,20,14.04,ATTENDANCE
EMP0064,TASK_COMPLETION_RATE,2025-11,95,70.04,73.73,30,22.12,MANUAL
EMP0064,COST_EFFICIENCY,2025-11,90,61.76,68.62,20,13.72,MANUAL
EMP0065,ATTENDANCE_RATE,2025-11,95,85,89.47,30,26.84,ATTENDANCE
EMP0065,PUNCTUALITY,2025-11,90,82.35,91.5,20,18.3,ATTENDANCE
EMP0065,TASK_COMPLETION_RATE,2025-11,95,100,105.26,30,31.58,MANUAL
EMP0065,COST_EFFICIENCY,2025-11,90,99.19,110.21,20,22.04,MANUAL
EMP0066,ATTENDANCE_RATE,2025-11,95,80,84.21,30,25.26,ATTENDANCE
EMP0066,PUNCTUALITY,2025-11,90,81.25,90.28,20,18.06,ATTENDANCE
EMP0066,TASK_COMPLETION_RATE,2025-11,95,47.42,49.92,30,14.98,MANUAL
EMP0066,COST_EFFICIENCY,2025-11,90,50.08,55.64,20,11.13,MANUAL
EMP0067,ATTENDANCE_RATE,2025-11,95,95,100,30,30,ATTENDANCE
EMP0067,PUNCTUALITY,2025-11,90,100,111.11,20,22.22,ATTENDANCE
EMP0067,TASK_COMPLETION_RATE,2025-11,95,73.64,77.52,30,23.26,MANUAL
EMP0067,COST_EFFICIENCY,2025-11,90,67.03,74.48,20,14.9,MANUAL
EMP0068,ATTENDANCE_RATE,2025-11,95,90,94.74,30,28.42,ATTENDANCE
EMP0068,PUNCTUALITY,2025-11,90,77.78,86.42,20,17.28,ATTENDANCE
EMP0068,TASK_COMPLETION_RATE,2025-11,95,80.03,84.24,30,25.27,MANUAL
EMP0068,COST_EFFICIENCY,2025-11,90,67.8,75.33,20,15.07,MANUAL
EMP0069,ATTENDANCE_RATE,2025-11,95,100,105.26,30,31.58,ATTENDANCE
EMP0069,PUNCTUALITY,2025-11,90,80,88.89,20,17.78,ATTENDANCE
EMP0069,TASK_COMPLETION_RATE,2025-11,95,70.15,73.84,30,22.15,MANUAL
EMP0069,COST_EFFICIENCY,2025-11,90,61.98,68.87,20,13.77,MANUAL
EMP0070,ATTENDANCE_RATE,2025-11,95,90,94.74,30,28.42,ATTENDANCE
EMP0070,PUNCTUALITY,2025-11,90,55.56,61.73,20,12.35,ATTENDANCE
EMP0070,TASK_COMPLETION_RATE,2025-11,95,70.04,73.73,30,22.12,MANUAL
EMP0070,COST_EFFICIENCY,2025-11,90,62.42,69.35,20,13.87,MANUAL
EMP0071,ATTENDANCE_RATE,2025-11,95,85,89.47,15,13.42,ATTENDANCE
EMP0071,TASK_COMPLETION_RATE,2025-11,95,80.56,84.8,25,21.2,MANUAL
EMP0071,COST_EFFICIENCY,2025-11,90,66.24,73.6,20,14.72,MANUAL
EMP0071,MANAGEMENT_EFFECTIVENESS,2025-11,90,69.84,77.6,40,31.04,MANUAL
EMP0072,ATTENDANCE_RATE,2025-11,95,90,94.74,30,28.42,ATTENDANCE
EMP0072,PUNCTUALITY,2025-11,90,55.56,61.73,20,12.35,ATTENDANCE
EMP0072,TASK_COMPLETION_RATE,2025-11,95,45.14,47.52,35,16.63,MANUAL
EMP0072,COST_EFFICIENCY,2025-11,90,42.34,47.04,15,7.06,MANUAL
EMP0073,ATTENDANCE_RATE,2025-11,95,90,94.74,30,28.42,ATTENDANCE
EMP0073,PUNCTUALITY,2025-11,90,72.22,80.25,20,16.05,ATTENDANCE
EMP0073,TASK_COMPLETION_RATE,2025-11,95,70.54,74.25,35,25.99,MANUAL
EMP0073,COST_EFFICIENCY,2025-11,90,72.23,80.25,15,12.04,MANUAL
EMP0075,ATTENDANCE_RATE,2025-11,95,95,100,30,30,ATTENDANCE
EMP0075,PUNCTUALITY,2025-11,90,89.47,99.42,20,19.88,ATTENDANCE
EMP0075,TASK_COMPLETION_RATE,2025-11,95,74.2,78.11,35,27.34,MANUAL
EMP0075,COST_EFFICIENCY,2025-11,90,63.73,70.81,15,10.62,MANUAL
EMP0076,ATTENDANCE_RATE,2025-11,95,95,100,30,30,ATTENDANCE
EMP0076,PUNCTUALITY,2025-11,90,73.68,81.87,20,16.37,ATTENDANCE
EMP0076,TASK_COMPLETION_RATE,2025-11,95,70.04,73.73,35,25.81,MANUAL
EMP0076,COST_EFFICIENCY,2025-11,90,66.36,73.73,15,11.06,MANUAL
EMP0077,ATTENDANCE_RATE,2025-11,95,80,84.21,30,25.26,ATTENDANCE
EMP0077,PUNCTUALITY,2025-11,90,68.75,76.39,20,15.28,ATTENDANCE
EMP0077,TASK_COMPLETION_RATE,2025-11,95,64.75,68.16,35,23.86,MANUAL
EMP0077,COST_EFFICIENCY,2025-11,90,59.43,66.03,15,9.9,MANUAL
EMP0078,ATTENDANCE_RATE,2025-11,95,100,105.26,30,31.58,ATTENDANCE
EMP0078,PUNCTUALITY,2025-11,90,90,100,20,20,ATTENDANCE
EMP0078,TASK_COMPLETION_RATE,2025-11,95,66.5,70,35,24.5,MANUAL
EMP0078,COST_EFFICIENCY,2025-11,90,59.22,65.8,15,9.87,MANUAL
EMP0079,ATTENDANCE_RATE,2025-11,95,95,100,30,30,ATTENDANCE
EMP0079,PUNCTUALITY,2025-11,90,36.84,40.94,20,8.19,ATTENDANCE
EMP0079,TASK_COMPLETION_RATE,2025-11,95,64.98,68.4,35,23.94,MANUAL
EMP0079,COST_EFFICIENCY,2025-11,90,64.15,71.28,15,10.69,MANUAL
EMP0080,ATTENDANCE_RATE,2025-11,95,90,94.74,30,28.42,ATTENDANCE
EMP0080,PUNCTUALITY,2025-11,90,77.78,86.42,20,17.28,ATTENDANCE
EMP0080,TASK_COMPLETION_RATE,2025-11,95,95.67,100.7,35,35.24,MANUAL
EMP0080,COST_EFFICIENCY,2025-11,90,95.4,106,15,15.9,MANUAL
EMP0082,ATTENDANCE_RATE,2025-11,95,95,100,30,30,ATTENDANCE
EMP0082,PUNCTUALITY,2025-11,90,73.68,81.87,20,16.37,ATTENDANCE
EMP0082,TASK_COMPLETION_RATE,2025-11,95,83.35,87.74,35,30.71,MANUAL
EMP0082,COST_EFFICIENCY,2025-11,90,73.06,81.18,15,12.18,MANUAL
EMP0083,ATTENDANCE_RATE,2025-11,95,100,105.26,15,15.79,ATTENDANCE
EMP0083,TASK_COMPLETION_RATE,2025-11,95,72.8,76.63,35,26.82,MANUAL
EMP0083,MANAGEMENT_EFFECTIVENESS,2025-11,90,70.39,78.21,50,39.1,MANUAL
EMP0084,ATTENDANCE_RATE,2025-11,95,95,100,30,30,ATTENDANCE
EMP0084,PUNCTUALITY,2025-11,90,57.89,64.33,20,12.87,ATTENDANCE
EMP0084,TASK_COMPLETION_RATE,2025-11,95,63.95,67.32,50,33.66,MANUAL
EMP0085,ATTENDANCE_RATE,2025-11,95,85,89.47,30,26.84,ATTENDANCE
EMP0085,PUNCTUALITY,2025-11,90,47.06,52.29,20,10.46,ATTENDANCE
EMP0085,TASK_COMPLETION_RATE,2025-11,95,78.55,82.68,50,41.34,MANUAL
EMP0086,ATTENDANCE_RATE,2025-11,95,100,105.26,30,31.58,ATTENDANCE
EMP0086,PUNCTUALITY,2025-11,90,100,111.11,20,22.22,ATTENDANCE
EMP0086,TASK_COMPLETION_RATE,2025-11,95,62.66,65.96,50,32.98,MANUAL
EMP0087,ATTENDANCE_RATE,2025-11,95,100,105.26,30,31.58,ATTENDANCE
EMP0087,PUNCTUALITY,2025-11,90,95,105.56,20,21.11,ATTENDANCE
EMP0087,TASK_COMPLETION_RATE,2025-11,95,78.55,82.68,50,41.34,MANUAL
EMP0089,ATTENDANCE_RATE,2025-11,95,95,100,30,30,ATTENDANCE
EMP0089,PUNCTUALITY,2025-11,90,68.42,76.02,20,15.2,ATTENDANCE
EMP0089,TASK_COMPLETION_RATE,2025-11,95,66.78,70.29,50,35.15,MANUAL
EMP0091,ATTENDANCE_RATE,2025-11,95,90,94.74,10,9.47,ATTENDANCE
EMP0091,TASK_COMPLETION_RATE,2025-11,95,66.21,69.69,20,13.94,MANUAL
EMP0091,COST_EFFICIENCY,2025-11,90,57.13,63.48,25,15.87,MANUAL
EMP0091,MANAGEMENT_EFFECTIVENESS,2025-11,90,64.58,71.76,45,32.29,MANUAL
EMP0092,ATTENDANCE_RATE,2025-11,95,95,100,25,25,ATTENDANCE
EMP0092,PUNCTUALITY,2025-11,90,100,111.11,15,16.67,ATTENDANCE
EMP0092,TASK_COMPLETION_RATE,2025-11,95,73.87,77.76,30,23.33,MANUAL
EMP0092,COST_EFFICIENCY,2025-11,90,61.56,68.4,30,20.52,MANUAL
EMP0093,ATTENDANCE_RATE,2025-11,95,100,105.26,25,26.32,ATTENDANCE
EMP0093,PUNCTUALITY,2025-11,90,60,66.67,15,10,ATTENDANCE
EMP0093,TASK_COMPLETION_RATE,2025-11,95,74.37,78.28,30,23.48,MANUAL
EMP0093,COST_EFFICIENCY,2025-11,90,73.19,81.32,30,24.4,MANUAL
EMP0094,ATTENDANCE_RATE,2025-11,95,85,89.47,25,22.37,ATTENDANCE
EMP0094,PUNCTUALITY,2025-11,90,70.59,78.43,15,11.76,ATTENDANCE
EMP0094,TASK_COMPLETION_RATE,2025-11,95,69.47,73.13,30,21.94,MANUAL
EMP0094,COST_EFFICIENCY,2025-11,90,65.18,72.42,30,21.73,MANUAL
EMP0095,ATTENDANCE_RATE,2025-11,95,100,105.26,25,26.32,ATTENDANCE
EMP0095,PUNCTUALITY,2025-11,90,90,100,15,15,ATTENDANCE
EMP0095,TASK_COMPLETION_RATE,2025-11,95,65.83,69.3,30,20.79,MANUAL
EMP0095,COST_EFFICIENCY,2025-11,90,63.63,70.7,30,21.21,MANUAL
EMP0096,ATTENDANCE_RATE,2025-11,95,90,94.74,25,23.69,ATTENDANCE
EMP0096,PUNCTUALITY,2025-11,90,50,55.56,15,8.33,ATTENDANCE
EMP0096,TASK_COMPLETION_RATE,2025-11,95,94.05,99,30,29.7,MANUAL
EMP0096,COST_EFFICIENCY,2025-11,90,90,100,30,30,MANUAL
EMP0097,ATTENDANCE_RATE,2025-11,95,90,94.74,25,23.69,ATTENDANCE
EMP0097,PUNCTUALITY,2025-11,90,77.78,86.42,15,12.96,ATTENDANCE
EMP0097,TASK_COMPLETION_RATE,2025-11,95,91.98,96.82,30,29.05,MANUAL
EMP0097,COST_EFFICIENCY,2025-11,90,92.7,103,30,30.9,MANUAL
EMP0098,ATTENDANCE_RATE,2025-11,95,100,105.26,25,26.32,ATTENDANCE
EMP0098,PUNCTUALITY,2025-11,90,100,111.11,15,16.67,ATTENDANCE
EMP0098,TASK_COMPLETION_RATE,2025-11,95,78.06,82.17,30,24.65,MANUAL
EMP0098,COST_EFFICIENCY,2025-11,90,68.72,76.36,30,22.91,MANUAL
EMP0100,ATTENDANCE_RATE,2025-11,95,95,100,25,25,ATTENDANCE
EMP0100,PUNCTUALITY,2025-11,90,57.89,64.33,15,9.65,ATTENDANCE
EMP0100,TASK_COMPLETION_RATE,2025-11,95,41.5,43.68,30,13.1,MANUAL
EMP0100,COST_EFFICIENCY,2025-11,90,37.04,41.16,30,12.35,MANUAL
EMP0001,ATTENDANCE_RATE,2025-12,95,100,105.26,10,10.53,ATTENDANCE
EMP0001,MANAGEMENT_EFFECTIVENESS,2025-12,90,69.99,77.77,90,69.99,MANUAL
EMP0002,ATTENDANCE_RATE,2025-12,95,80.95,85.21,15,12.78,ATTENDANCE
EMP0002,TASK_COMPLETION_RATE,2025-12,95,83.17,87.55,35,30.64,MANUAL
EMP0002,MANAGEMENT_EFFECTIVENESS,2025-12,90,75.74,84.15,50,42.08,MANUAL
EMP0003,ATTENDANCE_RATE,2025-12,95,80.95,85.21,35,29.82,ATTENDANCE
EMP0003,PUNCTUALITY,2025-12,90,64.71,71.9,25,17.98,ATTENDANCE
EMP0003,TASK_COMPLETION_RATE,2025-12,95,89.35,94.05,40,37.62,MANUAL
EMP0004,ATTENDANCE_RATE,2025-12,95,95.24,100.25,35,35.09,ATTENDANCE
EMP0004,PUNCTUALITY,2025-12,90,95,105.56,25,26.39,ATTENDANCE
EMP0004,TASK_COMPLETION_RATE,2025-12,95,82,86.32,40,34.53,MANUAL
EMP0005,ATTENDANCE_RATE,2025-12,95,76.19,80.2,35,28.07,ATTENDANCE
EMP0005,PUNCTUALITY,2025-12,90,81.25,90.28,25,22.57,ATTENDANCE
EMP0005,TASK_COMPLETION_RATE,2025-12,95,71.67,75.44,40,30.18,MANUAL
EMP0007,ATTENDANCE_RATE,2025-12,95,100,105.26,35,36.84,ATTENDANCE
EMP0007,PUNCTUALITY,2025-12,90,95.24,105.82,25,26.46,ATTENDANCE
EMP0007,TASK_COMPLETION_RATE,2025-12,95,100,105.26,40,42.1,MANUAL
EMP0008,ATTENDANCE_RATE,2025-12,95,85.71,90.23,35,31.58,ATTENDANCE
EMP0008,PUNCTUALITY,2025-12,90,77.78,86.42,25,21.61,ATTENDANCE
EMP0008,TASK_COMPLETION_RATE,2025-12,95,73.55,77.42,40,30.97,MANUAL
EMP0009,ATTENDANCE_RATE,2025-12,95,90.48,95.24,15,14.29,ATTENDANCE
EMP0009,PRODUCTION_TARGET_ACHIEVEMENT,2025-12,100,83.5,83.5,25,20.88,PRODUCTION
EMP0009,QUALITY_RATE,2025-12,98,95.45,97.4,15,14.61,PRODUCTION
EMP0009,DEFECT_RATE,2025-12,2,4.55,43.95,10,4.39,PRODUCTION
EMP0009,SAFETY_INCIDENTS,2025-12,0,0,150,10,15,PRODUCTION
EMP0009,MANAGEMENT_EFFECTIVENESS,2025-12,90,49.59,55.1,25,13.78,MANUAL
EMP0010,ATTENDANCE_RATE,2025-12,95,90.48,95.24,20,19.05,ATTENDANCE
EMP0010,PUNCTUALITY,2025-12,90,84.21,93.57,10,9.36,ATTENDANCE
EMP0010,PRODUCTION_TARGET_ACHIEVEMENT,2025-12,100,55.38,55.38,30,16.61,PRODUCTION
EMP0010,QUALITY_RATE,2025-12,98,89.35,91.17,20,18.23,PRODUCTION
EMP0010,DEFECT_RATE,2025-12,2,10.65,18.78,10,1.88,PRODUCTION
EMP0010,SAFETY_INCIDENTS,2025-12,0,2,100,10,10,PRODUCTION
EMP0011,ATTENDANCE_RATE,2025-12,95,90.48,95.24,20,19.05,ATTENDANCE
EMP0011,PUNCTUALITY,2025-12,90,63.16,70.18,10,7.02,ATTENDANCE
EMP0011,PRODUCTION_TARGET_ACHIEVEMENT,2025-12,100,78.97,78.97,30,23.69,PRODUCTION
EMP0011,QUALITY_RATE,2025-12,98,97.68,99.68,20,19.94,PRODUCTION
EMP0011,DEFECT_RATE,2025-12,2,2.32,86.38,10,8.64,PRODUCTION
EMP0011,SAFETY_INCIDENTS,2025-12,0,0,150,10,15,PRODUCTION
EMP0012,ATTENDANCE_RATE,2025-12,95,90.48,95.24,20,19.05,ATTENDANCE
EMP0012,PUNCTUALITY,2025-12,90,52.63,58.48,10,5.85,ATTENDANCE
EMP0012,PRODUCTION_TARGET_ACHIEVEMENT,2025-12,100,73.66,73.66,30,22.1,PRODUCTION
EMP0012,QUALITY_RATE,2025-12,98,97.85,99.84,20,19.97,PRODUCTION
EMP0012,DEFECT_RATE,2025-12,2,2.15,92.92,10,9.29,PRODUCTION
EMP0012,SAFETY_INCIDENTS,2025-12,0,0,150,10,15,PRODUCTION
EMP0013,ATTENDANCE_RATE,2025-12,95,80.95,85.21,20,17.04,ATTENDANCE
EMP0013,PUNCTUALITY,2025-12,90,82.35,91.5,10,9.15,ATTENDANCE
EMP0013,PRODUCTION_TARGET_ACHIEVEMENT,2025-12,100,103.14,103.14,30,30.94,PRODUCTION
EMP0013,QUALITY_RATE,2025-12,98,99.65,101.68,20,20.34,PRODUCTION
EMP0013,DEFECT_RATE,2025-12,2,0.35,150,10,15,PRODUCTION
EMP0013,SAFETY_INCIDENTS,2025-12,0,0,150,10,15,PRODUCTION
EMP0014,ATTENDANCE_RATE,2025-12,95,80.95,85.21,20,17.04,ATTENDANCE
EMP0014,PUNCTUALITY,2025-12,90,52.94,58.82,10,5.88,ATTENDANCE
EMP0014,PRODUCTION_TARGET_ACHIEVEMENT,2025-12,100,74.15,74.15,30,22.25,PRODUCTION
EMP0014,QUALITY_RATE,2025-12,98,95.7,97.65,20,19.53,PRODUCTION
EMP0014,DEFECT_RATE,2025-12,2,4.3,46.46,10,4.65,PRODUCTION
EMP0014,SAFETY_INCIDENTS,2025-12,0,0,150,10,15,PRODUCTION
EMP0015,ATTENDANCE_RATE,2025-12,95,90.48,95.24,20,19.05,ATTENDANCE
EMP0015,PUNCTUALITY,2025-12,90,73.68,81.87,10,8.19,ATTENDANCE
EMP0015,PRODUCTION_TARGET_ACHIEVEMENT,2025-12,100,73.05,73.05,30,21.92,PRODUCTION
EMP0015,QUALITY_RATE,2025-12,98,96.78,98.76,20,19.75,PRODUCTION
EMP0015,DEFECT_RATE,2025-12,2,3.22,62.13,10,6.21,PRODUCTION
EMP0015,SAFETY_INCIDENTS,2025-12,0,0,150,10,15,PRODUCTION
EMP0016,ATTENDANCE_RATE,2025-12,95,90.48,95.24,20,19.05,ATTENDANCE
EMP0016,PUNCTUALITY,2025-12,90,68.42,76.02,10,7.6,ATTENDANCE
EMP0016,PRODUCTION_TARGET_ACHIEVEMENT,2025-12,100,70.22,70.22,30,21.07,PRODUCTION
EMP0016,QUALITY_RATE,2025-12,98,96.79,98.77,20,19.75,PRODUCTION
EMP0016,DEFECT_RATE,2025-12,2,3.21,62.36,10,6.24,PRODUCTION
EMP0016,SAFETY_INCIDENTS,2025-12,0,0,150,10,15,PRODUCTION
EMP0017,ATTENDANCE_RATE,2025-12,95,95.24,100.25,20,20.05,ATTENDANCE
EMP0017,PUNCTUALITY,2025-12,90,70,77.78,10,7.78,ATTENDANCE
EMP0017,PRODUCTION_TARGET_ACHIEVEMENT,2025-12,100,75.11,75.11,30,22.53,PRODUCTION
EMP0017,QUALITY_RATE,2025-12,98,95.74,97.69,20,19.54,PRODUCTION
EMP0017,DEFECT_RATE,2025-12,2,4.26,46.92,10,4.69,PRODUCTION
EMP0017,SAFETY_INCIDENTS,2025-12,0,1,100,10,10,PRODUCTION
EMP0018,ATTENDANCE_RATE,2025-12,95,90.48,95.24,20,19.05,ATTENDANCE
EMP0018,PUNCTUALITY,2025-12,90,63.16,70.18,10,7.02,ATTENDANCE
EMP0018,PRODUCTION_TARGET_ACHIEVEMENT,2025-12,100,61.45,61.45,30,18.43,PRODUCTION
EMP0018,QUALITY_RATE,2025-12,98,95.68,97.63,20,19.53,PRODUCTION
EMP0018,DEFECT_RATE,2025-12,2,4.32,46.3,10,4.63,PRODUCTION
EMP0018,SAFETY_INCIDENTS,2025-12,0,0,150,10,15,PRODUCTION
EMP0019,ATTENDANCE_RATE,2025-12,95,95.24,100.25,20,20.05,ATTENDANCE
EMP0019,PUNCTUALITY,2025-12,90,95,105.56,10,10.56,ATTENDANCE
EMP0019,PRODUCTION_TARGET_ACHIEVEMENT,2025-12,100,77.83,77.83,30,23.35,PRODUCTION
EMP0019,QUALITY_RATE,2025-12,98,96.69,98.66,20,19.73,PRODUCTION
EMP0019,DEFECT_RATE,2025-12,2,3.31,60.42,10,6.04,PRODUCTION
EMP0019,SAFETY_INCIDENTS,2025-12,0,1,100,10,10,PRODUCTION
EMP0020,ATTENDANCE_RATE,2025-12,95,100,105.26,20,21.05,ATTENDANCE
EMP0020,PUNCTUALITY,2025-12,90,95.24,105.82,10,10.58,ATTENDANCE
EMP0020,PRODUCTION_TARGET_ACHIEVEMENT,2025-12,100,65.9,65.9,30,19.77,PRODUCTION
EMP0020,QUALITY_RATE,2025-12,98,96.82,98.8,20,19.76,PRODUCTION
EMP0020,DEFECT_RATE,2025-12,2,3.18,62.91,10,6.29,PRODUCTION
EMP0020,SAFETY_INCIDENTS,2025-12,0,1,100,10,10,PRODUCTION
EMP0022,ATTENDANCE_RATE,2025-12,95,100,105.26,20,21.05,ATTENDANCE
EMP0022,PUNCTUALITY,2025-12,90,100,111.11,10,11.11,ATTENDANCE
EMP0022,PRODUCTION_TARGET_ACHIEVEMENT,2025-12,100,65.64,65.64,30,19.69,PRODUCTION
EMP0022,QUALITY_RATE,2025-12,98,96.58,98.55,20,19.71,PRODUCTION
EMP0022,DEFECT_RATE,2025-12,2,3.42,58.47,10,5.85,PRODUCTION
EMP0022,SAFETY_INCIDENTS,2025-12,0,2,100,10,10,PRODUCTION
EMP0023,ATTENDANCE_RATE,2025-12,95,95.24,100.25,20,20.05,ATTENDANCE
EMP0023,PUNCTUALITY,2025-12,90,80,88.89,10,8.89,ATTENDANCE
EMP0023,PRODUCTION_TARGET_ACHIEVEMENT,2025-12,100,115.89,115.89,30,34.77,PRODUCTION
EMP0023,QUALITY_RATE,2025-12,98,99.47,101.5,20,20.3,PRODUCTION
EMP0023,DEFECT_RATE,2025-12,2,0.53,150,10,15,PRODUCTION
EMP0023,SAFETY_INCIDENTS,2025-12,0,1,100,10,10,PRODUCTION
EMP0024,ATTENDANCE_RATE,2025-12,95,100,105.26,20,21.05,ATTENDANCE
EMP0024,PUNCTUALITY,2025-12,90,90.48,100.53,10,10.05,ATTENDANCE
EMP0024,PRODUCTION_TARGET_ACHIEVEMENT,2025-12,100,74.06,74.06,30,22.22,PRODUCTION
EMP0024,QUALITY_RATE,2025-12,98,95.6,97.56,20,19.51,PRODUCTION
EMP0024,DEFECT_RATE,2025-12,2,4.4,45.5,10,4.55,PRODUCTION
EMP0024,SAFETY_INCIDENTS,2025-12,0,0,150,10,15,PRODUCTION
EMP0025,ATTENDANCE_RATE,2025-12,95,100,105.26,20,21.05,ATTENDANCE
EMP0025,PUNCTUALITY,2025-12,90,61.9,68.78,10,6.88,ATTENDANCE
EMP0025,PRODUCTION_TARGET_ACHIEVEMENT,2025-12,100,75.08,75.08,30,22.52,PRODUCTION
EMP0025,QUALITY_RATE,2025-12,98,95.59,97.54,20,19.51,PRODUCTION
EMP0025,DEFECT_RATE,2025-12,2,4.41,45.37,10,4.54,PRODUCTION
EMP0025,SAFETY_INCIDENTS,2025-12,0,0,150,10,15,PRODUCTION
EMP0026,ATTENDANCE_RATE,2025-12,95,90.48,95.24,20,19.05,ATTENDANCE
EMP0026,PUNCTUALITY,2025-12,90,68.42,76.02,10,7.6,ATTENDANCE
EMP0026,PRODUCTION_TARGET_ACHIEVEMENT,2025-12,100,109.5,109.5,30,32.85,PRODUCTION
EMP0026,QUALITY_RATE,2025-12,98,98.69,100.71,20,20.14,PRODUCTION
EMP0026,DEFECT_RATE,2025-12,2,1.31,150,10,15,PRODUCTION
EMP0026,SAFETY_INCIDENTS,2025-12,0,1,100,10,10,PRODUCTION
EMP0027,ATTENDANCE_RATE,2025-12,95,90.48,95.24,20,19.05,ATTENDANCE
EMP0027,PUNCTUALITY,2025-12,90,52.63,58.48,10,5.85,ATTENDANCE
EMP0027,PRODUCTION_TARGET_ACHIEVEMENT,2025-12,100,105.64,105.64,30,31.69,PRODUCTION
EMP0027,QUALITY_RATE,2025-12,98,98.95,100.97,20,20.19,PRODUCTION
EMP0027,DEFECT_RATE,2025-12,2,1.05,150,10,15,PRODUCTION
EMP0027,SAFETY_INCIDENTS,2025-12,0,0,150,10,15,PRODUCTION
EMP0028,ATTENDANCE_RATE,2025-12,95,95.24,100.25,20,20.05,ATTENDANCE
EMP0028,PUNCTUALITY,2025-12,90,90,100,10,10,ATTENDANCE
EMP0028,PRODUCTION_TARGET_ACHIEVEMENT,2025-12,100,75.46,75.46,30,22.64,PRODUCTION
EMP0028,QUALITY_RATE,2025-12,98,96.86,98.83,20,19.77,PRODUCTION
EMP0028,DEFECT_RATE,2025-12,2,3.14,63.65,10,6.37,PRODUCTION
EMP0028,SAFETY_INCIDENTS,2025-12,0,0,150,10,15,PRODUCTION
EMP0029,ATTENDANCE_RATE,2025-12,95,90.91,95.69,20,19.14,ATTENDANCE
EMP0029,PUNCTUALITY,2025-12,90,90,100,10,10,ATTENDANCE
EMP0029,PRODUCTION_TARGET_ACHIEVEMENT,2025-12,100,44.08,44.08,30,13.22,PRODUCTION
EMP0029,QUALITY_RATE,2025-12,98,92.44,94.32,20,18.86,PRODUCTION
EMP0029,DEFECT_RATE,2025-12,2,7.56,26.45,10,2.65,PRODUCTION
EMP0029,SAFETY_INCIDENTS,2025-12,0,0,150,10,15,PRODUCTION
EMP0030,ATTENDANCE_RATE,2025-12,95,85.71,90.23,20,18.05,ATTENDANCE
EMP0030,PUNCTUALITY,2025-12,90,83.33,92.59,10,9.26,ATTENDANCE
EMP0030,PRODUCTION_TARGET_ACHIEVEMENT,2025-12,100,48.27,48.27,30,14.48,PRODUCTION
EMP0030,QUALITY_RATE,2025-12,98,93.7,95.61,20,19.12,PRODUCTION
EMP0030,DEFECT_RATE,2025-12,2,6.3,31.74,10,3.17,PRODUCTION
EMP0030,SAFETY_INCIDENTS,2025-12,0,0,150,10,15,PRODUCTION
EMP0031,ATTENDANCE_RATE,2025-12,95,85.71,90.23,20,18.05,ATTENDANCE
EMP0031,PUNCTUALITY,2025-12,90,94.44,104.94,10,10.49,ATTENDANCE
EMP0031,PRODUCTION_TARGET_ACHIEVEMENT,2025-12,100,70.71,70.71,30,21.21,PRODUCTION
EMP0031,QUALITY_RATE,2025-12,98,96.64,98.62,20,19.72,PRODUCTION
EMP0031,DEFECT_RATE,2025-12,2,3.36,59.59,10,5.96,PRODUCTION
EMP0031,SAFETY_INCIDENTS,2025-12,0,0,150,10,15,PRODUCTION
EMP0032,ATTENDANCE_RATE,2025-12,95,90.48,95.24,20,19.05,ATTENDANCE
EMP0032,PUNCTUALITY,2025-12,90,68.42,76.02,10,7.6,ATTENDANCE
EMP0032,PRODUCTION_TARGET_ACHIEVEMENT,2025-12,100,109.79,109.79,30,32.94,PRODUCTION
EMP0032,QUALITY_RATE,2025-12,98,98.76,100.78,20,20.16,PRODUCTION
EMP0032,DEFECT_RATE,2025-12,2,1.24,150,10,15,PRODUCTION
EMP0032,SAFETY_INCIDENTS,2025-12,0,0,150,10,15,PRODUCTION
EMP0033,ATTENDANCE_RATE,2025-12,95,90.48,95.24,20,19.05,ATTENDANCE
EMP0033,PUNCTUALITY,2025-12,90,42.11,46.78,10,4.68,ATTENDANCE
EMP0033,PRODUCTION_TARGET_ACHIEVEMENT,2025-12,100,81.35,81.35,30,24.41,PRODUCTION
EMP0033,QUALITY_RATE,2025-12,98,96.84,98.82,20,19.76,PRODUCTION
EMP0033,DEFECT_RATE,2025-12,2,3.16,63.27,10,6.33,PRODUCTION
EMP0033,SAFETY_INCIDENTS,2025-12,0,1,100,10,10,PRODUCTION
EMP0034,ATTENDANCE_RATE,2025-12,95,95.24,100.25,20,20.05,ATTENDANCE
EMP0034,PUNCTUALITY,2025-12,90,80,88.89,10,8.89,ATTENDANCE
EMP0034,PRODUCTION_TARGET_ACHIEVEMENT,2025-12,100,74.23,74.23,30,22.27,PRODUCTION
EMP0034,QUALITY_RATE,2025-12,98,96.73,98.7,20,19.74,PRODUCTION
EMP0034,DEFECT_RATE,2025-12,2,3.27,61.08,10,6.11,PRODUCTION
EMP0034,SAFETY_INCIDENTS,2025-12,0,0,150,10,15,PRODUCTION
EMP0035,ATTENDANCE_RATE,2025-12,95,90.48,95.24,20,19.05,ATTENDANCE
EMP0035,PUNCTUALITY,2025-12,90,57.89,64.33,10,6.43,ATTENDANCE
EMP0035,PRODUCTION_TARGET_ACHIEVEMENT,2025-12,100,54.85,54.85,30,16.45,PRODUCTION
EMP0035,QUALITY_RATE,2025-12,98,91.76,93.64,20,18.73,PRODUCTION
EMP0035,DEFECT_RATE,2025-12,2,8.24,24.28,10,2.43,PRODUCTION
EMP0035,SAFETY_INCIDENTS,2025-12,0,0,150,10,15,PRODUCTION
EMP0037,ATTENDANCE_RATE,2025-12,95,100,105.26,20,21.05,ATTENDANCE
EMP0037,PUNCTUALITY,2025-12,90,90.48,100.53,10,10.05,ATTENDANCE
EMP0037,PRODUCTION_TARGET_ACHIEVEMENT,2025-12,100,74.11,74.11,30,22.23,PRODUCTION
EMP0037,QUALITY_RATE,2025-12,98,97.6,99.59,20,19.92,PRODUCTION
EMP0037,DEFECT_RATE,2025-12,2,2.4,83.3,10,8.33,PRODUCTION
EMP0037,SAFETY_INCIDENTS,2025-12,0,1,100,10,10,PRODUCTION
EMP0038,ATTENDANCE_RATE,2025-12,95,95.24,100.25,20,20.05,ATTENDANCE
EMP0038,PUNCTUALITY,2025-12,90,75,83.33,10,8.33,ATTENDANCE
EMP0038,PRODUCTION_TARGET_ACHIEVEMENT,2025-12,100,71.33,71.33,30,21.4,PRODUCTION
EMP0038,QUALITY_RATE,2025-12,98,97.74,99.73,20,19.95,PRODUCTION
EMP0038,DEFECT_RATE,2025-12,2,2.26,88.44,10,8.84,PRODUCTION
EMP0038,SAFETY_INCIDENTS,2025-12,0,0,150,10,15,PRODUCTION
EMP0039,ATTENDANCE_RATE,2025-12,95,85.71,90.23,20,18.05,ATTENDANCE
EMP0039,PUNCTUALITY,2025-12,90,94.44,104.94,10,10.49,ATTENDANCE
EMP0039,PRODUCTION_TARGET_ACHIEVEMENT,2025-12,100,80.34,80.34,30,24.1,PRODUCTION
EMP0039,QUALITY_RATE,2025-12,98,96.62,98.6,20,19.72,PRODUCTION
EMP0039,DEFECT_RATE,2025-12,2,3.38,59.25,10,5.93,PRODUCTION
EMP0039,SAFETY_INCIDENTS,2025-12,0,0,150,10,15,PRODUCTION
EMP0040,ATTENDANCE_RATE,2025-12,95,85.71,90.23,20,18.05,ATTENDANCE
EMP0040,PUNCTUALITY,2025-12,90,50,55.56,10,5.56,ATTENDANCE
EMP0040,PRODUCTION_TARGET_ACHIEVEMENT,2025-12,100,75.45,75.45,30,22.64,PRODUCTION
EMP0040,QUALITY_RATE,2025-12,98,97.52,99.51,20,19.9,PRODUCTION
EMP0040,DEFECT_RATE,2025-12,2,2.48,80.62,10,8.06,PRODUCTION
EMP0040,SAFETY_INCIDENTS,2025-12,0,0,150,10,15,PRODUCTION
EMP0041,ATTENDANCE_RATE,2025-12,95,80.95,85.21,20,17.04,ATTENDANCE
EMP0041,PUNCTUALITY,2025-12,90,70.59,78.43,10,7.84,ATTENDANCE
EMP0041,PRODUCTION_TARGET_ACHIEVEMENT,2025-12,100,72.82,72.82,30,21.85,PRODUCTION
EMP0041,QUALITY_RATE,2025-12,98,96.58,98.55,20,19.71,PRODUCTION
EMP0041,DEFECT_RATE,2025-12,2,3.42,58.48,10,5.85,PRODUCTION
EMP0041,SAFETY_INCIDENTS,2025-12,0,0,150,10,15,PRODUCTION
EMP0042,ATTENDANCE_RATE,2025-12,95,90.48,95.24,20,19.05,ATTENDANCE
EMP0042,PUNCTUALITY,2025-12,90,47.37,52.63,10,5.26,ATTENDANCE
EMP0042,PRODUCTION_TARGET_ACHIEVEMENT,2025-12,100,69.35,69.35,30,20.81,PRODUCTION
EMP0042,QUALITY_RATE,2025-12,98,96.67,98.65,20,19.73,PRODUCTION
EMP0042,DEFECT_RATE,2025-12,2,3.33,60.12,10,6.01,PRODUCTION
EMP0042,SAFETY_INCIDENTS,2025-12,0,0,150,10,15,PRODUCTION
EMP0043,ATTENDANCE_RATE,2025-12,95,100,105.26,20,21.05,ATTENDANCE
EMP0043,PUNCTUALITY,2025-12,90,100,111.11,10,11.11,ATTENDANCE
EMP0043,PRODUCTION_TARGET_ACHIEVEMENT,2025-12,100,70.13,70.13,30,21.04,PRODUCTION
EMP0043,QUALITY_RATE,2025-12,98,96.75,98.73,20,19.75,PRODUCTION
EMP0043,DEFECT_RATE,2025-12,2,3.25,61.58,10,6.16,PRODUCTION
EMP0043,SAFETY_INCIDENTS,2025-12,0,0,150,10,15,PRODUCTION
EMP0044,ATTENDANCE_RATE,2025-12,95,80.95,85.21,20,17.04,ATTENDANCE
EMP0044,PUNCTUALITY,2025-12,90,88.24,98.04,10,9.8,ATTENDANCE
EMP0044,PRODUCTION_TARGET_ACHIEVEMENT,2025-12,100,117.53,117.53,30,35.26,PRODUCTION
EMP0044,QUALITY_RATE,2025-12,98,98.62,100.63,20,20.13,PRODUCTION
EMP0044,DEFECT_RATE,2025-12,2,1.38,144.59,10,14.46,PRODUCTION
EMP0044,SAFETY_INCIDENTS,2025-12,0,0,150,10,15,PRODUCTION
EMP0045,ATTENDANCE_RATE,2025-12,95,80.95,85.21,20,17.04,ATTENDANCE
EMP0045,PUNCTUALITY,2025-12,90,64.71,71.9,10,7.19,ATTENDANCE
EMP0045,PRODUCTION_TARGET_ACHIEVEMENT,2025-12,100,69.62,69.62,30,20.89,PRODUCTION
EMP0045,QUALITY_RATE,2025-12,98,96.71,98.68,20,19.74,PRODUCTION
EMP0045,DEFECT_RATE,2025-12,2,3.29,60.76,10,6.08,PRODUCTION
EMP0045,SAFETY_INCIDENTS,2025-12,0,0,150,10,15,PRODUCTION
EMP0046,ATTENDANCE_RATE,2025-12,95,95.24,100.25,20,20.05,ATTENDANCE
EMP0046,PUNCTUALITY,2025-12,90,90,100,10,10,ATTENDANCE
EMP0046,PRODUCTION_TARGET_ACHIEVEMENT,2025-12,100,48.68,48.68,30,14.6,PRODUCTION
EMP0046,QUALITY_RATE,2025-12,98,90.76,92.61,20,18.52,PRODUCTION
EMP0046,DEFECT_RATE,2025-12,2,9.24,21.64,10,2.16,PRODUCTION
EMP0046,SAFETY_INCIDENTS,2025-12,0,1,100,10,10,PRODUCTION
EMP0047,ATTENDANCE_RATE,2025-12,95,90.48,95.24,20,19.05,ATTENDANCE
EMP0047,PUNCTUALITY,2025-12,90,73.68,81.87,10,8.19,ATTENDANCE
EMP0047,PRODUCTION_TARGET_ACHIEVEMENT,2025-12,100,73.9,73.9,30,22.17,PRODUCTION
EMP0047,QUALITY_RATE,2025-12,98,96.65,98.62,20,19.72,PRODUCTION
EMP0047,DEFECT_RATE,2025-12,2,3.35,59.62,10,5.96,PRODUCTION
EMP0047,SAFETY_INCIDENTS,2025-12,0,0,150,10,15,PRODUCTION
EMP0049,ATTENDANCE_RATE,2025-12,95,90.48,95.24,15,14.29,ATTENDANCE
EMP0049,QUALITY_RATE,2025-12,98,0,0,25,0,PRODUCTION
EMP0049,DEFECT_RATE,2025-12,2,0,150,20,30,PRODUCTION
EMP0049,MANAGEMENT_EFFECTIVENESS,2025-12,90,52.47,58.3,40,23.32,MANUAL
EMP0050,ATTENDANCE_RATE,2025-12,95,76.19,80.2,20,16.04,ATTENDANCE
EMP0050,PUNCTUALITY,2025-12,90,50,55.56,15,8.33,ATTENDANCE
EMP0050,QUALITY_RATE,2025-12,98,0,0,35,0,PRODUCTION
EMP0050,DEFECT_RATE,2025-12,2,0,150,30,45,PRODUCTION
EMP0051,ATTENDANCE_RATE,2025-12,95,80.95,85.21,20,17.04,ATTENDANCE
EMP0051,PUNCTUALITY,2025-12,90,76.47,84.97,15,12.75,ATTENDANCE
EMP0051,QUALITY_RATE,2025-12,98,0,0,35,0,PRODUCTION
EMP0051,DEFECT_RATE,2025-12,2,0,150,30,45,PRODUCTION
EMP0052,ATTENDANCE_RATE,2025-12,95,95.24,100.25,20,20.05,ATTENDANCE
EMP0052,PUNCTUALITY,2025-12,90,80,88.89,15,13.33,ATTENDANCE
EMP0052,QUALITY_RATE,2025-12,98,0,0,35,0,PRODUCTION
EMP0052,DEFECT_RATE,2025-12,2,0,150,30,45,PRODUCTION
EMP0054,ATTENDANCE_RATE,2025-12,95,85.71,90.23,20,18.05,ATTENDANCE
EMP0054,PUNCTUALITY,2025-12,90,38.89,43.21,15,6.48,ATTENDANCE
EMP0054,QUALITY_RATE,2025-12,98,0,0,35,0,PRODUCTION
EMP0054,DEFECT_RATE,2025-12,2,0,150,30,45,PRODUCTION
EMP0055,ATTENDANCE_RATE,2025-12,95,90.48,95.24,20,19.05,ATTENDANCE
EMP0055,PUNCTUALITY,2025-12,90,57.89,64.33,15,9.65,ATTENDANCE
EMP0055,QUALITY_RATE,2025-12,98,0,0,35,0,PRODUCTION
EMP0055,DEFECT_RATE,2025-12,2,0,150,30,45,PRODUCTION
EMP0057,ATTENDANCE_RATE,2025-12,95,80.95,85.21,20,17.04,ATTENDANCE
EMP0057,PUNCTUALITY,2025-12,90,88.24,98.04,15,14.71,ATTENDANCE
EMP0057,QUALITY_RATE,2025-12,98,0,0,35,0,PRODUCTION
EMP0057,DEFECT_RATE,2025-12,2,0,150,30,45,PRODUCTION
EMP0059,ATTENDANCE_RATE,2025-12,95,95.24,100.25,20,20.05,ATTENDANCE
EMP0059,PUNCTUALITY,2025-12,90,70,77.78,15,11.67,ATTENDANCE
EMP0059,QUALITY_RATE,2025-12,98,0,0,35,0,PRODUCTION
EMP0059,DEFECT_RATE,2025-12,2,0,150,30,45,PRODUCTION
EMP0061,ATTENDANCE_RATE,2025-12,95,85.71,90.23,15,13.53,ATTENDANCE
EMP0061,TASK_COMPLETION_RATE,2025-12,95,73.88,77.77,25,19.44,MANUAL
EMP0061,COST_EFFICIENCY,2025-12,90,65.83,73.15,20,14.63,MANUAL
EMP0061,MANAGEMENT_EFFECTIVENESS,2025-12,90,67.22,74.69,40,29.88,MANUAL
EMP0062,ATTENDANCE_RATE,2025-12,95,85.71,90.23,30,27.07,ATTENDANCE
EMP0062,PUNCTUALITY,2025-12,90,61.11,67.9,20,13.58,ATTENDANCE
EMP0062,TASK_COMPLETION_RATE,2025-12,95,69.08,72.72,30,21.82,MANUAL
EMP0062,COST_EFFICIENCY,2025-12,90,65.45,72.72,20,14.54,MANUAL
EMP0063,ATTENDANCE_RATE,2025-12,95,100,105.26,30,31.58,ATTENDANCE
EMP0063,PUNCTUALITY,2025-12,90,71.43,79.37,20,15.87,ATTENDANCE
EMP0063,TASK_COMPLETION_RATE,2025-12,95,52.36,55.12,30,16.54,MANUAL
EMP0063,COST_EFFICIENCY,2025-12,90,50.56,56.18,20,11.24,MANUAL
EMP0064,ATTENDANCE_RATE,2025-12,95,95.24,100.25,30,30.08,ATTENDANCE
EMP0064,PUNCTUALITY,2025-12,90,85,94.44,20,18.89,ATTENDANCE
EMP0064,TASK_COMPLETION_RATE,2025-12,95,65.88,69.35,30,20.81,MANUAL
EMP0064,COST_EFFICIENCY,2025-12,90,67.01,74.46,20,14.89,MANUAL
EMP0065,ATTENDANCE_RATE,2025-12,95,76.19,80.2,30,24.06,ATTENDANCE
EMP0065,PUNCTUALITY,2025-12,90,81.25,90.28,20,18.06,ATTENDANCE
EMP0065,TASK_COMPLETION_RATE,2025-12,95,100,105.26,30,31.58,MANUAL
EMP0065,COST_EFFICIENCY,2025-12,90,98.26,109.18,20,21.84,MANUAL
EMP0066,ATTENDANCE_RATE,2025-12,95,90.48,95.24,30,28.57,ATTENDANCE
EMP0066,PUNCTUALITY,2025-12,90,52.63,58.48,20,11.7,ATTENDANCE
EMP0066,TASK_COMPLETION_RATE,2025-12,95,45.45,47.84,30,14.35,MANUAL
EMP0066,COST_EFFICIENCY,2025-12,90,43.52,48.36,20,9.67,MANUAL
EMP0067,ATTENDANCE_RATE,2025-12,95,100,105.26,30,31.58,ATTENDANCE
EMP0067,PUNCTUALITY,2025-12,90,90.48,100.53,20,20.11,ATTENDANCE
EMP0067,TASK_COMPLETION_RATE,2025-12,95,72.92,76.76,30,23.03,MANUAL
EMP0067,COST_EFFICIENCY,2025-12,90,69.08,76.76,20,15.35,MANUAL
EMP0068,ATTENDANCE_RATE,2025-12,95,100,105.26,30,31.58,ATTENDANCE
EMP0068,PUNCTUALITY,2025-12,90,66.67,74.07,20,14.81,ATTENDANCE
EMP0068,TASK_COMPLETION_RATE,2025-12,95,71.56,75.33,30,22.6,MANUAL
EMP0068,COST_EFFICIENCY,2025-12,90,69.98,77.76,20,15.55,MANUAL
EMP0069,ATTENDANCE_RATE,2025-12,95,90.48,95.24,30,28.57,ATTENDANCE
EMP0069,PUNCTUALITY,2025-12,90,89.47,99.42,20,19.88,ATTENDANCE
EMP0069,TASK_COMPLETION_RATE,2025-12,95,65.43,68.87,30,20.66,MANUAL
EMP0069,COST_EFFICIENCY,2025-12,90,64.54,71.71,20,14.34,MANUAL
EMP0070,ATTENDANCE_RATE,2025-12,95,80.95,85.21,30,25.56,ATTENDANCE
EMP0070,PUNCTUALITY,2025-12,90,64.71,71.9,20,14.38,ATTENDANCE
EMP0070,TASK_COMPLETION_RATE,2025-12,95,67.96,71.54,30,21.46,MANUAL
EMP0070,COST_EFFICIENCY,2025-12,90,69.64,77.38,20,15.48,MANUAL
EMP0071,ATTENDANCE_RATE,2025-12,95,90.48,95.24,15,14.29,ATTENDANCE
EMP0071,TASK_COMPLETION_RATE,2025-12,95,81.32,85.6,25,21.4,MANUAL
EMP0071,COST_EFFICIENCY,2025-12,90,69.84,77.6,20,15.52,MANUAL
EMP0071,MANAGEMENT_EFFECTIVENESS,2025-12,90,70.56,78.4,40,31.36,MANUAL
EMP0072,ATTENDANCE_RATE,2025-12,95,80.95,85.21,30,25.56,ATTENDANCE
EMP0072,PUNCTUALITY,2025-12,90,64.71,71.9,20,14.38,ATTENDANCE
EMP0072,TASK_COMPLETION_RATE,2025-12,95,47.42,49.92,35,17.47,MANUAL
EMP0072,COST_EFFICIENCY,2025-12,90,40.61,45.12,15,6.77,MANUAL
EMP0073,ATTENDANCE_RATE,2025-12,95,76.19,80.2,30,24.06,ATTENDANCE
EMP0073,PUNCTUALITY,2025-12,90,68.75,76.39,20,15.28,ATTENDANCE
EMP0073,TASK_COMPLETION_RATE,2025-12,95,67.69,71.25,35,24.94,MANUAL
EMP0073,COST_EFFICIENCY,2025-12,90,72.9,81,15,12.15,MANUAL
EMP0075,ATTENDANCE_RATE,2025-12,95,90.48,95.24,30,28.57,ATTENDANCE
EMP0075,PUNCTUALITY,2025-12,90,84.21,93.57,20,18.71,ATTENDANCE
EMP0075,TASK_COMPLETION_RATE,2025-12,95,63.8,67.16,35,23.51,MANUAL
EMP0075,COST_EFFICIENCY,2025-12,90,63.07,70.08,15,10.51,MANUAL
EMP0076,ATTENDANCE_RATE,2025-12,95,95.24,100.25,30,30.08,ATTENDANCE
EMP0076,PUNCTUALITY,2025-12,90,70,77.78,20,15.56,ATTENDANCE
EMP0076,TASK_COMPLETION_RATE,2025-12,95,72.82,76.65,35,26.83,MANUAL
EMP0076,COST_EFFICIENCY,2025-12,90,62.42,69.35,15,10.4,MANUAL
EMP0077,ATTENDANCE_RATE,2025-12,95,100,105.26,30,31.58,ATTENDANCE
EMP0077,PUNCTUALITY,2025-12,90,71.43,79.37,20,15.87,ATTENDANCE
EMP0077,TASK_COMPLETION_RATE,2025-12,95,68.12,71.71,35,25.1,MANUAL
EMP0077,COST_EFFICIENCY,2025-12,90,59.43,66.03,15,9.9,MANUAL
EMP0078,ATTENDANCE_RATE,2025-12,95,100,105.26,30,31.58,ATTENDANCE
EMP0078,PUNCTUALITY,2025-12,90,76.19,84.66,20,16.93,ATTENDANCE
EMP0078,TASK_COMPLETION_RATE,2025-12,95,70.49,74.2,35,25.97,MANUAL
EMP0078,COST_EFFICIENCY,2025-12,90,65.52,72.8,15,10.92,MANUAL
EMP0079,ATTENDANCE_RATE,2025-12,95,90.48,95.24,30,28.57,ATTENDANCE
EMP0079,PUNCTUALITY,2025-12,90,89.47,99.42,20,19.88,ATTENDANCE
EMP0079,TASK_COMPLETION_RATE,2025-12,95,67.72,71.28,35,24.95,MANUAL
EMP0079,COST_EFFICIENCY,2025-12,90,68.69,76.32,15,11.45,MANUAL
EMP0080,ATTENDANCE_RATE,2025-12,95,95.24,100.25,30,30.08,ATTENDANCE
EMP0080,PUNCTUALITY,2025-12,90,75,83.33,20,16.67,ATTENDANCE
EMP0080,TASK_COMPLETION_RATE,2025-12,95,100,105.26,35,36.84,MANUAL
EMP0080,COST_EFFICIENCY,2025-12,90,100,111.11,15,16.67,MANUAL
EMP0082,ATTENDANCE_RATE,2025-12,95,80.95,85.21,30,25.56,ATTENDANCE
EMP0082,PUNCTUALITY,2025-12,90,52.94,58.82,20,11.76,ATTENDANCE
EMP0082,TASK_COMPLETION_RATE,2025-12,95,72.45,76.26,35,26.69,MANUAL
EMP0082,COST_EFFICIENCY,2025-12,90,75.28,83.64,15,12.55,MANUAL
EMP0083,ATTENDANCE_RATE,2025-12,95,100,105.26,15,15.79,ATTENDANCE
EMP0083,TASK_COMPLETION_RATE,2025-12,95,78.8,82.95,35,29.03,MANUAL
EMP0083,MANAGEMENT_EFFECTIVENESS,2025-12,90,74.66,82.95,50,41.48,MANUAL
EMP0084,ATTENDANCE_RATE,2025-12,95,85.71,90.23,30,27.07,ATTENDANCE
EMP0084,PUNCTUALITY,2025-12,90,66.67,74.07,20,14.81,ATTENDANCE
EMP0084,TASK_COMPLETION_RATE,2025-12,95,61.37,64.6,50,32.3,MANUAL
EMP0085,ATTENDANCE_RATE,2025-12,95,90.48,95.24,30,28.57,ATTENDANCE
EMP0085,PUNCTUALITY,2025-12,90,73.68,81.87,20,16.37,ATTENDANCE
EMP0085,TASK_COMPLETION_RATE,2025-12,95,71.88,75.66,50,37.83,MANUAL
EMP0086,ATTENDANCE_RATE,2025-12,95,100,105.26,30,31.58,ATTENDANCE
EMP0086,PUNCTUALITY,2025-12,90,100,111.11,20,22.22,ATTENDANCE
EMP0086,TASK_COMPLETION_RATE,2025-12,95,65.25,68.68,50,34.34,MANUAL
EMP0087,ATTENDANCE_RATE,2025-12,95,95.24,100.25,30,30.08,ATTENDANCE
EMP0087,PUNCTUALITY,2025-12,90,60,66.67,20,13.33,ATTENDANCE
EMP0087,TASK_COMPLETION_RATE,2025-12,95,80.03,84.24,50,42.12,MANUAL
EMP0088,ATTENDANCE_RATE,2025-12,95,95.24,100.25,30,30.08,ATTENDANCE
EMP0088,PUNCTUALITY,2025-12,90,85,94.44,20,18.89,ATTENDANCE
EMP0088,TASK_COMPLETION_RATE,2025-12,95,73.36,77.22,50,38.61,MANUAL
EMP0089,ATTENDANCE_RATE,2025-12,95,100,105.26,30,31.58,ATTENDANCE
EMP0089,PUNCTUALITY,2025-12,90,57.14,63.49,20,12.7,ATTENDANCE
EMP0089,TASK_COMPLETION_RATE,2025-12,95,66.1,69.58,50,34.79,MANUAL
EMP0091,ATTENDANCE_RATE,2025-12,95,95.24,100.25,10,10.03,ATTENDANCE
EMP0091,TASK_COMPLETION_RATE,2025-12,95,66.86,70.38,20,14.08,MANUAL
EMP0091,COST_EFFICIENCY,2025-12,90,62.72,69.69,25,17.42,MANUAL
EMP0091,MANAGEMENT_EFFECTIVENESS,2025-12,90,59.62,66.24,45,29.81,MANUAL
EMP0092,ATTENDANCE_RATE,2025-12,95,100,105.26,25,26.32,ATTENDANCE
EMP0092,PUNCTUALITY,2025-12,90,90.48,100.53,15,15.08,ATTENDANCE
EMP0092,TASK_COMPLETION_RATE,2025-12,95,69.77,73.44,30,22.03,MANUAL
EMP0092,COST_EFFICIENCY,2025-12,90,69.34,77.04,30,23.11,MANUAL
EMP0093,ATTENDANCE_RATE,2025-12,95,100,105.26,25,26.32,ATTENDANCE
EMP0093,PUNCTUALITY,2025-12,90,76.19,84.66,15,12.7,ATTENDANCE
EMP0093,TASK_COMPLETION_RATE,2025-12,95,75.81,79.8,30,23.94,MANUAL
EMP0093,COST_EFFICIENCY,2025-12,90,70.45,78.28,30,23.48,MANUAL
EMP0094,ATTENDANCE_RATE,2025-12,95,90.48,95.24,25,23.81,ATTENDANCE
EMP0094,PUNCTUALITY,2025-12,90,68.42,76.02,15,11.4,ATTENDANCE
EMP0094,TASK_COMPLETION_RATE,2025-12,95,67.45,71,30,21.3,MANUAL
EMP0094,COST_EFFICIENCY,2025-12,90,63.9,71,30,21.3,MANUAL
EMP0095,ATTENDANCE_RATE,2025-12,95,100,105.26,25,26.32,ATTENDANCE
EMP0095,PUNCTUALITY,2025-12,90,100,111.11,15,16.67,ATTENDANCE
EMP0095,TASK_COMPLETION_RATE,2025-12,95,61.85,65.1,30,19.53,MANUAL
EMP0095,COST_EFFICIENCY,2025-12,90,63,70,30,21,MANUAL
EMP0096,ATTENDANCE_RATE,2025-12,95,80.95,85.21,25,21.3,ATTENDANCE
EMP0096,PUNCTUALITY,2025-12,90,52.94,58.82,15,8.82,ATTENDANCE
EMP0096,TASK_COMPLETION_RATE,2025-12,95,98.8,104,30,31.2,MANUAL
EMP0096,COST_EFFICIENCY,2025-12,90,83.7,93,30,27.9,MANUAL
EMP0097,ATTENDANCE_RATE,2025-12,95,95.24,100.25,25,25.06,ATTENDANCE
EMP0097,PUNCTUALITY,2025-12,90,80,88.89,15,13.33,ATTENDANCE
EMP0097,TASK_COMPLETION_RATE,2025-12,95,91.98,96.82,30,29.05,MANUAL
EMP0097,COST_EFFICIENCY,2025-12,90,96.41,107.12,30,32.14,MANUAL
EMP0098,ATTENDANCE_RATE,2025-12,95,100,105.26,25,26.32,ATTENDANCE
EMP0098,PUNCTUALITY,2025-12,90,100,111.11,15,16.67,ATTENDANCE
EMP0098,TASK_COMPLETION_RATE,2025-12,95,83.58,87.98,30,26.39,MANUAL
EMP0098,COST_EFFICIENCY,2025-12,90,73.21,81.34,30,24.4,MANUAL
EMP0100,ATTENDANCE_RATE,2025-12,95,85.71,90.23,25,22.56,ATTENDANCE
EMP0100,PUNCTUALITY,2025-12,90,72.22,80.25,15,12.04,ATTENDANCE
EMP0100,TASK_COMPLETION_RATE,2025-12,95,36.71,38.64,30,11.59,MANUAL
EMP0100,COST_EFFICIENCY,2025-12,90,35.53,39.48,30,11.84,MANUAL
EMP0001,ATTENDANCE_RATE,2026-01,95,90.48,95.24,10,9.52,ATTENDANCE
EMP0001,MANAGEMENT_EFFECTIVENESS,2026-01,90,69.3,77,90,69.3,MANUAL
EMP0002,ATTENDANCE_RATE,2026-01,95,80.95,85.21,15,12.78,ATTENDANCE
EMP0002,TASK_COMPLETION_RATE,2026-01,95,79.14,83.3,35,29.16,MANUAL
EMP0002,MANAGEMENT_EFFECTIVENESS,2026-01,90,78.03,86.7,50,43.35,MANUAL
EMP0003,ATTENDANCE_RATE,2026-01,95,90.48,95.24,35,33.33,ATTENDANCE
EMP0003,PUNCTUALITY,2026-01,90,73.68,81.87,25,20.47,ATTENDANCE
EMP0003,TASK_COMPLETION_RATE,2026-01,95,92.17,97.02,40,38.81,MANUAL
EMP0004,ATTENDANCE_RATE,2026-01,95,95.24,100.25,35,35.09,ATTENDANCE
EMP0004,PUNCTUALITY,2026-01,90,90,100,25,25,ATTENDANCE
EMP0004,TASK_COMPLETION_RATE,2026-01,95,79.64,83.83,40,33.53,MANUAL
EMP0005,ATTENDANCE_RATE,2026-01,95,90.48,95.24,35,33.33,ATTENDANCE
EMP0005,PUNCTUALITY,2026-01,90,89.47,99.42,25,24.86,ATTENDANCE
EMP0005,TASK_COMPLETION_RATE,2026-01,95,72.45,76.26,40,30.5,MANUAL
EMP0007,ATTENDANCE_RATE,2026-01,95,100,105.26,35,36.84,ATTENDANCE
EMP0007,PUNCTUALITY,2026-01,90,100,111.11,25,27.78,ATTENDANCE
EMP0007,TASK_COMPLETION_RATE,2026-01,95,100,105.26,40,42.1,MANUAL
EMP0008,ATTENDANCE_RATE,2026-01,95,100,105.26,35,36.84,ATTENDANCE
EMP0008,PUNCTUALITY,2026-01,90,80.95,89.95,25,22.49,ATTENDANCE
EMP0008,TASK_COMPLETION_RATE,2026-01,95,75.05,79,40,31.6,MANUAL
EMP0009,ATTENDANCE_RATE,2026-01,95,90.48,95.24,15,14.29,ATTENDANCE
EMP0009,PRODUCTION_TARGET_ACHIEVEMENT,2026-01,100,85.65,85.65,25,21.41,PRODUCTION
EMP0009,QUALITY_RATE,2026-01,98,95.48,97.43,15,14.61,PRODUCTION
EMP0009,DEFECT_RATE,2026-01,2,4.52,44.22,10,4.42,PRODUCTION
EMP0009,SAFETY_INCIDENTS,2026-01,0,0,150,10,15,PRODUCTION
EMP0009,MANAGEMENT_EFFECTIVENESS,2026-01,90,55.33,61.48,25,15.37,MANUAL
EMP0010,ATTENDANCE_RATE,2026-01,95,90.48,95.24,20,19.05,ATTENDANCE
EMP0010,PUNCTUALITY,2026-01,90,68.42,76.02,10,7.6,ATTENDANCE
EMP0010,PRODUCTION_TARGET_ACHIEVEMENT,2026-01,100,54.59,54.59,30,16.38,PRODUCTION
EMP0010,QUALITY_RATE,2026-01,98,89.44,91.26,20,18.25,PRODUCTION
EMP0010,DEFECT_RATE,2026-01,2,10.56,18.94,10,1.89,PRODUCTION
EMP0010,SAFETY_INCIDENTS,2026-01,0,0,150,10,15,PRODUCTION
EMP0011,ATTENDANCE_RATE,2026-01,95,100,105.26,20,21.05,ATTENDANCE
EMP0011,PUNCTUALITY,2026-01,90,61.9,68.78,10,6.88,ATTENDANCE
EMP0011,PRODUCTION_TARGET_ACHIEVEMENT,2026-01,100,80.25,80.25,30,24.08,PRODUCTION
EMP0011,QUALITY_RATE,2026-01,98,97.8,99.79,20,19.96,PRODUCTION
EMP0011,DEFECT_RATE,2026-01,2,2.2,90.71,10,9.07,PRODUCTION
EMP0011,SAFETY_INCIDENTS,2026-01,0,1,100,10,10,PRODUCTION
EMP0012,ATTENDANCE_RATE,2026-01,95,90.48,95.24,20,19.05,ATTENDANCE
EMP0012,PUNCTUALITY,2026-01,90,47.37,52.63,10,5.26,ATTENDANCE
EMP0012,PRODUCTION_TARGET_ACHIEVEMENT,2026-01,100,75.03,75.03,30,22.51,PRODUCTION
EMP0012,QUALITY_RATE,2026-01,98,98.01,100.01,20,20,PRODUCTION
EMP0012,DEFECT_RATE,2026-01,2,1.99,100.64,10,10.06,PRODUCTION
EMP0012,SAFETY_INCIDENTS,2026-01,0,0,150,10,15,PRODUCTION
EMP0013,ATTENDANCE_RATE,2026-01,95,95.24,100.25,20,20.05,ATTENDANCE
EMP0013,PUNCTUALITY,2026-01,90,60,66.67,10,6.67,ATTENDANCE
EMP0013,PRODUCTION_TARGET_ACHIEVEMENT,2026-01,100,100.2,100.2,30,30.06,PRODUCTION
EMP0013,QUALITY_RATE,2026-01,98,99.6,101.64,20,20.33,PRODUCTION
EMP0013,DEFECT_RATE,2026-01,2,0.4,150,10,15,PRODUCTION
EMP0013,SAFETY_INCIDENTS,2026-01,0,0,150,10,15,PRODUCTION
EMP0014,ATTENDANCE_RATE,2026-01,95,85.71,90.23,20,18.05,ATTENDANCE
EMP0014,PUNCTUALITY,2026-01,90,44.44,49.38,10,4.94,ATTENDANCE
EMP0014,PRODUCTION_TARGET_ACHIEVEMENT,2026-01,100,77.19,77.19,30,23.16,PRODUCTION
EMP0014,QUALITY_RATE,2026-01,98,95.77,97.72,20,19.54,PRODUCTION
EMP0014,DEFECT_RATE,2026-01,2,4.23,47.28,10,4.73,PRODUCTION
EMP0014,SAFETY_INCIDENTS,2026-01,0,0,150,10,15,PRODUCTION
EMP0015,ATTENDANCE_RATE,2026-01,95,95.24,100.25,20,20.05,ATTENDANCE
EMP0015,PUNCTUALITY,2026-01,90,75,83.33,10,8.33,ATTENDANCE
EMP0015,PRODUCTION_TARGET_ACHIEVEMENT,2026-01,100,72.31,72.31,30,21.69,PRODUCTION
EMP0015,QUALITY_RATE,2026-01,98,96.87,98.85,20,19.77,PRODUCTION
EMP0015,DEFECT_RATE,2026-01,2,3.13,63.96,10,6.4,PRODUCTION
EMP0015,SAFETY_INCIDENTS,2026-01,0,1,100,10,10,PRODUCTION
EMP0016,ATTENDANCE_RATE,2026-01,95,95.24,100.25,20,20.05,ATTENDANCE
EMP0016,PUNCTUALITY,2026-01,90,75,83.33,10,8.33,ATTENDANCE
EMP0016,PRODUCTION_TARGET_ACHIEVEMENT,2026-01,100,68.49,68.49,30,20.55,PRODUCTION
EMP0016,QUALITY_RATE,2026-01,98,96.55,98.52,20,19.7,PRODUCTION
EMP0016,DEFECT_RATE,2026-01,2,3.45,57.96,10,5.8,PRODUCTION
EMP0016,SAFETY_INCIDENTS,2026-01,0,0,150,10,15,PRODUCTION
EMP0017,ATTENDANCE_RATE,2026-01,95,100,105.26,20,21.05,ATTENDANCE
EMP0017,PUNCTUALITY,2026-01,90,76.19,84.66,10,8.47,ATTENDANCE
EMP0017,PRODUCTION_TARGET_ACHIEVEMENT,2026-01,100,74.79,74.79,30,22.44,PRODUCTION
EMP0017,QUALITY_RATE,2026-01,98,95.75,97.71,20,19.54,PRODUCTION
EMP0017,DEFECT_RATE,2026-01,2,4.25,47.11,10,4.71,PRODUCTION
EMP0017,SAFETY_INCIDENTS,2026-01,0,0,150,10,15,PRODUCTION
EMP0018,ATTENDANCE_RATE,2026-01,95,90.48,95.24,20,19.05,ATTENDANCE
EMP0018,PUNCTUALITY,2026-01,90,78.95,87.72,10,8.77,ATTENDANCE
EMP0018,PRODUCTION_TARGET_ACHIEVEMENT,2026-01,100,62.49,62.49,30,18.75,PRODUCTION
EMP0018,QUALITY_RATE,2026-01,98,95.8,97.76,20,19.55,PRODUCTION
EMP0018,DEFECT_RATE,2026-01,2,4.2,47.64,10,4.76,PRODUCTION
EMP0018,SAFETY_INCIDENTS,2026-01,0,0,150,10,15,PRODUCTION
EMP0019,ATTENDANCE_RATE,2026-01,95,95.24,100.25,20,20.05,ATTENDANCE
EMP0019,PUNCTUALITY,2026-01,90,100,111.11,10,11.11,ATTENDANCE
EMP0019,PRODUCTION_TARGET_ACHIEVEMENT,2026-01,100,79.69,79.69,30,23.91,PRODUCTION
EMP0019,QUALITY_RATE,2026-01,98,96.43,98.39,20,19.68,PRODUCTION
EMP0019,DEFECT_RATE,2026-01,2,3.57,55.95,10,5.6,PRODUCTION
EMP0019,SAFETY_INCIDENTS,2026-01,0,0,150,10,15,PRODUCTION
EMP0020,ATTENDANCE_RATE,2026-01,95,95.24,100.25,20,20.05,ATTENDANCE
EMP0020,PUNCTUALITY,2026-01,90,100,111.11,10,11.11,ATTENDANCE
EMP0020,PRODUCTION_TARGET_ACHIEVEMENT,2026-01,100,68.08,68.08,30,20.42,PRODUCTION
EMP0020,QUALITY_RATE,2026-01,98,96.56,98.53,20,19.71,PRODUCTION
EMP0020,DEFECT_RATE,2026-01,2,3.44,58.21,10,5.82,PRODUCTION
EMP0020,SAFETY_INCIDENTS,2026-01,0,0,150,10,15,PRODUCTION
EMP0022,ATTENDANCE_RATE,2026-01,95,100,105.26,20,21.05,ATTENDANCE
EMP0022,PUNCTUALITY,2026-01,90,95.24,105.82,10,10.58,ATTENDANCE
EMP0022,PRODUCTION_TARGET_ACHIEVEMENT,2026-01,100,67.33,67.33,30,20.2,PRODUCTION
EMP0022,QUALITY_RATE,2026-01,98,96.63,98.6,20,19.72,PRODUCTION
EMP0022,DEFECT_RATE,2026-01,2,3.37,59.27,10,5.93,PRODUCTION
EMP0022,SAFETY_INCIDENTS,2026-01,0,0,150,10,15,PRODUCTION
EMP0023,ATTENDANCE_RATE,2026-01,95,100,105.26,20,21.05,ATTENDANCE
EMP0023,PUNCTUALITY,2026-01,90,71.43,79.37,10,7.94,ATTENDANCE
EMP0023,PRODUCTION_TARGET_ACHIEVEMENT,2026-01,100,115.09,115.09,30,34.53,PRODUCTION
EMP0023,QUALITY_RATE,2026-01,98,99.68,101.71,20,20.34,PRODUCTION
EMP0023,DEFECT_RATE,2026-01,2,0.32,150,10,15,PRODUCTION
EMP0023,SAFETY_INCIDENTS,2026-01,0,0,150,10,15,PRODUCTION
EMP0024,ATTENDANCE_RATE,2026-01,95,100,105.26,20,21.05,ATTENDANCE
EMP0024,PUNCTUALITY,2026-01,90,95.24,105.82,10,10.58,ATTENDANCE
EMP0024,PRODUCTION_TARGET_ACHIEVEMENT,2026-01,100,77.67,77.67,30,23.3,PRODUCTION
EMP0024,QUALITY_RATE,2026-01,98,95.67,97.62,20,19.52,PRODUCTION
EMP0024,DEFECT_RATE,2026-01,2,4.33,46.18,10,4.62,PRODUCTION
EMP0024,SAFETY_INCIDENTS,2026-01,0,1,100,10,10,PRODUCTION
EMP0025,ATTENDANCE_RATE,2026-01,95,90.48,95.24,20,19.05,ATTENDANCE
EMP0025,PUNCTUALITY,2026-01,90,84.21,93.57,10,9.36,ATTENDANCE
EMP0025,PRODUCTION_TARGET_ACHIEVEMENT,2026-01,100,73.75,73.75,30,22.13,PRODUCTION
EMP0025,QUALITY_RATE,2026-01,98,95.66,97.61,20,19.52,PRODUCTION
EMP0025,DEFECT_RATE,2026-01,2,4.34,46.07,10,4.61,PRODUCTION
EMP0025,SAFETY_INCIDENTS,2026-01,0,0,150,10,15,PRODUCTION
EMP0026,ATTENDANCE_RATE,2026-01,95,90.48,95.24,20,19.05,ATTENDANCE
EMP0026,PUNCTUALITY,2026-01,90,89.47,99.42,10,9.94,ATTENDANCE
EMP0026,PRODUCTION_TARGET_ACHIEVEMENT,2026-01,100,107.54,107.54,30,32.26,PRODUCTION
EMP0026,QUALITY_RATE,2026-01,98,98.75,100.76,20,20.15,PRODUCTION
EMP0026,DEFECT_RATE,2026-01,2,1.25,150,10,15,PRODUCTION
EMP0026,SAFETY_INCIDENTS,2026-01,0,0,150,10,15,PRODUCTION
EMP0027,ATTENDANCE_RATE,2026-01,95,90.48,95.24,20,19.05,ATTENDANCE
EMP0027,PUNCTUALITY,2026-01,90,52.63,58.48,10,5.85,ATTENDANCE
EMP0027,PRODUCTION_TARGET_ACHIEVEMENT,2026-01,100,108.75,108.75,30,32.63,PRODUCTION
EMP0027,QUALITY_RATE,2026-01,98,98.65,100.66,20,20.13,PRODUCTION
EMP0027,DEFECT_RATE,2026-01,2,1.35,147.85,10,14.79,PRODUCTION
EMP0027,SAFETY_INCIDENTS,2026-01,0,0,150,10,15,PRODUCTION
EMP0028,ATTENDANCE_RATE,2026-01,95,90.48,95.24,20,19.05,ATTENDANCE
EMP0028,PUNCTUALITY,2026-01,90,57.89,64.33,10,6.43,ATTENDANCE
EMP0028,PRODUCTION_TARGET_ACHIEVEMENT,2026-01,100,76.04,76.04,30,22.81,PRODUCTION
EMP0028,QUALITY_RATE,2026-01,98,96.55,98.52,20,19.7,PRODUCTION
EMP0028,DEFECT_RATE,2026-01,2,3.45,57.94,10,5.79,PRODUCTION
EMP0028,SAFETY_INCIDENTS,2026-01,0,0,150,10,15,PRODUCTION
EMP0029,ATTENDANCE_RATE,2026-01,95,95.24,100.25,20,20.05,ATTENDANCE
EMP0029,PUNCTUALITY,2026-01,90,60,66.67,10,6.67,ATTENDANCE
EMP0029,PRODUCTION_TARGET_ACHIEVEMENT,2026-01,100,44.48,44.48,30,13.34,PRODUCTION
EMP0029,QUALITY_RATE,2026-01,98,92.57,94.45,20,18.89,PRODUCTION
EMP0029,DEFECT_RATE,2026-01,2,7.43,26.9,10,2.69,PRODUCTION
EMP0029,SAFETY_INCIDENTS,2026-01,0,0,150,10,15,PRODUCTION
EMP0030,ATTENDANCE_RATE,2026-01,95,90.48,95.24,20,19.05,ATTENDANCE
EMP0030,PUNCTUALITY,2026-01,90,84.21,93.57,10,9.36,ATTENDANCE
EMP0030,PRODUCTION_TARGET_ACHIEVEMENT,2026-01,100,48.32,48.32,30,14.5,PRODUCTION
EMP0030,QUALITY_RATE,2026-01,98,93.79,95.71,20,19.14,PRODUCTION
EMP0030,DEFECT_RATE,2026-01,2,6.21,32.22,10,3.22,PRODUCTION
EMP0030,SAFETY_INCIDENTS,2026-01,0,0,150,10,15,PRODUCTION
EMP0031,ATTENDANCE_RATE,2026-01,95,95.24,100.25,20,20.05,ATTENDANCE
EMP0031,PUNCTUALITY,2026-01,90,95,105.56,10,10.56,ATTENDANCE
EMP0031,PRODUCTION_TARGET_ACHIEVEMENT,2026-01,100,70.37,70.37,30,21.11,PRODUCTION
EMP0031,QUALITY_RATE,2026-01,98,96.71,98.69,20,19.74,PRODUCTION
EMP0031,DEFECT_RATE,2026-01,2,3.29,60.87,10,6.09,PRODUCTION
EMP0031,SAFETY_INCIDENTS,2026-01,0,0,150,10,15,PRODUCTION
EMP0032,ATTENDANCE_RATE,2026-01,95,80.95,85.21,20,17.04,ATTENDANCE
EMP0032,PUNCTUALITY,2026-01,90,64.71,71.9,10,7.19,ATTENDANCE
EMP0032,PRODUCTION_TARGET_ACHIEVEMENT,2026-01,100,109.12,109.12,30,32.74,PRODUCTION
EMP0032,QUALITY_RATE,2026-01,98,98.67,100.69,20,20.14,PRODUCTION
EMP0032,DEFECT_RATE,2026-01,2,1.33,150,10,15,PRODUCTION
EMP0032,SAFETY_INCIDENTS,2026-01,0,0,150,10,15,PRODUCTION
EMP0033,ATTENDANCE_RATE,2026-01,95,71.43,75.19,20,15.04,ATTENDANCE
EMP0033,PUNCTUALITY,2026-01,90,73.33,81.48,10,8.15,ATTENDANCE
EMP0033,PRODUCTION_TARGET_ACHIEVEMENT,2026-01,100,79.99,79.99,30,24,PRODUCTION
EMP0033,QUALITY_RATE,2026-01,98,96.61,98.58,20,19.72,PRODUCTION
EMP0033,DEFECT_RATE,2026-01,2,3.39,58.91,10,5.89,PRODUCTION
EMP0033,SAFETY_INCIDENTS,2026-01,0,0,150,10,15,PRODUCTION
EMP0034,ATTENDANCE_RATE,2026-01,95,100,105.26,20,21.05,ATTENDANCE
EMP0034,PUNCTUALITY,2026-01,90,71.43,79.37,10,7.94,ATTENDANCE
EMP0034,PRODUCTION_TARGET_ACHIEVEMENT,2026-01,100,73.09,73.09,30,21.93,PRODUCTION
EMP0034,QUALITY_RATE,2026-01,98,96.68,98.65,20,19.73,PRODUCTION
EMP0034,DEFECT_RATE,2026-01,2,3.32,60.19,10,6.02,PRODUCTION
EMP0034,SAFETY_INCIDENTS,2026-01,0,0,150,10,15,PRODUCTION
EMP0035,ATTENDANCE_RATE,2026-01,95,90.48,95.24,20,19.05,ATTENDANCE
EMP0035,PUNCTUALITY,2026-01,90,63.16,70.18,10,7.02,ATTENDANCE
EMP0035,PRODUCTION_TARGET_ACHIEVEMENT,2026-01,100,54.32,54.32,30,16.3,PRODUCTION
EMP0035,QUALITY_RATE,2026-01,98,91.79,93.67,20,18.73,PRODUCTION
EMP0035,DEFECT_RATE,2026-01,2,8.21,24.38,10,2.44,PRODUCTION
EMP0035,SAFETY_INCIDENTS,2026-01,0,0,150,10,15,PRODUCTION
EMP0037,ATTENDANCE_RATE,2026-01,95,95.24,100.25,20,20.05,ATTENDANCE
EMP0037,PUNCTUALITY,2026-01,90,90,100,10,10,ATTENDANCE
EMP0037,PRODUCTION_TARGET_ACHIEVEMENT,2026-01,100,71.26,71.26,30,21.38,PRODUCTION
EMP0037,QUALITY_RATE,2026-01,98,97.77,99.77,20,19.95,PRODUCTION
EMP0037,DEFECT_RATE,2026-01,2,2.23,89.82,10,8.98,PRODUCTION
EMP0037,SAFETY_INCIDENTS,2026-01,0,0,150,10,15,PRODUCTION
EMP0038,ATTENDANCE_RATE,2026-01,95,90.48,95.24,20,19.05,ATTENDANCE
EMP0038,PUNCTUALITY,2026-01,90,73.68,81.87,10,8.19,ATTENDANCE
EMP0038,PRODUCTION_TARGET_ACHIEVEMENT,2026-01,100,72.73,72.73,30,21.82,PRODUCTION
EMP0038,QUALITY_RATE,2026-01,98,97.59,99.58,20,19.92,PRODUCTION
EMP0038,DEFECT_RATE,2026-01,2,2.41,82.88,10,8.29,PRODUCTION
EMP0038,SAFETY_INCIDENTS,2026-01,0,0,150,10,15,PRODUCTION
EMP0039,ATTENDANCE_RATE,2026-01,95,100,105.26,20,21.05,ATTENDANCE
EMP0039,PUNCTUALITY,2026-01,90,76.19,84.66,10,8.47,ATTENDANCE
EMP0039,PRODUCTION_TARGET_ACHIEVEMENT,2026-01,100,79.71,79.71,30,23.91,PRODUCTION
EMP0039,QUALITY_RATE,2026-01,98,96.66,98.63,20,19.73,PRODUCTION
EMP0039,DEFECT_RATE,2026-01,2,3.34,59.81,10,5.98,PRODUCTION
EMP0039,SAFETY_INCIDENTS,2026-01,0,0,150,10,15,PRODUCTION
EMP0040,ATTENDANCE_RATE,2026-01,95,71.43,75.19,20,15.04,ATTENDANCE
EMP0040,PUNCTUALITY,2026-01,90,66.67,74.07,10,7.41,ATTENDANCE
EMP0040,PRODUCTION_TARGET_ACHIEVEMENT,2026-01,100,75.81,75.81,30,22.74,PRODUCTION
EMP0040,QUALITY_RATE,2026-01,98,97.6,99.59,20,19.92,PRODUCTION
EMP0040,DEFECT_RATE,2026-01,2,2.4,83.32,10,8.33,PRODUCTION
EMP0040,SAFETY_INCIDENTS,2026-01,0,0,150,10,15,PRODUCTION
EMP0041,ATTENDANCE_RATE,2026-01,95,100,105.26,20,21.05,ATTENDANCE
EMP0041,PUNCTUALITY,2026-01,90,66.67,74.07,10,7.41,ATTENDANCE
EMP0041,PRODUCTION_TARGET_ACHIEVEMENT,2026-01,100,72.44,72.44,30,21.73,PRODUCTION
EMP0041,QUALITY_RATE,2026-01,98,96.5,98.47,20,19.69,PRODUCTION
EMP0041,DEFECT_RATE,2026-01,2,3.5,57.1,10,5.71,PRODUCTION
EMP0041,SAFETY_INCIDENTS,2026-01,0,0,150,10,15,PRODUCTION
EMP0042,ATTENDANCE_RATE,2026-01,95,76.19,80.2,20,16.04,ATTENDANCE
EMP0042,PUNCTUALITY,2026-01,90,43.75,48.61,10,4.86,ATTENDANCE
EMP0042,PRODUCTION_TARGET_ACHIEVEMENT,2026-01,100,71.85,71.85,30,21.56,PRODUCTION
EMP0042,QUALITY_RATE,2026-01,98,96.83,98.81,20,19.76,PRODUCTION
EMP0042,DEFECT_RATE,2026-01,2,3.17,63.17,10,6.32,PRODUCTION
EMP0042,SAFETY_INCIDENTS,2026-01,0,0,150,10,15,PRODUCTION
EMP0043,ATTENDANCE_RATE,2026-01,95,90.48,95.24,20,19.05,ATTENDANCE
EMP0043,PUNCTUALITY,2026-01,90,94.74,105.26,10,10.53,ATTENDANCE
EMP0043,PRODUCTION_TARGET_ACHIEVEMENT,2026-01,100,70.21,70.21,30,21.06,PRODUCTION
EMP0043,QUALITY_RATE,2026-01,98,96.86,98.83,20,19.77,PRODUCTION
EMP0043,DEFECT_RATE,2026-01,2,3.14,63.64,10,6.36,PRODUCTION
EMP0043,SAFETY_INCIDENTS,2026-01,0,0,150,10,15,PRODUCTION
EMP0044,ATTENDANCE_RATE,2026-01,95,90.48,95.24,20,19.05,ATTENDANCE
EMP0044,PUNCTUALITY,2026-01,90,68.42,76.02,10,7.6,ATTENDANCE
EMP0044,PRODUCTION_TARGET_ACHIEVEMENT,2026-01,100,117.2,117.2,30,35.16,PRODUCTION
EMP0044,QUALITY_RATE,2026-01,98,98.9,100.91,20,20.18,PRODUCTION
EMP0044,DEFECT_RATE,2026-01,2,1.1,150,10,15,PRODUCTION
EMP0044,SAFETY_INCIDENTS,2026-01,0,0,150,10,15,PRODUCTION
EMP0045,ATTENDANCE_RATE,2026-01,95,85.71,90.23,20,18.05,ATTENDANCE
EMP0045,PUNCTUALITY,2026-01,90,88.89,98.77,10,9.88,ATTENDANCE
EMP0045,PRODUCTION_TARGET_ACHIEVEMENT,2026-01,100,68.58,68.58,30,20.57,PRODUCTION
EMP0045,QUALITY_RATE,2026-01,98,96.66,98.64,20,19.73,PRODUCTION
EMP0045,DEFECT_RATE,2026-01,2,3.34,59.96,10,6,PRODUCTION
EMP0045,SAFETY_INCIDENTS,2026-01,0,0,150,10,15,PRODUCTION
EMP0046,ATTENDANCE_RATE,2026-01,95,95.24,100.25,20,20.05,ATTENDANCE
EMP0046,PUNCTUALITY,2026-01,90,85,94.44,10,9.44,ATTENDANCE
EMP0046,PRODUCTION_TARGET_ACHIEVEMENT,2026-01,100,46.34,46.34,30,13.9,PRODUCTION
EMP0046,QUALITY_RATE,2026-01,98,90.71,92.56,20,18.51,PRODUCTION
EMP0046,DEFECT_RATE,2026-01,2,9.29,21.52,10,2.15,PRODUCTION
EMP0046,SAFETY_INCIDENTS,2026-01,0,0,150,10,15,PRODUCTION
EMP0047,ATTENDANCE_RATE,2026-01,95,90.48,95.24,20,19.05,ATTENDANCE
EMP0047,PUNCTUALITY,2026-01,90,89.47,99.42,10,9.94,ATTENDANCE
EMP0047,PRODUCTION_TARGET_ACHIEVEMENT,2026-01,100,72.91,72.91,30,21.87,PRODUCTION
EMP0047,QUALITY_RATE,2026-01,98,96.83,98.81,20,19.76,PRODUCTION
EMP0047,DEFECT_RATE,2026-01,2,3.17,63.1,10,6.31,PRODUCTION
EMP0047,SAFETY_INCIDENTS,2026-01,0,0,150,10,15,PRODUCTION
EMP0049,ATTENDANCE_RATE,2026-01,95,90.48,95.24,15,14.29,ATTENDANCE
EMP0049,QUALITY_RATE,2026-01,98,0,0,25,0,PRODUCTION
EMP0049,DEFECT_RATE,2026-01,2,0,150,20,30,PRODUCTION
EMP0049,MANAGEMENT_EFFECTIVENESS,2026-01,90,51.48,57.2,40,22.88,MANUAL
EMP0050,ATTENDANCE_RATE,2026-01,95,95.24,100.25,20,20.05,ATTENDANCE
EMP0050,PUNCTUALITY,2026-01,90,85,94.44,15,14.17,ATTENDANCE
EMP0050,QUALITY_RATE,2026-01,98,0,0,35,0,PRODUCTION
EMP0050,DEFECT_RATE,2026-01,2,0,150,30,45,PRODUCTION
EMP0051,ATTENDANCE_RATE,2026-01,95,76.19,80.2,20,16.04,ATTENDANCE
EMP0051,PUNCTUALITY,2026-01,90,31.25,34.72,15,5.21,ATTENDANCE
EMP0051,QUALITY_RATE,2026-01,98,0,0,35,0,PRODUCTION
EMP0051,DEFECT_RATE,2026-01,2,0,150,30,45,PRODUCTION
EMP0052,ATTENDANCE_RATE,2026-01,95,90.48,95.24,20,19.05,ATTENDANCE
EMP0052,PUNCTUALITY,2026-01,90,47.37,52.63,15,7.89,ATTENDANCE
EMP0052,QUALITY_RATE,2026-01,98,0,0,35,0,PRODUCTION
EMP0052,DEFECT_RATE,2026-01,2,0,150,30,45,PRODUCTION
EMP0054,ATTENDANCE_RATE,2026-01,95,90.48,95.24,20,19.05,ATTENDANCE
EMP0054,PUNCTUALITY,2026-01,90,78.95,87.72,15,13.16,ATTENDANCE
EMP0054,QUALITY_RATE,2026-01,98,0,0,35,0,PRODUCTION
EMP0054,DEFECT_RATE,2026-01,2,0,150,30,45,PRODUCTION
EMP0055,ATTENDANCE_RATE,2026-01,95,95.24,100.25,20,20.05,ATTENDANCE
EMP0055,PUNCTUALITY,2026-01,90,70,77.78,15,11.67,ATTENDANCE
EMP0055,QUALITY_RATE,2026-01,98,0,0,35,0,PRODUCTION
EMP0055,DEFECT_RATE,2026-01,2,0,150,30,45,PRODUCTION
EMP0057,ATTENDANCE_RATE,2026-01,95,90.48,95.24,20,19.05,ATTENDANCE
EMP0057,PUNCTUALITY,2026-01,90,78.95,87.72,15,13.16,ATTENDANCE
EMP0057,QUALITY_RATE,2026-01,98,0,0,35,0,PRODUCTION
EMP0057,DEFECT_RATE,2026-01,2,0,150,30,45,PRODUCTION
EMP0059,ATTENDANCE_RATE,2026-01,95,95.24,100.25,20,20.05,ATTENDANCE
EMP0059,PUNCTUALITY,2026-01,90,70,77.78,15,11.67,ATTENDANCE
EMP0059,QUALITY_RATE,2026-01,98,0,0,35,0,PRODUCTION
EMP0059,DEFECT_RATE,2026-01,2,0,150,30,45,PRODUCTION
EMP0061,ATTENDANCE_RATE,2026-01,95,85.71,90.23,15,13.53,ATTENDANCE
EMP0061,TASK_COMPLETION_RATE,2026-01,95,76.08,80.08,25,20.02,MANUAL
EMP0061,COST_EFFICIENCY,2026-01,90,67.22,74.69,20,14.94,MANUAL
EMP0061,MANAGEMENT_EFFECTIVENESS,2026-01,90,71.38,79.31,40,31.72,MANUAL
EMP0062,ATTENDANCE_RATE,2026-01,95,76.19,80.2,30,24.06,ATTENDANCE
EMP0062,PUNCTUALITY,2026-01,90,31.25,34.72,20,6.94,ATTENDANCE
EMP0062,TASK_COMPLETION_RATE,2026-01,95,67.72,71.28,30,21.38,MANUAL
EMP0062,COST_EFFICIENCY,2026-01,90,62.21,69.12,20,13.82,MANUAL
EMP0063,ATTENDANCE_RATE,2026-01,95,90.48,95.24,30,28.57,ATTENDANCE
EMP0063,PUNCTUALITY,2026-01,90,84.21,93.57,20,18.71,ATTENDANCE
EMP0063,TASK_COMPLETION_RATE,2026-01,95,47.83,50.35,30,15.11,MANUAL
EMP0063,COST_EFFICIENCY,2026-01,90,51.04,56.71,20,11.34,MANUAL
EMP0064,ATTENDANCE_RATE,2026-01,95,95.24,100.25,30,30.08,ATTENDANCE
EMP0064,PUNCTUALITY,2026-01,90,65,72.22,20,14.44,ATTENDANCE
EMP0064,TASK_COMPLETION_RATE,2026-01,95,69.35,73,30,21.9,MANUAL
EMP0064,COST_EFFICIENCY,2026-01,90,68.33,75.92,20,15.18,MANUAL
EMP0065,ATTENDANCE_RATE,2026-01,95,100,105.26,30,31.58,ATTENDANCE
EMP0065,PUNCTUALITY,2026-01,90,80.95,89.95,20,17.99,ATTENDANCE
EMP0065,TASK_COMPLETION_RATE,2026-01,95,100,105.26,30,31.58,MANUAL
EMP0065,COST_EFFICIENCY,2026-01,90,90.85,100.94,20,20.19,MANUAL
EMP0066,ATTENDANCE_RATE,2026-01,95,85.71,90.23,30,27.07,ATTENDANCE
EMP0066,PUNCTUALITY,2026-01,90,44.44,49.38,20,9.88,ATTENDANCE
EMP0066,TASK_COMPLETION_RATE,2026-01,95,47.42,49.92,30,14.98,MANUAL
EMP0066,COST_EFFICIENCY,2026-01,90,44.46,49.4,20,9.88,MANUAL
EMP0067,ATTENDANCE_RATE,2026-01,95,100,105.26,30,31.58,ATTENDANCE
EMP0067,PUNCTUALITY,2026-01,90,95.24,105.82,20,21.16,ATTENDANCE
EMP0067,TASK_COMPLETION_RATE,2026-01,95,67.15,70.68,30,21.2,MANUAL
EMP0067,COST_EFFICIENCY,2026-01,90,69.77,77.52,20,15.5,MANUAL
EMP0068,ATTENDANCE_RATE,2026-01,95,100,105.26,30,31.58,ATTENDANCE
EMP0068,PUNCTUALITY,2026-01,90,71.43,79.37,20,15.87,ATTENDANCE
EMP0068,TASK_COMPLETION_RATE,2026-01,95,82.34,86.67,30,26,MANUAL
EMP0068,COST_EFFICIENCY,2026-01,90,67.8,75.33,20,15.07,MANUAL
EMP0069,ATTENDANCE_RATE,2026-01,95,100,105.26,30,31.58,ATTENDANCE
EMP0069,PUNCTUALITY,2026-01,90,85.71,95.24,20,19.05,ATTENDANCE
EMP0069,TASK_COMPLETION_RATE,2026-01,95,72.17,75.97,30,22.79,MANUAL
EMP0069,COST_EFFICIENCY,2026-01,90,69.01,76.68,20,15.34,MANUAL
EMP0070,ATTENDANCE_RATE,2026-01,95,100,105.26,30,31.58,ATTENDANCE
EMP0070,PUNCTUALITY,2026-01,90,76.19,84.66,20,16.93,ATTENDANCE
EMP0070,TASK_COMPLETION_RATE,2026-01,95,70.04,73.73,30,22.12,MANUAL
EMP0070,COST_EFFICIENCY,2026-01,90,62.42,69.35,20,13.87,MANUAL
EMP0071,ATTENDANCE_RATE,2026-01,95,95.24,100.25,15,15.04,ATTENDANCE
EMP0071,TASK_COMPLETION_RATE,2026-01,95,79.8,84,25,21,MANUAL
EMP0071,COST_EFFICIENCY,2026-01,90,72.72,80.8,20,16.16,MANUAL
EMP0071,MANAGEMENT_EFFECTIVENESS,2026-01,90,75.6,84,40,33.6,MANUAL
EMP0072,ATTENDANCE_RATE,2026-01,95,95.24,100.25,30,30.08,ATTENDANCE
EMP0072,PUNCTUALITY,2026-01,90,75,83.33,20,16.67,ATTENDANCE
EMP0072,TASK_COMPLETION_RATE,2026-01,95,44.23,46.56,35,16.3,MANUAL
EMP0072,COST_EFFICIENCY,2026-01,90,42.34,47.04,15,7.06,MANUAL
EMP0073,ATTENDANCE_RATE,2026-01,95,80.95,85.21,30,25.56,ATTENDANCE
EMP0073,PUNCTUALITY,2026-01,90,82.35,91.5,20,18.3,ATTENDANCE
EMP0073,TASK_COMPLETION_RATE,2026-01,95,67.69,71.25,35,24.94,MANUAL
EMP0073,COST_EFFICIENCY,2026-01,90,70.88,78.75,15,11.81,MANUAL
EMP0075,ATTENDANCE_RATE,2026-01,95,90.48,95.24,30,28.57,ATTENDANCE
EMP0075,PUNCTUALITY,2026-01,90,73.68,81.87,20,16.37,ATTENDANCE
EMP0075,TASK_COMPLETION_RATE,2026-01,95,66.58,70.08,35,24.53,MANUAL
EMP0075,COST_EFFICIENCY,2026-01,90,60.44,67.16,15,10.07,MANUAL
EMP0076,ATTENDANCE_RATE,2026-01,95,95.24,100.25,30,30.08,ATTENDANCE
EMP0076,PUNCTUALITY,2026-01,90,60,66.67,20,13.33,ATTENDANCE
EMP0076,TASK_COMPLETION_RATE,2026-01,95,71.43,75.19,35,26.32,MANUAL
EMP0076,COST_EFFICIENCY,2026-01,90,61.1,67.89,15,10.18,MANUAL
EMP0077,ATTENDANCE_RATE,2026-01,95,90.48,95.24,30,28.57,ATTENDANCE
EMP0077,PUNCTUALITY,2026-01,90,84.21,93.57,20,18.71,ATTENDANCE
EMP0077,TASK_COMPLETION_RATE,2026-01,95,62.73,66.03,35,23.11,MANUAL
EMP0077,COST_EFFICIENCY,2026-01,90,60.71,67.45,15,10.12,MANUAL
EMP0078,ATTENDANCE_RATE,2026-01,95,100,105.26,30,31.58,ATTENDANCE
EMP0078,PUNCTUALITY,2026-01,90,90.48,100.53,20,20.11,ATTENDANCE
EMP0078,TASK_COMPLETION_RATE,2026-01,95,69.83,73.5,35,25.73,MANUAL
EMP0078,COST_EFFICIENCY,2026-01,90,64.89,72.1,15,10.82,MANUAL
EMP0079,ATTENDANCE_RATE,2026-01,95,85.71,90.23,30,27.07,ATTENDANCE
EMP0079,PUNCTUALITY,2026-01,90,44.44,49.38,20,9.88,ATTENDANCE
EMP0079,TASK_COMPLETION_RATE,2026-01,95,62.93,66.24,35,23.18,MANUAL
EMP0079,COST_EFFICIENCY,2026-01,90,61.56,68.4,15,10.26,MANUAL
EMP0080,ATTENDANCE_RATE,2026-01,95,85.71,90.23,30,27.07,ATTENDANCE
EMP0080,PUNCTUALITY,2026-01,90,77.78,86.42,20,17.28,ATTENDANCE
EMP0080,TASK_COMPLETION_RATE,2026-01,95,93.65,98.58,35,34.5,MANUAL
EMP0080,COST_EFFICIENCY,2026-01,90,99.22,110.24,15,16.54,MANUAL
EMP0082,ATTENDANCE_RATE,2026-01,95,61.9,65.16,30,19.55,ATTENDANCE
EMP0082,PUNCTUALITY,2026-01,90,61.54,68.38,20,13.68,ATTENDANCE
EMP0082,TASK_COMPLETION_RATE,2026-01,95,81.02,85.28,35,29.85,MANUAL
EMP0082,COST_EFFICIENCY,2026-01,90,69.37,77.08,15,11.56,MANUAL
EMP0083,ATTENDANCE_RATE,2026-01,95,100,105.26,15,15.79,ATTENDANCE
EMP0083,TASK_COMPLETION_RATE,2026-01,95,80.3,84.53,35,29.59,MANUAL
EMP0083,MANAGEMENT_EFFECTIVENESS,2026-01,90,73.94,82.16,50,41.08,MANUAL
EMP0084,ATTENDANCE_RATE,2026-01,95,85.71,90.23,30,27.07,ATTENDANCE
EMP0084,PUNCTUALITY,2026-01,90,72.22,80.25,20,16.05,ATTENDANCE
EMP0084,TASK_COMPLETION_RATE,2026-01,95,69.12,72.76,50,36.38,MANUAL
EMP0085,ATTENDANCE_RATE,2026-01,95,90.48,95.24,30,28.57,ATTENDANCE
EMP0085,PUNCTUALITY,2026-01,90,68.42,76.02,20,15.2,ATTENDANCE
EMP0085,TASK_COMPLETION_RATE,2026-01,95,73.36,77.22,50,38.61,MANUAL
EMP0086,ATTENDANCE_RATE,2026-01,95,100,105.26,30,31.58,ATTENDANCE
EMP0086,PUNCTUALITY,2026-01,90,100,111.11,20,22.22,ATTENDANCE
EMP0086,TASK_COMPLETION_RATE,2026-01,95,69.12,72.76,50,36.38,MANUAL
EMP0087,ATTENDANCE_RATE,2026-01,95,90.48,95.24,30,28.57,ATTENDANCE
EMP0087,PUNCTUALITY,2026-01,90,78.95,87.72,20,17.54,ATTENDANCE
EMP0087,TASK_COMPLETION_RATE,2026-01,95,75.58,79.56,50,39.78,MANUAL
EMP0088,ATTENDANCE_RATE,2026-01,95,95.24,100.25,30,30.08,ATTENDANCE
EMP0088,PUNCTUALITY,2026-01,90,45,50,20,10,ATTENDANCE
EMP0088,TASK_COMPLETION_RATE,2026-01,95,80.03,84.24,50,42.12,MANUAL
EMP0089,ATTENDANCE_RATE,2026-01,95,100,105.26,30,31.58,ATTENDANCE
EMP0089,PUNCTUALITY,2026-01,90,80.95,89.95,20,17.99,ATTENDANCE
EMP0089,TASK_COMPLETION_RATE,2026-01,95,70.82,74.55,50,37.28,MANUAL
EMP0091,ATTENDANCE_RATE,2026-01,95,85.71,90.23,10,9.02,ATTENDANCE
EMP0091,TASK_COMPLETION_RATE,2026-01,95,68.83,72.45,20,14.49,MANUAL
EMP0091,COST_EFFICIENCY,2026-01,90,62.1,69,25,17.25,MANUAL
EMP0091,MANAGEMENT_EFFECTIVENESS,2026-01,90,65.21,72.45,45,32.6,MANUAL
EMP0092,ATTENDANCE_RATE,2026-01,95,100,105.26,25,26.32,ATTENDANCE
EMP0092,PUNCTUALITY,2026-01,90,95.24,105.82,15,15.87,ATTENDANCE
EMP0092,TASK_COMPLETION_RATE,2026-01,95,67.72,71.28,30,21.38,MANUAL
EMP0092,COST_EFFICIENCY,2026-01,90,68.04,75.6,30,22.68,MANUAL
EMP0093,ATTENDANCE_RATE,2026-01,95,85.71,90.23,25,22.56,ATTENDANCE
EMP0093,PUNCTUALITY,2026-01,90,83.33,92.59,15,13.89,ATTENDANCE
EMP0093,TASK_COMPLETION_RATE,2026-01,95,68.59,72.2,30,21.66,MANUAL
EMP0093,COST_EFFICIENCY,2026-01,90,70.45,78.28,30,23.48,MANUAL
EMP0094,ATTENDANCE_RATE,2026-01,95,85.71,90.23,25,22.56,ATTENDANCE
EMP0094,PUNCTUALITY,2026-01,90,83.33,92.59,15,13.89,ATTENDANCE
EMP0094,TASK_COMPLETION_RATE,2026-01,95,64.75,68.16,30,20.45,MANUAL
EMP0094,COST_EFFICIENCY,2026-01,90,68.37,75.97,30,22.79,MANUAL
EMP0095,ATTENDANCE_RATE,2026-01,95,100,105.26,25,26.32,ATTENDANCE
EMP0095,PUNCTUALITY,2026-01,90,100,111.11,15,16.67,ATTENDANCE
EMP0095,TASK_COMPLETION_RATE,2026-01,95,67.83,71.4,30,21.42,MANUAL
EMP0095,COST_EFFICIENCY,2026-01,90,66.78,74.2,30,22.26,MANUAL
EMP0096,ATTENDANCE_RATE,2026-01,95,76.19,80.2,25,20.05,ATTENDANCE
EMP0096,PUNCTUALITY,2026-01,90,81.25,90.28,15,13.54,ATTENDANCE
EMP0096,TASK_COMPLETION_RATE,2026-01,95,98.8,104,30,31.2,MANUAL
EMP0096,COST_EFFICIENCY,2026-01,90,96.3,107,30,32.1,MANUAL
EMP0097,ATTENDANCE_RATE,2026-01,95,90.48,95.24,25,23.81,ATTENDANCE
EMP0097,PUNCTUALITY,2026-01,90,73.68,81.87,15,12.28,ATTENDANCE
EMP0097,TASK_COMPLETION_RATE,2026-01,95,90.02,94.76,30,28.43,MANUAL
EMP0097,COST_EFFICIENCY,2026-01,90,88.99,98.88,30,29.66,MANUAL
EMP0098,ATTENDANCE_RATE,2026-01,95,100,105.26,25,26.32,ATTENDANCE
EMP0098,PUNCTUALITY,2026-01,90,100,111.11,15,16.67,ATTENDANCE
EMP0098,TASK_COMPLETION_RATE,2026-01,95,83.58,87.98,30,26.39,MANUAL
EMP0098,COST_EFFICIENCY,2026-01,90,80.68,89.64,30,26.89,MANUAL
EMP0100,ATTENDANCE_RATE,2026-01,95,100,105.26,25,26.32,ATTENDANCE
EMP0100,PUNCTUALITY,2026-01,90,66.67,74.07,15,11.11,ATTENDANCE
EMP0100,TASK_COMPLETION_RATE,2026-01,95,39.9,42,30,12.6,MANUAL
EMP0100,COST_EFFICIENCY,2026-01,90,40.45,44.94,30,13.48,MANUAL
EMP0001,ATTENDANCE_RATE,2026-02,95,94.74,99.72,10,9.97,ATTENDANCE
EMP0001,MANAGEMENT_EFFECTIVENESS,2026-02,90,72.77,80.85,90,72.76,MANUAL
EMP0002,ATTENDANCE_RATE,2026-02,95,89.47,94.18,15,14.13,ATTENDANCE
EMP0002,TASK_COMPLETION_RATE,2026-02,95,75.91,79.9,35,27.97,MANUAL
EMP0002,MANAGEMENT_EFFECTIVENESS,2026-02,90,75.74,84.15,50,42.08,MANUAL
EMP0003,ATTENDANCE_RATE,2026-02,95,84.21,88.64,35,31.02,ATTENDANCE
EMP0003,PUNCTUALITY,2026-02,90,75,83.33,25,20.83,ATTENDANCE
EMP0003,TASK_COMPLETION_RATE,2026-02,95,99.69,104.94,40,41.98,MANUAL
EMP0004,ATTENDANCE_RATE,2026-02,95,100,105.26,35,36.84,ATTENDANCE
EMP0004,PUNCTUALITY,2026-02,90,100,111.11,25,27.78,ATTENDANCE
EMP0004,TASK_COMPLETION_RATE,2026-02,95,80.43,84.66,40,33.86,MANUAL
EMP0005,ATTENDANCE_RATE,2026-02,95,84.21,88.64,35,31.02,ATTENDANCE
EMP0005,PUNCTUALITY,2026-02,90,68.75,76.39,25,19.1,ATTENDANCE
EMP0005,TASK_COMPLETION_RATE,2026-02,95,75.56,79.54,40,31.82,MANUAL
EMP0007,ATTENDANCE_RATE,2026-02,95,100,105.26,35,36.84,ATTENDANCE
EMP0007,PUNCTUALITY,2026-02,90,89.47,99.42,25,24.86,ATTENDANCE
EMP0007,TASK_COMPLETION_RATE,2026-02,95,100,105.26,40,42.1,MANUAL
EMP0008,ATTENDANCE_RATE,2026-02,95,84.21,88.64,35,31.02,ATTENDANCE
EMP0008,PUNCTUALITY,2026-02,90,62.5,69.44,25,17.36,ATTENDANCE
EMP0008,TASK_COMPLETION_RATE,2026-02,95,73.55,77.42,40,30.97,MANUAL
EMP0009,ATTENDANCE_RATE,2026-02,95,78.95,83.1,15,12.47,ATTENDANCE
EMP0009,PRODUCTION_TARGET_ACHIEVEMENT,2026-02,100,85.19,85.19,25,21.3,PRODUCTION
EMP0009,QUALITY_RATE,2026-02,98,95.29,97.23,15,14.58,PRODUCTION
EMP0009,DEFECT_RATE,2026-02,2,4.71,42.44,10,4.24,PRODUCTION
EMP0009,SAFETY_INCIDENTS,2026-02,0,0,150,10,15,PRODUCTION
EMP0009,MANAGEMENT_EFFECTIVENESS,2026-02,90,55.33,61.48,25,15.37,MANUAL
EMP0010,ATTENDANCE_RATE,2026-02,95,100,105.26,20,21.05,ATTENDANCE
EMP0010,PUNCTUALITY,2026-02,90,63.16,70.18,10,7.02,ATTENDANCE
EMP0010,PRODUCTION_TARGET_ACHIEVEMENT,2026-02,100,54.91,54.91,30,16.47,PRODUCTION
EMP0010,QUALITY_RATE,2026-02,98,89.41,91.24,20,18.25,PRODUCTION
EMP0010,DEFECT_RATE,2026-02,2,10.59,18.89,10,1.89,PRODUCTION
EMP0010,SAFETY_INCIDENTS,2026-02,0,0,150,10,15,PRODUCTION
EMP0011,ATTENDANCE_RATE,2026-02,95,94.74,99.72,20,19.94,ATTENDANCE
EMP0011,PUNCTUALITY,2026-02,90,61.11,67.9,10,6.79,ATTENDANCE
EMP0011,PRODUCTION_TARGET_ACHIEVEMENT,2026-02,100,78.06,78.06,30,23.42,PRODUCTION
EMP0011,QUALITY_RATE,2026-02,98,97.95,99.94,20,19.99,PRODUCTION
EMP0011,DEFECT_RATE,2026-02,2,2.05,97.36,10,9.74,PRODUCTION
EMP0011,SAFETY_INCIDENTS,2026-02,0,0,150,10,15,PRODUCTION
EMP0012,ATTENDANCE_RATE,2026-02,95,89.47,94.18,20,18.84,ATTENDANCE
EMP0012,PUNCTUALITY,2026-02,90,76.47,84.97,10,8.5,ATTENDANCE
EMP0012,PRODUCTION_TARGET_ACHIEVEMENT,2026-02,100,75.45,75.45,30,22.64,PRODUCTION
EMP0012,QUALITY_RATE,2026-02,98,97.62,99.61,20,19.92,PRODUCTION
EMP0012,DEFECT_RATE,2026-02,2,2.38,84.07,10,8.41,PRODUCTION
EMP0012,SAFETY_INCIDENTS,2026-02,0,0,150,10,15,PRODUCTION
EMP0013,ATTENDANCE_RATE,2026-02,95,100,105.26,20,21.05,ATTENDANCE
EMP0013,PUNCTUALITY,2026-02,90,68.42,76.02,10,7.6,ATTENDANCE
EMP0013,PRODUCTION_TARGET_ACHIEVEMENT,2026-02,100,99.79,99.79,30,29.94,PRODUCTION
EMP0013,QUALITY_RATE,2026-02,98,99.69,101.72,20,20.34,PRODUCTION
EMP0013,DEFECT_RATE,2026-02,2,0.31,150,10,15,PRODUCTION
EMP0013,SAFETY_INCIDENTS,2026-02,0,0,150,10,15,PRODUCTION
EMP0014,ATTENDANCE_RATE,2026-02,95,84.21,88.64,20,17.73,ATTENDANCE
EMP0014,PUNCTUALITY,2026-02,90,56.25,62.5,10,6.25,ATTENDANCE
EMP0014,PRODUCTION_TARGET_ACHIEVEMENT,2026-02,100,74.88,74.88,30,22.46,PRODUCTION
EMP0014,QUALITY_RATE,2026-02,98,95.86,97.82,20,19.56,PRODUCTION
EMP0014,DEFECT_RATE,2026-02,2,4.14,48.32,10,4.83,PRODUCTION
EMP0014,SAFETY_INCIDENTS,2026-02,0,0,150,10,15,PRODUCTION
EMP0015,ATTENDANCE_RATE,2026-02,95,89.47,94.18,20,18.84,ATTENDANCE
EMP0015,PUNCTUALITY,2026-02,90,70.59,78.43,10,7.84,ATTENDANCE
EMP0015,PRODUCTION_TARGET_ACHIEVEMENT,2026-02,100,71.99,71.99,30,21.6,PRODUCTION
EMP0015,QUALITY_RATE,2026-02,98,96.8,98.78,20,19.76,PRODUCTION
EMP0015,DEFECT_RATE,2026-02,2,3.2,62.51,10,6.25,PRODUCTION
EMP0015,SAFETY_INCIDENTS,2026-02,0,1,100,10,10,PRODUCTION
EMP0016,ATTENDANCE_RATE,2026-02,95,84.21,88.64,20,17.73,ATTENDANCE
EMP0016,PUNCTUALITY,2026-02,90,50,55.56,10,5.56,ATTENDANCE
EMP0016,PRODUCTION_TARGET_ACHIEVEMENT,2026-02,100,70.83,70.83,30,21.25,PRODUCTION
EMP0016,QUALITY_RATE,2026-02,98,96.49,98.46,20,19.69,PRODUCTION
EMP0016,DEFECT_RATE,2026-02,2,3.51,57.02,10,5.7,PRODUCTION
EMP0016,SAFETY_INCIDENTS,2026-02,0,0,150,10,15,PRODUCTION
EMP0017,ATTENDANCE_RATE,2026-02,95,100,105.26,20,21.05,ATTENDANCE
EMP0017,PUNCTUALITY,2026-02,90,78.95,87.72,10,8.77,ATTENDANCE
EMP0017,PRODUCTION_TARGET_ACHIEVEMENT,2026-02,100,75.13,75.13,30,22.54,PRODUCTION
EMP0017,QUALITY_RATE,2026-02,98,95.86,97.82,20,19.56,PRODUCTION
EMP0017,DEFECT_RATE,2026-02,2,4.14,48.33,10,4.83,PRODUCTION
EMP0017,SAFETY_INCIDENTS,2026-02,0,1,100,10,10,PRODUCTION
EMP0018,ATTENDANCE_RATE,2026-02,95,89.47,94.18,20,18.84,ATTENDANCE
EMP0018,PUNCTUALITY,2026-02,90,70.59,78.43,10,7.84,ATTENDANCE
EMP0018,PRODUCTION_TARGET_ACHIEVEMENT,2026-02,100,62.61,62.61,30,18.78,PRODUCTION
EMP0018,QUALITY_RATE,2026-02,98,95.64,97.59,20,19.52,PRODUCTION
EMP0018,DEFECT_RATE,2026-02,2,4.36,45.85,10,4.59,PRODUCTION
EMP0018,SAFETY_INCIDENTS,2026-02,0,0,150,10,15,PRODUCTION
EMP0019,ATTENDANCE_RATE,2026-02,95,100,105.26,20,21.05,ATTENDANCE
EMP0019,PUNCTUALITY,2026-02,90,100,111.11,10,11.11,ATTENDANCE
EMP0019,PRODUCTION_TARGET_ACHIEVEMENT,2026-02,100,78.81,78.81,30,23.64,PRODUCTION
EMP0019,QUALITY_RATE,2026-02,98,96.66,98.64,20,19.73,PRODUCTION
EMP0019,DEFECT_RATE,2026-02,2,3.34,59.97,10,6,PRODUCTION
EMP0019,SAFETY_INCIDENTS,2026-02,0,0,150,10,15,PRODUCTION
EMP0020,ATTENDANCE_RATE,2026-02,95,94.74,99.72,20,19.94,ATTENDANCE
EMP0020,PUNCTUALITY,2026-02,90,94.44,104.94,10,10.49,ATTENDANCE
EMP0020,PRODUCTION_TARGET_ACHIEVEMENT,2026-02,100,67.78,67.78,30,20.33,PRODUCTION
EMP0020,QUALITY_RATE,2026-02,98,96.57,98.54,20,19.71,PRODUCTION
EMP0020,DEFECT_RATE,2026-02,2,3.43,58.29,10,5.83,PRODUCTION
EMP0020,SAFETY_INCIDENTS,2026-02,0,0,150,10,15,PRODUCTION
EMP0021,ATTENDANCE_RATE,2026-02,95,80,84.21,20,16.84,ATTENDANCE
EMP0021,PUNCTUALITY,2026-02,90,50,55.56,10,5.56,ATTENDANCE
EMP0021,PRODUCTION_TARGET_ACHIEVEMENT,2026-02,100,110.95,110.95,30,33.28,PRODUCTION
EMP0021,QUALITY_RATE,2026-02,98,98.74,100.75,20,20.15,PRODUCTION
EMP0021,DEFECT_RATE,2026-02,2,1.26,150,10,15,PRODUCTION
EMP0021,SAFETY_INCIDENTS,2026-02,0,0,150,10,15,PRODUCTION
EMP0022,ATTENDANCE_RATE,2026-02,95,100,105.26,20,21.05,ATTENDANCE
EMP0022,PUNCTUALITY,2026-02,90,100,111.11,10,11.11,ATTENDANCE
EMP0022,PRODUCTION_TARGET_ACHIEVEMENT,2026-02,100,66.7,66.7,30,20.01,PRODUCTION
EMP0022,QUALITY_RATE,2026-02,98,96.47,98.43,20,19.69,PRODUCTION
EMP0022,DEFECT_RATE,2026-02,2,3.53,56.58,10,5.66,PRODUCTION
EMP0022,SAFETY_INCIDENTS,2026-02,0,0,150,10,15,PRODUCTION
EMP0023,ATTENDANCE_RATE,2026-02,95,94.74,99.72,20,19.94,ATTENDANCE
EMP0023,PUNCTUALITY,2026-02,90,66.67,74.07,10,7.41,ATTENDANCE
EMP0023,PRODUCTION_TARGET_ACHIEVEMENT,2026-02,100,120.29,120.29,30,36.09,PRODUCTION
EMP0023,QUALITY_RATE,2026-02,98,99.72,101.75,20,20.35,PRODUCTION
EMP0023,DEFECT_RATE,2026-02,2,0.28,150,10,15,PRODUCTION
EMP0023,SAFETY_INCIDENTS,2026-02,0,1,100,10,10,PRODUCTION
EMP0024,ATTENDANCE_RATE,2026-02,95,100,105.26,20,21.05,ATTENDANCE
EMP0024,PUNCTUALITY,2026-02,90,100,111.11,10,11.11,ATTENDANCE
EMP0024,PRODUCTION_TARGET_ACHIEVEMENT,2026-02,100,77.62,77.62,30,23.29,PRODUCTION
EMP0024,QUALITY_RATE,2026-02,98,95.73,97.68,20,19.54,PRODUCTION
EMP0024,DEFECT_RATE,2026-02,2,4.27,46.81,10,4.68,PRODUCTION
EMP0024,SAFETY_INCIDENTS,2026-02,0,0,150,10,15,PRODUCTION
EMP0025,ATTENDANCE_RATE,2026-02,95,89.47,94.18,20,18.84,ATTENDANCE
EMP0025,PUNCTUALITY,2026-02,90,82.35,91.5,10,9.15,ATTENDANCE
EMP0025,PRODUCTION_TARGET_ACHIEVEMENT,2026-02,100,74.83,74.83,30,22.45,PRODUCTION
EMP0025,QUALITY_RATE,2026-02,98,95.88,97.84,20,19.57,PRODUCTION
EMP0025,DEFECT_RATE,2026-02,2,4.12,48.57,10,4.86,PRODUCTION
EMP0025,SAFETY_INCIDENTS,2026-02,0,0,150,10,15,PRODUCTION
EMP0026,ATTENDANCE_RATE,2026-02,95,84.21,88.64,20,17.73,ATTENDANCE
EMP0026,PUNCTUALITY,2026-02,90,81.25,90.28,10,9.03,ATTENDANCE
EMP0026,PRODUCTION_TARGET_ACHIEVEMENT,2026-02,100,111.67,111.67,30,33.5,PRODUCTION
EMP0026,QUALITY_RATE,2026-02,98,98.77,100.79,20,20.16,PRODUCTION
EMP0026,DEFECT_RATE,2026-02,2,1.23,150,10,15,PRODUCTION
EMP0026,SAFETY_INCIDENTS,2026-02,0,0,150,10,15,PRODUCTION
EMP0027,ATTENDANCE_RATE,2026-02,95,89.47,94.18,20,18.84,ATTENDANCE
EMP0027,PUNCTUALITY,2026-02,90,76.47,84.97,10,8.5,ATTENDANCE
EMP0027,PRODUCTION_TARGET_ACHIEVEMENT,2026-02,100,108.22,108.22,30,32.47,PRODUCTION
EMP0027,QUALITY_RATE,2026-02,98,98.66,100.67,20,20.13,PRODUCTION
EMP0027,DEFECT_RATE,2026-02,2,1.34,148.71,10,14.87,PRODUCTION
EMP0027,SAFETY_INCIDENTS,2026-02,0,0,150,10,15,PRODUCTION
EMP0028,ATTENDANCE_RATE,2026-02,95,89.47,94.18,20,18.84,ATTENDANCE
EMP0028,PUNCTUALITY,2026-02,90,76.47,84.97,10,8.5,ATTENDANCE
EMP0028,PRODUCTION_TARGET_ACHIEVEMENT,2026-02,100,75.13,75.13,30,22.54,PRODUCTION
EMP0028,QUALITY_RATE,2026-02,98,96.75,98.73,20,19.75,PRODUCTION
EMP0028,DEFECT_RATE,2026-02,2,3.25,61.56,10,6.16,PRODUCTION
EMP0028,SAFETY_INCIDENTS,2026-02,0,0,150,10,15,PRODUCTION
EMP0029,ATTENDANCE_RATE,2026-02,95,94.74,99.72,20,19.94,ATTENDANCE
EMP0029,PUNCTUALITY,2026-02,90,77.78,86.42,10,8.64,ATTENDANCE
EMP0029,PRODUCTION_TARGET_ACHIEVEMENT,2026-02,100,44.59,44.59,30,13.38,PRODUCTION
EMP0029,QUALITY_RATE,2026-02,98,92.65,94.54,20,18.91,PRODUCTION
EMP0029,DEFECT_RATE,2026-02,2,7.35,27.2,10,2.72,PRODUCTION
EMP0029,SAFETY_INCIDENTS,2026-02,0,0,150,10,15,PRODUCTION
EMP0030,ATTENDANCE_RATE,2026-02,95,94.74,99.72,20,19.94,ATTENDANCE
EMP0030,PUNCTUALITY,2026-02,90,88.89,98.77,10,9.88,ATTENDANCE
EMP0030,PRODUCTION_TARGET_ACHIEVEMENT,2026-02,100,48.22,48.22,30,14.47,PRODUCTION
EMP0030,QUALITY_RATE,2026-02,98,93.61,95.52,20,19.1,PRODUCTION
EMP0030,DEFECT_RATE,2026-02,2,6.39,31.3,10,3.13,PRODUCTION
EMP0030,SAFETY_INCIDENTS,2026-02,0,1,100,10,10,PRODUCTION
EMP0031,ATTENDANCE_RATE,2026-02,95,100,105.26,20,21.05,ATTENDANCE
EMP0031,PUNCTUALITY,2026-02,90,100,111.11,10,11.11,ATTENDANCE
EMP0031,PRODUCTION_TARGET_ACHIEVEMENT,2026-02,100,69.35,69.35,30,20.81,PRODUCTION
EMP0031,QUALITY_RATE,2026-02,98,96.8,98.78,20,19.76,PRODUCTION
EMP0031,DEFECT_RATE,2026-02,2,3.2,62.49,10,6.25,PRODUCTION
EMP0031,SAFETY_INCIDENTS,2026-02,0,0,150,10,15,PRODUCTION
EMP0032,ATTENDANCE_RATE,2026-02,95,94.74,99.72,20,19.94,ATTENDANCE
EMP0032,PUNCTUALITY,2026-02,90,72.22,80.25,10,8.03,ATTENDANCE
EMP0032,PRODUCTION_TARGET_ACHIEVEMENT,2026-02,100,110.17,110.17,30,33.05,PRODUCTION
EMP0032,QUALITY_RATE,2026-02,98,98.62,100.63,20,20.13,PRODUCTION
EMP0032,DEFECT_RATE,2026-02,2,1.38,144.44,10,14.44,PRODUCTION
EMP0032,SAFETY_INCIDENTS,2026-02,0,0,150,10,15,PRODUCTION
EMP0033,ATTENDANCE_RATE,2026-02,95,78.95,83.1,20,16.62,ATTENDANCE
EMP0033,PUNCTUALITY,2026-02,90,53.33,59.26,10,5.93,ATTENDANCE
EMP0033,PRODUCTION_TARGET_ACHIEVEMENT,2026-02,100,82.53,82.53,30,24.76,PRODUCTION
EMP0033,QUALITY_RATE,2026-02,98,96.52,98.49,20,19.7,PRODUCTION
EMP0033,DEFECT_RATE,2026-02,2,3.48,57.49,10,5.75,PRODUCTION
EMP0033,SAFETY_INCIDENTS,2026-02,0,1,100,10,10,PRODUCTION
EMP0034,ATTENDANCE_RATE,2026-02,95,100,105.26,20,21.05,ATTENDANCE
EMP0034,PUNCTUALITY,2026-02,90,78.95,87.72,10,8.77,ATTENDANCE
EMP0034,PRODUCTION_TARGET_ACHIEVEMENT,2026-02,100,71.94,71.94,30,21.58,PRODUCTION
EMP0034,QUALITY_RATE,2026-02,98,96.56,98.53,20,19.71,PRODUCTION
EMP0034,DEFECT_RATE,2026-02,2,3.44,58.06,10,5.81,PRODUCTION
EMP0034,SAFETY_INCIDENTS,2026-02,0,0,150,10,15,PRODUCTION
EMP0035,ATTENDANCE_RATE,2026-02,95,94.74,99.72,20,19.94,ATTENDANCE
EMP0035,PUNCTUALITY,2026-02,90,88.89,98.77,10,9.88,ATTENDANCE
EMP0035,PRODUCTION_TARGET_ACHIEVEMENT,2026-02,100,53.4,53.4,30,16.02,PRODUCTION
EMP0035,QUALITY_RATE,2026-02,98,91.81,93.68,20,18.74,PRODUCTION
EMP0035,DEFECT_RATE,2026-02,2,8.19,24.41,10,2.44,PRODUCTION
EMP0035,SAFETY_INCIDENTS,2026-02,0,1,100,10,10,PRODUCTION
EMP0037,ATTENDANCE_RATE,2026-02,95,100,105.26,20,21.05,ATTENDANCE
EMP0037,PUNCTUALITY,2026-02,90,89.47,99.42,10,9.94,ATTENDANCE
EMP0037,PRODUCTION_TARGET_ACHIEVEMENT,2026-02,100,73.77,73.77,30,22.13,PRODUCTION
EMP0037,QUALITY_RATE,2026-02,98,97.63,99.62,20,19.92,PRODUCTION
EMP0037,DEFECT_RATE,2026-02,2,2.37,84.22,10,8.42,PRODUCTION
EMP0037,SAFETY_INCIDENTS,2026-02,0,0,150,10,15,PRODUCTION
EMP0038,ATTENDANCE_RATE,2026-02,95,84.21,88.64,20,17.73,ATTENDANCE
EMP0038,PUNCTUALITY,2026-02,90,87.5,97.22,10,9.72,ATTENDANCE
EMP0038,PRODUCTION_TARGET_ACHIEVEMENT,2026-02,100,72.09,72.09,30,21.63,PRODUCTION
EMP0038,QUALITY_RATE,2026-02,98,97.67,99.66,20,19.93,PRODUCTION
EMP0038,DEFECT_RATE,2026-02,2,2.33,85.71,10,8.57,PRODUCTION
EMP0038,SAFETY_INCIDENTS,2026-02,0,0,150,10,15,PRODUCTION
EMP0039,ATTENDANCE_RATE,2026-02,95,84.21,88.64,20,17.73,ATTENDANCE
EMP0039,PUNCTUALITY,2026-02,90,75,83.33,10,8.33,ATTENDANCE
EMP0039,PRODUCTION_TARGET_ACHIEVEMENT,2026-02,100,78.18,78.18,30,23.45,PRODUCTION
EMP0039,QUALITY_RATE,2026-02,98,96.49,98.46,20,19.69,PRODUCTION
EMP0039,DEFECT_RATE,2026-02,2,3.51,56.93,10,5.69,PRODUCTION
EMP0039,SAFETY_INCIDENTS,2026-02,0,0,150,10,15,PRODUCTION
EMP0040,ATTENDANCE_RATE,2026-02,95,78.95,83.1,20,16.62,ATTENDANCE
EMP0040,PUNCTUALITY,2026-02,90,53.33,59.26,10,5.93,ATTENDANCE
EMP0040,PRODUCTION_TARGET_ACHIEVEMENT,2026-02,100,78.25,78.25,30,23.48,PRODUCTION
EMP0040,QUALITY_RATE,2026-02,98,97.72,99.71,20,19.94,PRODUCTION
EMP0040,DEFECT_RATE,2026-02,2,2.28,87.56,10,8.76,PRODUCTION
EMP0040,SAFETY_INCIDENTS,2026-02,0,1,100,10,10,PRODUCTION
EMP0041,ATTENDANCE_RATE,2026-02,95,94.74,99.72,20,19.94,ATTENDANCE
EMP0041,PUNCTUALITY,2026-02,90,72.22,80.25,10,8.03,ATTENDANCE
EMP0041,PRODUCTION_TARGET_ACHIEVEMENT,2026-02,100,72.63,72.63,30,21.79,PRODUCTION
EMP0041,QUALITY_RATE,2026-02,98,96.59,98.56,20,19.71,PRODUCTION
EMP0041,DEFECT_RATE,2026-02,2,3.41,58.6,10,5.86,PRODUCTION
EMP0041,SAFETY_INCIDENTS,2026-02,0,1,100,10,10,PRODUCTION
EMP0042,ATTENDANCE_RATE,2026-02,95,78.95,83.1,20,16.62,ATTENDANCE
EMP0042,PUNCTUALITY,2026-02,90,66.67,74.07,10,7.41,ATTENDANCE
EMP0042,PRODUCTION_TARGET_ACHIEVEMENT,2026-02,100,72.17,72.17,30,21.65,PRODUCTION
EMP0042,QUALITY_RATE,2026-02,98,97.05,99.03,20,19.81,PRODUCTION
EMP0042,DEFECT_RATE,2026-02,2,2.95,67.8,10,6.78,PRODUCTION
EMP0042,SAFETY_INCIDENTS,2026-02,0,0,150,10,15,PRODUCTION
EMP0043,ATTENDANCE_RATE,2026-02,95,100,105.26,20,21.05,ATTENDANCE
EMP0043,PUNCTUALITY,2026-02,90,89.47,99.42,10,9.94,ATTENDANCE
EMP0043,PRODUCTION_TARGET_ACHIEVEMENT,2026-02,100,69.51,69.51,30,20.85,PRODUCTION
EMP0043,QUALITY_RATE,2026-02,98,96.67,98.64,20,19.73,PRODUCTION
EMP0043,DEFECT_RATE,2026-02,2,3.33,60.04,10,6,PRODUCTION
EMP0043,SAFETY_INCIDENTS,2026-02,0,0,150,10,15,PRODUCTION
EMP0044,ATTENDANCE_RATE,2026-02,95,84.21,88.64,20,17.73,ATTENDANCE
EMP0044,PUNCTUALITY,2026-02,90,75,83.33,10,8.33,ATTENDANCE
EMP0044,PRODUCTION_TARGET_ACHIEVEMENT,2026-02,100,116.76,116.76,30,35.03,PRODUCTION
EMP0044,QUALITY_RATE,2026-02,98,98.97,100.99,20,20.2,PRODUCTION
EMP0044,DEFECT_RATE,2026-02,2,1.03,150,10,15,PRODUCTION
EMP0044,SAFETY_INCIDENTS,2026-02,0,0,150,10,15,PRODUCTION
EMP0045,ATTENDANCE_RATE,2026-02,95,94.74,99.72,20,19.94,ATTENDANCE
EMP0045,PUNCTUALITY,2026-02,90,61.11,67.9,10,6.79,ATTENDANCE
EMP0045,PRODUCTION_TARGET_ACHIEVEMENT,2026-02,100,67.62,67.62,30,20.29,PRODUCTION
EMP0045,QUALITY_RATE,2026-02,98,96.78,98.75,20,19.75,PRODUCTION
EMP0045,DEFECT_RATE,2026-02,2,3.22,62.09,10,6.21,PRODUCTION
EMP0045,SAFETY_INCIDENTS,2026-02,0,0,150,10,15,PRODUCTION
EMP0046,ATTENDANCE_RATE,2026-02,95,100,105.26,20,21.05,ATTENDANCE
EMP0046,PUNCTUALITY,2026-02,90,100,111.11,10,11.11,ATTENDANCE
EMP0046,PRODUCTION_TARGET_ACHIEVEMENT,2026-02,100,48.07,48.07,30,14.42,PRODUCTION
EMP0046,QUALITY_RATE,2026-02,98,90.5,92.34,20,18.47,PRODUCTION
EMP0046,DEFECT_RATE,2026-02,2,9.5,21.04,10,2.1,PRODUCTION
EMP0046,SAFETY_INCIDENTS,2026-02,0,0,150,10,15,PRODUCTION
EMP0047,ATTENDANCE_RATE,2026-02,95,94.74,99.72,20,19.94,ATTENDANCE
EMP0047,PUNCTUALITY,2026-02,90,55.56,61.73,10,6.17,ATTENDANCE
EMP0047,PRODUCTION_TARGET_ACHIEVEMENT,2026-02,100,72.19,72.19,30,21.66,PRODUCTION
EMP0047,QUALITY_RATE,2026-02,98,96.63,98.6,20,19.72,PRODUCTION
EMP0047,DEFECT_RATE,2026-02,2,3.37,59.31,10,5.93,PRODUCTION
EMP0047,SAFETY_INCIDENTS,2026-02,0,0,150,10,15,PRODUCTION
EMP0049,ATTENDANCE_RATE,2026-02,95,84.21,88.64,15,13.3,ATTENDANCE
EMP0049,QUALITY_RATE,2026-02,98,0,0,25,0,PRODUCTION
EMP0049,DEFECT_RATE,2026-02,2,0,150,20,30,PRODUCTION
EMP0049,MANAGEMENT_EFFECTIVENESS,2026-02,90,50.99,56.65,40,22.66,MANUAL
EMP0050,ATTENDANCE_RATE,2026-02,95,78.95,83.1,20,16.62,ATTENDANCE
EMP0050,PUNCTUALITY,2026-02,90,66.67,74.07,15,11.11,ATTENDANCE
EMP0050,QUALITY_RATE,2026-02,98,0,0,35,0,PRODUCTION
EMP0050,DEFECT_RATE,2026-02,2,0,150,30,45,PRODUCTION
EMP0051,ATTENDANCE_RATE,2026-02,95,84.21,88.64,20,17.73,ATTENDANCE
EMP0051,PUNCTUALITY,2026-02,90,75,83.33,15,12.5,ATTENDANCE
EMP0051,QUALITY_RATE,2026-02,98,0,0,35,0,PRODUCTION
EMP0051,DEFECT_RATE,2026-02,2,0,150,30,45,PRODUCTION
EMP0052,ATTENDANCE_RATE,2026-02,95,94.74,99.72,20,19.94,ATTENDANCE
EMP0052,PUNCTUALITY,2026-02,90,55.56,61.73,15,9.26,ATTENDANCE
EMP0052,QUALITY_RATE,2026-02,98,0,0,35,0,PRODUCTION
EMP0052,DEFECT_RATE,2026-02,2,0,150,30,45,PRODUCTION
EMP0054,ATTENDANCE_RATE,2026-02,95,100,105.26,20,21.05,ATTENDANCE
EMP0054,PUNCTUALITY,2026-02,90,63.16,70.18,15,10.53,ATTENDANCE
EMP0054,QUALITY_RATE,2026-02,98,0,0,35,0,PRODUCTION
EMP0054,DEFECT_RATE,2026-02,2,0,150,30,45,PRODUCTION
EMP0055,ATTENDANCE_RATE,2026-02,95,89.47,94.18,20,18.84,ATTENDANCE
EMP0055,PUNCTUALITY,2026-02,90,64.71,71.9,15,10.79,ATTENDANCE
EMP0055,QUALITY_RATE,2026-02,98,0,0,35,0,PRODUCTION
EMP0055,DEFECT_RATE,2026-02,2,0,150,30,45,PRODUCTION
EMP0057,ATTENDANCE_RATE,2026-02,95,94.74,99.72,20,19.94,ATTENDANCE
EMP0057,PUNCTUALITY,2026-02,90,55.56,61.73,15,9.26,ATTENDANCE
EMP0057,QUALITY_RATE,2026-02,98,0,0,35,0,PRODUCTION
EMP0057,DEFECT_RATE,2026-02,2,0,150,30,45,PRODUCTION
EMP0059,ATTENDANCE_RATE,2026-02,95,94.74,99.72,20,19.94,ATTENDANCE
EMP0059,PUNCTUALITY,2026-02,90,94.44,104.94,15,15.74,ATTENDANCE
EMP0059,QUALITY_RATE,2026-02,98,0,0,35,0,PRODUCTION
EMP0059,DEFECT_RATE,2026-02,2,0,150,30,45,PRODUCTION
EMP0060,ATTENDANCE_RATE,2026-02,95,88.24,92.88,20,18.58,ATTENDANCE
EMP0060,PUNCTUALITY,2026-02,90,80,88.89,15,13.33,ATTENDANCE
EMP0060,QUALITY_RATE,2026-02,98,0,0,35,0,PRODUCTION
EMP0060,DEFECT_RATE,2026-02,2,0,150,30,45,PRODUCTION
EMP0061,ATTENDANCE_RATE,2026-02,95,89.47,94.18,15,14.13,ATTENDANCE
EMP0061,TASK_COMPLETION_RATE,2026-02,95,68.03,71.61,25,17.9,MANUAL
EMP0061,COST_EFFICIENCY,2026-02,90,74.84,83.16,20,16.63,MANUAL
EMP0061,MANAGEMENT_EFFECTIVENESS,2026-02,90,70.69,78.54,40,31.42,MANUAL
EMP0062,ATTENDANCE_RATE,2026-02,95,73.68,77.56,30,23.27,ATTENDANCE
EMP0062,PUNCTUALITY,2026-02,90,57.14,63.49,20,12.7,ATTENDANCE
EMP0062,TASK_COMPLETION_RATE,2026-02,95,68.4,72,30,21.6,MANUAL
EMP0062,COST_EFFICIENCY,2026-02,90,59.62,66.24,20,13.25,MANUAL
EMP0063,ATTENDANCE_RATE,2026-02,95,100,105.26,30,31.58,ATTENDANCE
EMP0063,PUNCTUALITY,2026-02,90,57.89,64.33,20,12.87,ATTENDANCE
EMP0063,TASK_COMPLETION_RATE,2026-02,95,47.33,49.82,30,14.95,MANUAL
EMP0063,COST_EFFICIENCY,2026-02,90,48.18,53.53,20,10.71,MANUAL
EMP0064,ATTENDANCE_RATE,2026-02,95,89.47,94.18,30,28.25,ATTENDANCE
EMP0064,PUNCTUALITY,2026-02,90,76.47,84.97,20,16.99,ATTENDANCE
EMP0064,TASK_COMPLETION_RATE,2026-02,95,70.74,74.46,30,22.34,MANUAL
EMP0064,COST_EFFICIENCY,2026-02,90,65.7,73,20,14.6,MANUAL
EMP0065,ATTENDANCE_RATE,2026-02,95,89.47,94.18,30,28.25,ATTENDANCE
EMP0065,PUNCTUALITY,2026-02,90,82.35,91.5,20,18.3,ATTENDANCE
EMP0065,TASK_COMPLETION_RATE,2026-02,95,99.81,105.06,30,31.52,MANUAL
EMP0065,COST_EFFICIENCY,2026-02,90,87.14,96.82,20,19.36,MANUAL
EMP0066,ATTENDANCE_RATE,2026-02,95,63.16,66.48,30,19.94,ATTENDANCE
EMP0066,PUNCTUALITY,2026-02,90,58.33,64.81,20,12.96,ATTENDANCE
EMP0066,TASK_COMPLETION_RATE,2026-02,95,48.41,50.96,30,15.29,MANUAL
EMP0066,COST_EFFICIENCY,2026-02,90,50.08,55.64,20,11.13,MANUAL
EMP0067,ATTENDANCE_RATE,2026-02,95,100,105.26,30,31.58,ATTENDANCE
EMP0067,PUNCTUALITY,2026-02,90,100,111.11,20,22.22,ATTENDANCE
EMP0067,TASK_COMPLETION_RATE,2026-02,95,72.92,76.76,30,23.03,MANUAL
EMP0067,COST_EFFICIENCY,2026-02,90,64.3,71.44,20,14.29,MANUAL
EMP0068,ATTENDANCE_RATE,2026-02,95,94.74,99.72,30,29.92,ATTENDANCE
EMP0068,PUNCTUALITY,2026-02,90,66.67,74.07,20,14.81,ATTENDANCE
EMP0068,TASK_COMPLETION_RATE,2026-02,95,72.33,76.14,30,22.84,MANUAL
EMP0068,COST_EFFICIENCY,2026-02,90,77.27,85.86,20,17.17,MANUAL
EMP0069,ATTENDANCE_RATE,2026-02,95,89.47,94.18,30,28.25,ATTENDANCE
EMP0069,PUNCTUALITY,2026-02,90,64.71,71.9,20,14.38,ATTENDANCE
EMP0069,TASK_COMPLETION_RATE,2026-02,95,66.1,69.58,30,20.87,MANUAL
EMP0069,COST_EFFICIENCY,2026-02,90,59.43,66.03,20,13.21,MANUAL
EMP0070,ATTENDANCE_RATE,2026-02,95,89.47,94.18,30,28.25,ATTENDANCE
EMP0070,PUNCTUALITY,2026-02,90,58.82,65.36,20,13.07,ATTENDANCE
EMP0070,TASK_COMPLETION_RATE,2026-02,95,74.9,78.84,30,23.65,MANUAL
EMP0070,COST_EFFICIENCY,2026-02,90,66.36,73.73,20,14.75,MANUAL
EMP0071,ATTENDANCE_RATE,2026-02,95,94.74,99.72,15,14.96,ATTENDANCE
EMP0071,TASK_COMPLETION_RATE,2026-02,95,70.68,74.4,25,18.6,MANUAL
EMP0071,COST_EFFICIENCY,2026-02,90,71.28,79.2,20,15.84,MANUAL
EMP0071,MANAGEMENT_EFFECTIVENESS,2026-02,90,66.96,74.4,40,29.76,MANUAL
EMP0072,ATTENDANCE_RATE,2026-02,95,100,105.26,30,31.58,ATTENDANCE
EMP0072,PUNCTUALITY,2026-02,90,68.42,76.02,20,15.2,ATTENDANCE
EMP0072,TASK_COMPLETION_RATE,2026-02,95,44.23,46.56,35,16.3,MANUAL
EMP0072,COST_EFFICIENCY,2026-02,90,43.2,48,15,7.2,MANUAL
EMP0073,ATTENDANCE_RATE,2026-02,95,94.74,99.72,30,29.92,ATTENDANCE
EMP0073,PUNCTUALITY,2026-02,90,77.78,86.42,20,17.28,ATTENDANCE
EMP0073,TASK_COMPLETION_RATE,2026-02,95,68.4,72,35,25.2,MANUAL
EMP0073,COST_EFFICIENCY,2026-02,90,63.45,70.5,15,10.58,MANUAL
EMP0075,ATTENDANCE_RATE,2026-02,95,84.21,88.64,30,26.59,ATTENDANCE
EMP0075,PUNCTUALITY,2026-02,90,75,83.33,20,16.67,ATTENDANCE
EMP0075,TASK_COMPLETION_RATE,2026-02,95,72.82,76.65,35,26.83,MANUAL
EMP0075,COST_EFFICIENCY,2026-02,90,66.36,73.73,15,11.06,MANUAL
EMP0076,ATTENDANCE_RATE,2026-02,95,94.74,99.72,30,29.92,ATTENDANCE
EMP0076,PUNCTUALITY,2026-02,90,72.22,80.25,20,16.05,ATTENDANCE
EMP0076,TASK_COMPLETION_RATE,2026-02,95,69.35,73,35,25.55,MANUAL
EMP0076,COST_EFFICIENCY,2026-02,90,65.04,72.27,15,10.84,MANUAL
EMP0077,ATTENDANCE_RATE,2026-02,95,94.74,99.72,30,29.92,ATTENDANCE
EMP0077,PUNCTUALITY,2026-02,90,55.56,61.73,20,12.35,ATTENDANCE
EMP0077,TASK_COMPLETION_RATE,2026-02,95,70.15,73.84,35,25.84,MANUAL
EMP0077,COST_EFFICIENCY,2026-02,90,65.18,72.42,15,10.86,MANUAL
EMP0078,ATTENDANCE_RATE,2026-02,95,100,105.26,30,31.58,ATTENDANCE
EMP0078,PUNCTUALITY,2026-02,90,89.47,99.42,20,19.88,ATTENDANCE
EMP0078,TASK_COMPLETION_RATE,2026-02,95,67.83,71.4,35,24.99,MANUAL
EMP0078,COST_EFFICIENCY,2026-02,90,64.89,72.1,15,10.82,MANUAL
EMP0079,ATTENDANCE_RATE,2026-02,95,89.47,94.18,30,28.25,ATTENDANCE
EMP0079,PUNCTUALITY,2026-02,90,52.94,58.82,20,11.76,ATTENDANCE
EMP0079,TASK_COMPLETION_RATE,2026-02,95,65.66,69.12,35,24.19,MANUAL
EMP0079,COST_EFFICIENCY,2026-02,90,64.8,72,15,10.8,MANUAL
EMP0080,ATTENDANCE_RATE,2026-02,95,94.74,99.72,30,29.92,ATTENDANCE
EMP0080,PUNCTUALITY,2026-02,90,72.22,80.25,20,16.05,ATTENDANCE
EMP0080,TASK_COMPLETION_RATE,2026-02,95,97.68,102.82,35,35.99,MANUAL
EMP0080,COST_EFFICIENCY,2026-02,90,100,111.11,15,16.67,MANUAL
EMP0082,ATTENDANCE_RATE,2026-02,95,84.21,88.64,30,26.59,ATTENDANCE
EMP0082,PUNCTUALITY,2026-02,90,68.75,76.39,20,15.28,ATTENDANCE
EMP0082,TASK_COMPLETION_RATE,2026-02,95,77.12,81.18,35,28.41,MANUAL
EMP0082,COST_EFFICIENCY,2026-02,90,73.06,81.18,15,12.18,MANUAL
EMP0083,ATTENDANCE_RATE,2026-02,95,100,105.26,15,15.79,ATTENDANCE
EMP0083,TASK_COMPLETION_RATE,2026-02,95,77.3,81.37,35,28.48,MANUAL
EMP0083,MANAGEMENT_EFFECTIVENESS,2026-02,90,67.55,75.05,50,37.53,MANUAL
EMP0084,ATTENDANCE_RATE,2026-02,95,84.21,88.64,30,26.59,ATTENDANCE
EMP0084,PUNCTUALITY,2026-02,90,75,83.33,20,16.67,ATTENDANCE
EMP0084,TASK_COMPLETION_RATE,2026-02,95,63.95,67.32,50,33.66,MANUAL
EMP0085,ATTENDANCE_RATE,2026-02,95,100,105.26,30,31.58,ATTENDANCE
EMP0085,PUNCTUALITY,2026-02,90,84.21,93.57,20,18.71,ATTENDANCE
EMP0085,TASK_COMPLETION_RATE,2026-02,95,71.14,74.88,50,37.44,MANUAL
EMP0086,ATTENDANCE_RATE,2026-02,95,100,105.26,30,31.58,ATTENDANCE
EMP0086,PUNCTUALITY,2026-02,90,94.74,105.26,20,21.05,ATTENDANCE
EMP0086,TASK_COMPLETION_RATE,2026-02,95,69.12,72.76,50,36.38,MANUAL
EMP0087,ATTENDANCE_RATE,2026-02,95,100,105.26,30,31.58,ATTENDANCE
EMP0087,PUNCTUALITY,2026-02,90,84.21,93.57,20,18.71,ATTENDANCE
EMP0087,TASK_COMPLETION_RATE,2026-02,95,74.1,78,50,39,MANUAL
EMP0088,ATTENDANCE_RATE,2026-02,95,89.47,94.18,30,28.25,ATTENDANCE
EMP0088,PUNCTUALITY,2026-02,90,58.82,65.36,20,13.07,ATTENDANCE
EMP0088,TASK_COMPLETION_RATE,2026-02,95,75.58,79.56,50,39.78,MANUAL
EMP0089,ATTENDANCE_RATE,2026-02,95,84.21,88.64,30,26.59,ATTENDANCE
EMP0089,PUNCTUALITY,2026-02,90,68.75,76.39,20,15.28,ATTENDANCE
EMP0089,TASK_COMPLETION_RATE,2026-02,95,66.1,69.58,50,34.79,MANUAL
EMP0091,ATTENDANCE_RATE,2026-02,95,78.95,83.1,10,8.31,ATTENDANCE
EMP0091,TASK_COMPLETION_RATE,2026-02,95,64.24,67.62,20,13.52,MANUAL
EMP0091,COST_EFFICIENCY,2026-02,90,65.83,73.14,25,18.29,MANUAL
EMP0091,MANAGEMENT_EFFECTIVENESS,2026-02,90,65.21,72.45,45,32.6,MANUAL
EMP0092,ATTENDANCE_RATE,2026-02,95,89.47,94.18,25,23.55,ATTENDANCE
EMP0092,PUNCTUALITY,2026-02,90,100,111.11,15,16.67,ATTENDANCE
EMP0092,TASK_COMPLETION_RATE,2026-02,95,71.82,75.6,30,22.68,MANUAL
EMP0092,COST_EFFICIENCY,2026-02,90,60.91,67.68,30,20.3,MANUAL
EMP0093,ATTENDANCE_RATE,2026-02,95,94.74,99.72,25,24.93,ATTENDANCE
EMP0093,PUNCTUALITY,2026-02,90,72.22,80.25,15,12.04,ATTENDANCE
EMP0093,TASK_COMPLETION_RATE,2026-02,95,69.31,72.96,30,21.89,MANUAL
EMP0093,COST_EFFICIENCY,2026-02,90,68.4,76,30,22.8,MANUAL
EMP0094,ATTENDANCE_RATE,2026-02,95,89.47,94.18,25,23.55,ATTENDANCE
EMP0094,PUNCTUALITY,2026-02,90,82.35,91.5,15,13.73,ATTENDANCE
EMP0094,TASK_COMPLETION_RATE,2026-02,95,64.75,68.16,30,20.45,MANUAL
EMP0094,COST_EFFICIENCY,2026-02,90,59.43,66.03,30,19.81,MANUAL
EMP0095,ATTENDANCE_RATE,2026-02,95,100,105.26,25,26.32,ATTENDANCE
EMP0095,PUNCTUALITY,2026-02,90,94.74,105.26,15,15.79,ATTENDANCE
EMP0095,TASK_COMPLETION_RATE,2026-02,95,67.83,71.4,30,21.42,MANUAL
EMP0095,COST_EFFICIENCY,2026-02,90,57.96,64.4,30,19.32,MANUAL
EMP0096,ATTENDANCE_RATE,2026-02,95,57.89,60.94,25,15.24,ATTENDANCE
EMP0096,PUNCTUALITY,2026-02,90,54.55,60.61,15,9.09,ATTENDANCE
EMP0096,TASK_COMPLETION_RATE,2026-02,95,96.9,102,30,30.6,MANUAL
EMP0096,COST_EFFICIENCY,2026-02,90,87.3,97,30,29.1,MANUAL
EMP0097,ATTENDANCE_RATE,2026-02,95,94.74,99.72,25,24.93,ATTENDANCE
EMP0097,PUNCTUALITY,2026-02,90,61.11,67.9,15,10.19,ATTENDANCE
EMP0097,TASK_COMPLETION_RATE,2026-02,95,99.81,105.06,30,31.52,MANUAL
EMP0097,COST_EFFICIENCY,2026-02,90,92.7,103,30,30.9,MANUAL
EMP0098,ATTENDANCE_RATE,2026-02,95,100,105.26,25,26.32,ATTENDANCE
EMP0098,PUNCTUALITY,2026-02,90,94.74,105.26,15,15.79,ATTENDANCE
EMP0098,TASK_COMPLETION_RATE,2026-02,95,74.12,78.02,30,23.41,MANUAL
EMP0098,COST_EFFICIENCY,2026-02,90,77.69,86.32,30,25.9,MANUAL
EMP0100,ATTENDANCE_RATE,2026-02,95,94.74,99.72,25,24.93,ATTENDANCE
EMP0100,PUNCTUALITY,2026-02,90,77.78,86.42,15,12.96,ATTENDANCE
EMP0100,TASK_COMPLETION_RATE,2026-02,95,41.5,43.68,30,13.1,MANUAL
EMP0100,COST_EFFICIENCY,2026-02,90,38.18,42.42,30,12.73,MANUAL
EMP0001,ATTENDANCE_RATE,2026-03,95,95.45,100.48,10,10.05,ATTENDANCE
EMP0001,MANAGEMENT_EFFECTIVENESS,2026-03,90,65.83,73.15,90,65.84,MANUAL
EMP0002,ATTENDANCE_RATE,2026-03,95,77.27,81.34,15,12.2,ATTENDANCE
EMP0002,TASK_COMPLETION_RATE,2026-03,95,75.91,79.9,35,27.97,MANUAL
EMP0002,MANAGEMENT_EFFECTIVENESS,2026-03,90,78.03,86.7,50,43.35,MANUAL
EMP0003,ATTENDANCE_RATE,2026-03,95,77.27,81.34,35,28.47,ATTENDANCE
EMP0003,PUNCTUALITY,2026-03,90,52.94,58.82,25,14.71,ATTENDANCE
EMP0003,TASK_COMPLETION_RATE,2026-03,95,91.23,96.03,40,38.41,MANUAL
EMP0004,ATTENDANCE_RATE,2026-03,95,100,105.26,35,36.84,ATTENDANCE
EMP0004,PUNCTUALITY,2026-03,90,95.45,106.06,25,26.52,ATTENDANCE
EMP0004,TASK_COMPLETION_RATE,2026-03,95,74.91,78.85,40,31.54,MANUAL
EMP0005,ATTENDANCE_RATE,2026-03,95,90.91,95.69,35,33.49,ATTENDANCE
EMP0005,PUNCTUALITY,2026-03,90,85,94.44,25,23.61,ATTENDANCE
EMP0005,TASK_COMPLETION_RATE,2026-03,95,84.13,88.56,40,35.42,MANUAL
EMP0007,ATTENDANCE_RATE,2026-03,95,100,105.26,35,36.84,ATTENDANCE
EMP0007,PUNCTUALITY,2026-03,90,95.45,106.06,25,26.52,ATTENDANCE
EMP0007,TASK_COMPLETION_RATE,2026-03,95,100,105.26,40,42.1,MANUAL
EMP0008,ATTENDANCE_RATE,2026-03,95,95.45,100.48,35,35.17,ATTENDANCE
EMP0008,PUNCTUALITY,2026-03,90,71.43,79.37,25,19.84,ATTENDANCE
EMP0008,TASK_COMPLETION_RATE,2026-03,95,72.8,76.63,40,30.65,MANUAL
EMP0009,ATTENDANCE_RATE,2026-03,95,95.45,100.48,15,15.07,ATTENDANCE
EMP0009,PRODUCTION_TARGET_ACHIEVEMENT,2026-03,100,82.98,82.98,25,20.75,PRODUCTION
EMP0009,QUALITY_RATE,2026-03,98,95.65,97.6,15,14.64,PRODUCTION
EMP0009,DEFECT_RATE,2026-03,2,4.35,45.95,10,4.6,PRODUCTION
EMP0009,SAFETY_INCIDENTS,2026-03,0,0,150,10,15,PRODUCTION
EMP0009,MANAGEMENT_EFFECTIVENESS,2026-03,90,53.24,59.16,25,14.79,MANUAL
EMP0010,ATTENDANCE_RATE,2026-03,95,81.82,86.12,20,17.22,ATTENDANCE
EMP0010,PUNCTUALITY,2026-03,90,77.78,86.42,10,8.64,ATTENDANCE
EMP0010,PRODUCTION_TARGET_ACHIEVEMENT,2026-03,100,56.04,56.04,30,16.81,PRODUCTION
EMP0010,QUALITY_RATE,2026-03,98,89.79,91.63,20,18.33,PRODUCTION
EMP0010,DEFECT_RATE,2026-03,2,10.21,19.6,10,1.96,PRODUCTION
EMP0010,SAFETY_INCIDENTS,2026-03,0,0,150,10,15,PRODUCTION
EMP0011,ATTENDANCE_RATE,2026-03,95,90.91,95.69,20,19.14,ATTENDANCE
EMP0011,PUNCTUALITY,2026-03,90,70,77.78,10,7.78,ATTENDANCE
EMP0011,PRODUCTION_TARGET_ACHIEVEMENT,2026-03,100,77.57,77.57,30,23.27,PRODUCTION
EMP0011,QUALITY_RATE,2026-03,98,97.69,99.68,20,19.94,PRODUCTION
EMP0011,DEFECT_RATE,2026-03,2,2.31,86.47,10,8.65,PRODUCTION
EMP0011,SAFETY_INCIDENTS,2026-03,0,0,150,10,15,PRODUCTION
EMP0012,ATTENDANCE_RATE,2026-03,95,86.36,90.91,20,18.18,ATTENDANCE
EMP0012,PUNCTUALITY,2026-03,90,63.16,70.18,10,7.02,ATTENDANCE
EMP0012,PRODUCTION_TARGET_ACHIEVEMENT,2026-03,100,73.77,73.77,30,22.13,PRODUCTION
EMP0012,QUALITY_RATE,2026-03,98,97.74,99.73,20,19.95,PRODUCTION
EMP0012,DEFECT_RATE,2026-03,2,2.26,88.39,10,8.84,PRODUCTION
EMP0012,SAFETY_INCIDENTS,2026-03,0,0,150,10,15,PRODUCTION
EMP0013,ATTENDANCE_RATE,2026-03,95,100,105.26,20,21.05,ATTENDANCE
EMP0013,PUNCTUALITY,2026-03,90,77.27,85.86,10,8.59,ATTENDANCE
EMP0013,PRODUCTION_TARGET_ACHIEVEMENT,2026-03,100,100.73,100.73,30,30.22,PRODUCTION
EMP0013,QUALITY_RATE,2026-03,98,99.77,101.81,20,20.36,PRODUCTION
EMP0013,DEFECT_RATE,2026-03,2,0.23,150,10,15,PRODUCTION
EMP0013,SAFETY_INCIDENTS,2026-03,0,0,150,10,15,PRODUCTION
EMP0014,ATTENDANCE_RATE,2026-03,95,72.73,76.56,20,15.31,ATTENDANCE
EMP0014,PUNCTUALITY,2026-03,90,75,83.33,10,8.33,ATTENDANCE
EMP0014,PRODUCTION_TARGET_ACHIEVEMENT,2026-03,100,76.6,76.6,30,22.98,PRODUCTION
EMP0014,QUALITY_RATE,2026-03,98,95.72,97.68,20,19.54,PRODUCTION
EMP0014,DEFECT_RATE,2026-03,2,4.28,46.77,10,4.68,PRODUCTION
EMP0014,SAFETY_INCIDENTS,2026-03,0,0,150,10,15,PRODUCTION
EMP0015,ATTENDANCE_RATE,2026-03,95,100,105.26,20,21.05,ATTENDANCE
EMP0015,PUNCTUALITY,2026-03,90,77.27,85.86,10,8.59,ATTENDANCE
EMP0015,PRODUCTION_TARGET_ACHIEVEMENT,2026-03,100,71.4,71.4,30,21.42,PRODUCTION
EMP0015,QUALITY_RATE,2026-03,98,96.73,98.7,20,19.74,PRODUCTION
EMP0015,DEFECT_RATE,2026-03,2,3.27,61.18,10,6.12,PRODUCTION
EMP0015,SAFETY_INCIDENTS,2026-03,0,0,150,10,15,PRODUCTION
EMP0016,ATTENDANCE_RATE,2026-03,95,90.91,95.69,20,19.14,ATTENDANCE
EMP0016,PUNCTUALITY,2026-03,90,65,72.22,10,7.22,ATTENDANCE
EMP0016,PRODUCTION_TARGET_ACHIEVEMENT,2026-03,100,69.76,69.76,30,20.93,PRODUCTION
EMP0016,QUALITY_RATE,2026-03,98,96.59,98.56,20,19.71,PRODUCTION
EMP0016,DEFECT_RATE,2026-03,2,3.41,58.7,10,5.87,PRODUCTION
EMP0016,SAFETY_INCIDENTS,2026-03,0,0,150,10,15,PRODUCTION
EMP0017,ATTENDANCE_RATE,2026-03,95,86.36,90.91,20,18.18,ATTENDANCE
EMP0017,PUNCTUALITY,2026-03,90,68.42,76.02,10,7.6,ATTENDANCE
EMP0017,PRODUCTION_TARGET_ACHIEVEMENT,2026-03,100,74.18,74.18,30,22.25,PRODUCTION
EMP0017,QUALITY_RATE,2026-03,98,95.67,97.63,20,19.53,PRODUCTION
EMP0017,DEFECT_RATE,2026-03,2,4.33,46.24,10,4.62,PRODUCTION
EMP0017,SAFETY_INCIDENTS,2026-03,0,0,150,10,15,PRODUCTION
EMP0018,ATTENDANCE_RATE,2026-03,95,81.82,86.12,20,17.22,ATTENDANCE
EMP0018,PUNCTUALITY,2026-03,90,77.78,86.42,10,8.64,ATTENDANCE
EMP0018,PRODUCTION_TARGET_ACHIEVEMENT,2026-03,100,62.43,62.43,30,18.73,PRODUCTION
EMP0018,QUALITY_RATE,2026-03,98,95.67,97.62,20,19.52,PRODUCTION
EMP0018,DEFECT_RATE,2026-03,2,4.33,46.15,10,4.62,PRODUCTION
EMP0018,SAFETY_INCIDENTS,2026-03,0,0,150,10,15,PRODUCTION
EMP0019,ATTENDANCE_RATE,2026-03,95,100,105.26,20,21.05,ATTENDANCE
EMP0019,PUNCTUALITY,2026-03,90,95.45,106.06,10,10.61,ATTENDANCE
EMP0019,PRODUCTION_TARGET_ACHIEVEMENT,2026-03,100,78.74,78.74,30,23.62,PRODUCTION
EMP0019,QUALITY_RATE,2026-03,98,96.66,98.63,20,19.73,PRODUCTION
EMP0019,DEFECT_RATE,2026-03,2,3.34,59.86,10,5.99,PRODUCTION
EMP0019,SAFETY_INCIDENTS,2026-03,0,2,100,10,10,PRODUCTION
EMP0020,ATTENDANCE_RATE,2026-03,95,100,105.26,20,21.05,ATTENDANCE
EMP0020,PUNCTUALITY,2026-03,90,95.45,106.06,10,10.61,ATTENDANCE
EMP0020,PRODUCTION_TARGET_ACHIEVEMENT,2026-03,100,68.74,68.74,30,20.62,PRODUCTION
EMP0020,QUALITY_RATE,2026-03,98,96.63,98.6,20,19.72,PRODUCTION
EMP0020,DEFECT_RATE,2026-03,2,3.37,59.31,10,5.93,PRODUCTION
EMP0020,SAFETY_INCIDENTS,2026-03,0,0,150,10,15,PRODUCTION
EMP0021,ATTENDANCE_RATE,2026-03,95,86.36,90.91,20,18.18,ATTENDANCE
EMP0021,PUNCTUALITY,2026-03,90,63.16,70.18,10,7.02,ATTENDANCE
EMP0021,PRODUCTION_TARGET_ACHIEVEMENT,2026-03,100,107.7,107.7,30,32.31,PRODUCTION
EMP0021,QUALITY_RATE,2026-03,98,98.72,100.74,20,20.15,PRODUCTION
EMP0021,DEFECT_RATE,2026-03,2,1.28,150,10,15,PRODUCTION
EMP0021,SAFETY_INCIDENTS,2026-03,0,0,150,10,15,PRODUCTION
EMP0022,ATTENDANCE_RATE,2026-03,95,95.45,100.48,20,20.1,ATTENDANCE
EMP0022,PUNCTUALITY,2026-03,90,95.24,105.82,10,10.58,ATTENDANCE
EMP0022,PRODUCTION_TARGET_ACHIEVEMENT,2026-03,100,65.71,65.71,30,19.71,PRODUCTION
EMP0022,QUALITY_RATE,2026-03,98,96.54,98.51,20,19.7,PRODUCTION
EMP0022,DEFECT_RATE,2026-03,2,3.46,57.87,10,5.79,PRODUCTION
EMP0022,SAFETY_INCIDENTS,2026-03,0,0,150,10,15,PRODUCTION
EMP0023,ATTENDANCE_RATE,2026-03,95,86.36,90.91,20,18.18,ATTENDANCE
EMP0023,PUNCTUALITY,2026-03,90,78.95,87.72,10,8.77,ATTENDANCE
EMP0023,PRODUCTION_TARGET_ACHIEVEMENT,2026-03,100,115.49,115.49,30,34.65,PRODUCTION
EMP0023,QUALITY_RATE,2026-03,98,99.68,101.72,20,20.34,PRODUCTION
EMP0023,DEFECT_RATE,2026-03,2,0.32,150,10,15,PRODUCTION
EMP0023,SAFETY_INCIDENTS,2026-03,0,0,150,10,15,PRODUCTION
EMP0024,ATTENDANCE_RATE,2026-03,95,100,105.26,20,21.05,ATTENDANCE
EMP0024,PUNCTUALITY,2026-03,90,100,111.11,10,11.11,ATTENDANCE
EMP0024,PRODUCTION_TARGET_ACHIEVEMENT,2026-03,100,76.18,76.18,30,22.85,PRODUCTION
EMP0024,QUALITY_RATE,2026-03,98,95.5,97.45,20,19.49,PRODUCTION
EMP0024,DEFECT_RATE,2026-03,2,4.5,44.43,10,4.44,PRODUCTION
EMP0024,SAFETY_INCIDENTS,2026-03,0,0,150,10,15,PRODUCTION
EMP0025,ATTENDANCE_RATE,2026-03,95,100,105.26,20,21.05,ATTENDANCE
EMP0025,PUNCTUALITY,2026-03,90,72.73,80.81,10,8.08,ATTENDANCE
EMP0025,PRODUCTION_TARGET_ACHIEVEMENT,2026-03,100,72.69,72.69,30,21.81,PRODUCTION
EMP0025,QUALITY_RATE,2026-03,98,95.5,97.45,20,19.49,PRODUCTION
EMP0025,DEFECT_RATE,2026-03,2,4.5,44.44,10,4.44,PRODUCTION
EMP0025,SAFETY_INCIDENTS,2026-03,0,0,150,10,15,PRODUCTION
EMP0026,ATTENDANCE_RATE,2026-03,95,90.91,95.69,20,19.14,ATTENDANCE
EMP0026,PUNCTUALITY,2026-03,90,55,61.11,10,6.11,ATTENDANCE
EMP0026,PRODUCTION_TARGET_ACHIEVEMENT,2026-03,100,111.59,111.59,30,33.48,PRODUCTION
EMP0026,QUALITY_RATE,2026-03,98,98.63,100.65,20,20.13,PRODUCTION
EMP0026,DEFECT_RATE,2026-03,2,1.37,146.23,10,14.62,PRODUCTION
EMP0026,SAFETY_INCIDENTS,2026-03,0,0,150,10,15,PRODUCTION
EMP0027,ATTENDANCE_RATE,2026-03,95,90.91,95.69,20,19.14,ATTENDANCE
EMP0027,PUNCTUALITY,2026-03,90,70,77.78,10,7.78,ATTENDANCE
EMP0027,PRODUCTION_TARGET_ACHIEVEMENT,2026-03,100,108.77,108.77,30,32.63,PRODUCTION
EMP0027,QUALITY_RATE,2026-03,98,98.56,100.57,20,20.11,PRODUCTION
EMP0027,DEFECT_RATE,2026-03,2,1.44,138.93,10,13.89,PRODUCTION
EMP0027,SAFETY_INCIDENTS,2026-03,0,1,100,10,10,PRODUCTION
EMP0028,ATTENDANCE_RATE,2026-03,95,100,105.26,20,21.05,ATTENDANCE
EMP0028,PUNCTUALITY,2026-03,90,72.73,80.81,10,8.08,ATTENDANCE
EMP0028,PRODUCTION_TARGET_ACHIEVEMENT,2026-03,100,76.43,76.43,30,22.93,PRODUCTION
EMP0028,QUALITY_RATE,2026-03,98,96.54,98.51,20,19.7,PRODUCTION
EMP0028,DEFECT_RATE,2026-03,2,3.46,57.77,10,5.78,PRODUCTION
EMP0028,SAFETY_INCIDENTS,2026-03,0,1,100,10,10,PRODUCTION
EMP0029,ATTENDANCE_RATE,2026-03,95,86.36,90.91,20,18.18,ATTENDANCE
EMP0029,PUNCTUALITY,2026-03,90,68.42,76.02,10,7.6,ATTENDANCE
EMP0029,PRODUCTION_TARGET_ACHIEVEMENT,2026-03,100,46.04,46.04,30,13.81,PRODUCTION
EMP0029,QUALITY_RATE,2026-03,98,92.7,94.59,20,18.92,PRODUCTION
EMP0029,DEFECT_RATE,2026-03,2,7.3,27.4,10,2.74,PRODUCTION
EMP0029,SAFETY_INCIDENTS,2026-03,0,1,100,10,10,PRODUCTION
EMP0030,ATTENDANCE_RATE,2026-03,95,95.45,100.48,20,20.1,ATTENDANCE
EMP0030,PUNCTUALITY,2026-03,90,80.95,89.95,10,8.99,ATTENDANCE
EMP0030,PRODUCTION_TARGET_ACHIEVEMENT,2026-03,100,47.84,47.84,30,14.35,PRODUCTION
EMP0030,QUALITY_RATE,2026-03,98,93.83,95.74,20,19.15,PRODUCTION
EMP0030,DEFECT_RATE,2026-03,2,6.17,32.39,10,3.24,PRODUCTION
EMP0030,SAFETY_INCIDENTS,2026-03,0,0,150,10,15,PRODUCTION
EMP0031,ATTENDANCE_RATE,2026-03,95,100,105.26,20,21.05,ATTENDANCE
EMP0031,PUNCTUALITY,2026-03,90,86.36,95.96,10,9.6,ATTENDANCE
EMP0031,PRODUCTION_TARGET_ACHIEVEMENT,2026-03,100,72.66,72.66,30,21.8,PRODUCTION
EMP0031,QUALITY_RATE,2026-03,98,96.37,98.33,20,19.67,PRODUCTION
EMP0031,DEFECT_RATE,2026-03,2,3.63,55.04,10,5.5,PRODUCTION
EMP0031,SAFETY_INCIDENTS,2026-03,0,0,150,10,15,PRODUCTION
EMP0032,ATTENDANCE_RATE,2026-03,95,95.45,100.48,20,20.1,ATTENDANCE
EMP0032,PUNCTUALITY,2026-03,90,95.24,105.82,10,10.58,ATTENDANCE
EMP0032,PRODUCTION_TARGET_ACHIEVEMENT,2026-03,100,108.33,108.33,30,32.5,PRODUCTION
EMP0032,QUALITY_RATE,2026-03,98,98.72,100.73,20,20.15,PRODUCTION
EMP0032,DEFECT_RATE,2026-03,2,1.28,150,10,15,PRODUCTION
EMP0032,SAFETY_INCIDENTS,2026-03,0,0,150,10,15,PRODUCTION
EMP0033,ATTENDANCE_RATE,2026-03,95,81.82,86.12,20,17.22,ATTENDANCE
EMP0033,PUNCTUALITY,2026-03,90,55.56,61.73,10,6.17,ATTENDANCE
EMP0033,PRODUCTION_TARGET_ACHIEVEMENT,2026-03,100,83.99,83.99,30,25.2,PRODUCTION
EMP0033,QUALITY_RATE,2026-03,98,96.76,98.73,20,19.75,PRODUCTION
EMP0033,DEFECT_RATE,2026-03,2,3.24,61.65,10,6.17,PRODUCTION
EMP0033,SAFETY_INCIDENTS,2026-03,0,0,150,10,15,PRODUCTION
EMP0034,ATTENDANCE_RATE,2026-03,95,81.82,86.12,20,17.22,ATTENDANCE
EMP0034,PUNCTUALITY,2026-03,90,72.22,80.25,10,8.03,ATTENDANCE
EMP0034,PRODUCTION_TARGET_ACHIEVEMENT,2026-03,100,72.54,72.54,30,21.76,PRODUCTION
EMP0034,QUALITY_RATE,2026-03,98,96.78,98.75,20,19.75,PRODUCTION
EMP0034,DEFECT_RATE,2026-03,2,3.22,62.09,10,6.21,PRODUCTION
EMP0034,SAFETY_INCIDENTS,2026-03,0,0,150,10,15,PRODUCTION
EMP0035,ATTENDANCE_RATE,2026-03,95,95.45,100.48,20,20.1,ATTENDANCE
EMP0035,PUNCTUALITY,2026-03,90,66.67,74.07,10,7.41,ATTENDANCE
EMP0035,PRODUCTION_TARGET_ACHIEVEMENT,2026-03,100,53.93,53.93,30,16.18,PRODUCTION
EMP0035,QUALITY_RATE,2026-03,98,91.59,93.46,20,18.69,PRODUCTION
EMP0035,DEFECT_RATE,2026-03,2,8.41,23.79,10,2.38,PRODUCTION
EMP0035,SAFETY_INCIDENTS,2026-03,0,0,150,10,15,PRODUCTION
EMP0036,ATTENDANCE_RATE,2026-03,95,83.33,87.72,20,17.54,ATTENDANCE
EMP0036,PUNCTUALITY,2026-03,90,80,88.89,10,8.89,ATTENDANCE
EMP0036,PRODUCTION_TARGET_ACHIEVEMENT,2026-03,100,70.54,70.54,30,21.16,PRODUCTION
EMP0036,QUALITY_RATE,2026-03,98,96.42,98.38,20,19.68,PRODUCTION
EMP0036,DEFECT_RATE,2026-03,2,3.58,55.8,10,5.58,PRODUCTION
EMP0036,SAFETY_INCIDENTS,2026-03,0,0,150,10,15,PRODUCTION
EMP0037,ATTENDANCE_RATE,2026-03,95,100,105.26,20,21.05,ATTENDANCE
EMP0037,PUNCTUALITY,2026-03,90,95.45,106.06,10,10.61,ATTENDANCE
EMP0037,PRODUCTION_TARGET_ACHIEVEMENT,2026-03,100,72.58,72.58,30,21.77,PRODUCTION
EMP0037,QUALITY_RATE,2026-03,98,97.76,99.76,20,19.95,PRODUCTION
EMP0037,DEFECT_RATE,2026-03,2,2.24,89.33,10,8.93,PRODUCTION
EMP0037,SAFETY_INCIDENTS,2026-03,0,0,150,10,15,PRODUCTION
EMP0038,ATTENDANCE_RATE,2026-03,95,100,105.26,20,21.05,ATTENDANCE
EMP0038,PUNCTUALITY,2026-03,90,63.64,70.71,10,7.07,ATTENDANCE
EMP0038,PRODUCTION_TARGET_ACHIEVEMENT,2026-03,100,73.85,73.85,30,22.16,PRODUCTION
EMP0038,QUALITY_RATE,2026-03,98,97.78,99.77,20,19.95,PRODUCTION
EMP0038,DEFECT_RATE,2026-03,2,2.22,89.89,10,8.99,PRODUCTION
EMP0038,SAFETY_INCIDENTS,2026-03,0,0,150,10,15,PRODUCTION
EMP0039,ATTENDANCE_RATE,2026-03,95,86.36,90.91,20,18.18,ATTENDANCE
EMP0039,PUNCTUALITY,2026-03,90,68.42,76.02,10,7.6,ATTENDANCE
EMP0039,PRODUCTION_TARGET_ACHIEVEMENT,2026-03,100,77.57,77.57,30,23.27,PRODUCTION
EMP0039,QUALITY_RATE,2026-03,98,96.61,98.58,20,19.72,PRODUCTION
EMP0039,DEFECT_RATE,2026-03,2,3.39,58.95,10,5.9,PRODUCTION
EMP0039,SAFETY_INCIDENTS,2026-03,0,0,150,10,15,PRODUCTION
EMP0040,ATTENDANCE_RATE,2026-03,95,86.36,90.91,20,18.18,ATTENDANCE
EMP0040,PUNCTUALITY,2026-03,90,36.84,40.94,10,4.09,ATTENDANCE
EMP0040,PRODUCTION_TARGET_ACHIEVEMENT,2026-03,100,76.54,76.54,30,22.96,PRODUCTION
EMP0040,QUALITY_RATE,2026-03,98,97.82,99.81,20,19.96,PRODUCTION
EMP0040,DEFECT_RATE,2026-03,2,2.18,91.56,10,9.16,PRODUCTION
EMP0040,SAFETY_INCIDENTS,2026-03,0,0,150,10,15,PRODUCTION
EMP0041,ATTENDANCE_RATE,2026-03,95,100,105.26,20,21.05,ATTENDANCE
EMP0041,PUNCTUALITY,2026-03,90,81.82,90.91,10,9.09,ATTENDANCE
EMP0041,PRODUCTION_TARGET_ACHIEVEMENT,2026-03,100,71.14,71.14,30,21.34,PRODUCTION
EMP0041,QUALITY_RATE,2026-03,98,96.79,98.76,20,19.75,PRODUCTION
EMP0041,DEFECT_RATE,2026-03,2,3.21,62.22,10,6.22,PRODUCTION
EMP0041,SAFETY_INCIDENTS,2026-03,0,1,100,10,10,PRODUCTION
EMP0042,ATTENDANCE_RATE,2026-03,95,81.82,86.12,20,17.22,ATTENDANCE
EMP0042,PUNCTUALITY,2026-03,90,55.56,61.73,10,6.17,ATTENDANCE
EMP0042,PRODUCTION_TARGET_ACHIEVEMENT,2026-03,100,70.52,70.52,30,21.16,PRODUCTION
EMP0042,QUALITY_RATE,2026-03,98,96.69,98.66,20,19.73,PRODUCTION
EMP0042,DEFECT_RATE,2026-03,2,3.31,60.39,10,6.04,PRODUCTION
EMP0042,SAFETY_INCIDENTS,2026-03,0,0,150,10,15,PRODUCTION
EMP0043,ATTENDANCE_RATE,2026-03,95,100,105.26,20,21.05,ATTENDANCE
EMP0043,PUNCTUALITY,2026-03,90,95.45,106.06,10,10.61,ATTENDANCE
EMP0043,PRODUCTION_TARGET_ACHIEVEMENT,2026-03,100,70.02,70.02,30,21.01,PRODUCTION
EMP0043,QUALITY_RATE,2026-03,98,96.77,98.74,20,19.75,PRODUCTION
EMP0043,DEFECT_RATE,2026-03,2,3.23,61.88,10,6.19,PRODUCTION
EMP0043,SAFETY_INCIDENTS,2026-03,0,3,100,10,10,PRODUCTION
EMP0044,ATTENDANCE_RATE,2026-03,95,86.36,90.91,20,18.18,ATTENDANCE
EMP0044,PUNCTUALITY,2026-03,90,63.16,70.18,10,7.02,ATTENDANCE
EMP0044,PRODUCTION_TARGET_ACHIEVEMENT,2026-03,100,116.76,116.76,30,35.03,PRODUCTION
EMP0044,QUALITY_RATE,2026-03,98,98.73,100.75,20,20.15,PRODUCTION
EMP0044,DEFECT_RATE,2026-03,2,1.27,150,10,15,PRODUCTION
EMP0044,SAFETY_INCIDENTS,2026-03,0,0,150,10,15,PRODUCTION
EMP0045,ATTENDANCE_RATE,2026-03,95,95.45,100.48,20,20.1,ATTENDANCE
EMP0045,PUNCTUALITY,2026-03,90,90.48,100.53,10,10.05,ATTENDANCE
EMP0045,PRODUCTION_TARGET_ACHIEVEMENT,2026-03,100,68.22,68.22,30,20.47,PRODUCTION
EMP0045,QUALITY_RATE,2026-03,98,96.58,98.55,20,19.71,PRODUCTION
EMP0045,DEFECT_RATE,2026-03,2,3.42,58.44,10,5.84,PRODUCTION
EMP0045,SAFETY_INCIDENTS,2026-03,0,0,150,10,15,PRODUCTION
EMP0046,ATTENDANCE_RATE,2026-03,95,95.45,100.48,20,20.1,ATTENDANCE
EMP0046,PUNCTUALITY,2026-03,90,90.48,100.53,10,10.05,ATTENDANCE
EMP0046,PRODUCTION_TARGET_ACHIEVEMENT,2026-03,100,48.37,48.37,30,14.51,PRODUCTION
EMP0046,QUALITY_RATE,2026-03,98,90.84,92.69,20,18.54,PRODUCTION
EMP0046,DEFECT_RATE,2026-03,2,9.16,21.83,10,2.18,PRODUCTION
EMP0046,SAFETY_INCIDENTS,2026-03,0,1,100,10,10,PRODUCTION
EMP0047,ATTENDANCE_RATE,2026-03,95,95.45,100.48,20,20.1,ATTENDANCE
EMP0047,PUNCTUALITY,2026-03,90,47.62,52.91,10,5.29,ATTENDANCE
EMP0047,PRODUCTION_TARGET_ACHIEVEMENT,2026-03,100,72.07,72.07,30,21.62,PRODUCTION
EMP0047,QUALITY_RATE,2026-03,98,96.51,98.48,20,19.7,PRODUCTION
EMP0047,DEFECT_RATE,2026-03,2,3.49,57.25,10,5.73,PRODUCTION
EMP0047,SAFETY_INCIDENTS,2026-03,0,0,150,10,15,PRODUCTION
EMP0049,ATTENDANCE_RATE,2026-03,95,90.91,95.69,15,14.35,ATTENDANCE
EMP0049,QUALITY_RATE,2026-03,98,0,0,25,0,PRODUCTION
EMP0049,DEFECT_RATE,2026-03,2,0,150,20,30,PRODUCTION
EMP0049,MANAGEMENT_EFFECTIVENESS,2026-03,90,46.04,51.15,40,20.46,MANUAL
EMP0050,ATTENDANCE_RATE,2026-03,95,86.36,90.91,20,18.18,ATTENDANCE
EMP0050,PUNCTUALITY,2026-03,90,78.95,87.72,15,13.16,ATTENDANCE
EMP0050,QUALITY_RATE,2026-03,98,0,0,35,0,PRODUCTION
EMP0050,DEFECT_RATE,2026-03,2,0,150,30,45,PRODUCTION
EMP0051,ATTENDANCE_RATE,2026-03,95,72.73,76.56,20,15.31,ATTENDANCE
EMP0051,PUNCTUALITY,2026-03,90,62.5,69.44,15,10.42,ATTENDANCE
EMP0051,QUALITY_RATE,2026-03,98,0,0,35,0,PRODUCTION
EMP0051,DEFECT_RATE,2026-03,2,0,150,30,45,PRODUCTION
EMP0052,ATTENDANCE_RATE,2026-03,95,90.91,95.69,20,19.14,ATTENDANCE
EMP0052,PUNCTUALITY,2026-03,90,75,83.33,15,12.5,ATTENDANCE
EMP0052,QUALITY_RATE,2026-03,98,0,0,35,0,PRODUCTION
EMP0052,DEFECT_RATE,2026-03,2,0,150,30,45,PRODUCTION
EMP0054,ATTENDANCE_RATE,2026-03,95,90.91,95.69,20,19.14,ATTENDANCE
EMP0054,PUNCTUALITY,2026-03,90,70,77.78,15,11.67,ATTENDANCE
EMP0054,QUALITY_RATE,2026-03,98,0,0,35,0,PRODUCTION
EMP0054,DEFECT_RATE,2026-03,2,0,150,30,45,PRODUCTION
EMP0055,ATTENDANCE_RATE,2026-03,95,95.45,100.48,20,20.1,ATTENDANCE
EMP0055,PUNCTUALITY,2026-03,90,80.95,89.95,15,13.49,ATTENDANCE
EMP0055,QUALITY_RATE,2026-03,98,0,0,35,0,PRODUCTION
EMP0055,DEFECT_RATE,2026-03,2,0,150,30,45,PRODUCTION
EMP0057,ATTENDANCE_RATE,2026-03,95,86.36,90.91,20,18.18,ATTENDANCE
EMP0057,PUNCTUALITY,2026-03,90,73.68,81.87,15,12.28,ATTENDANCE
EMP0057,QUALITY_RATE,2026-03,98,0,0,35,0,PRODUCTION
EMP0057,DEFECT_RATE,2026-03,2,0,150,30,45,PRODUCTION
EMP0059,ATTENDANCE_RATE,2026-03,95,90.91,95.69,20,19.14,ATTENDANCE
EMP0059,PUNCTUALITY,2026-03,90,55,61.11,15,9.17,ATTENDANCE
EMP0059,QUALITY_RATE,2026-03,98,0,0,35,0,PRODUCTION
EMP0059,DEFECT_RATE,2026-03,2,0,150,30,45,PRODUCTION
EMP0060,ATTENDANCE_RATE,2026-03,95,86.36,90.91,20,18.18,ATTENDANCE
EMP0060,PUNCTUALITY,2026-03,90,89.47,99.42,15,14.91,ATTENDANCE
EMP0060,QUALITY_RATE,2026-03,98,0,0,35,0,PRODUCTION
EMP0060,DEFECT_RATE,2026-03,2,0,150,30,45,PRODUCTION
EMP0061,ATTENDANCE_RATE,2026-03,95,63.64,66.99,15,10.05,ATTENDANCE
EMP0061,TASK_COMPLETION_RATE,2026-03,95,70.22,73.92,25,18.48,MANUAL
EMP0061,COST_EFFICIENCY,2026-03,90,72.77,80.85,20,16.17,MANUAL
EMP0061,MANAGEMENT_EFFECTIVENESS,2026-03,90,67.22,74.69,40,29.88,MANUAL
EMP0062,ATTENDANCE_RATE,2026-03,95,86.36,90.91,30,27.27,ATTENDANCE
EMP0062,PUNCTUALITY,2026-03,90,36.84,40.94,20,8.19,ATTENDANCE
EMP0062,TASK_COMPLETION_RATE,2026-03,95,72.5,76.32,30,22.9,MANUAL
EMP0062,COST_EFFICIENCY,2026-03,90,64.8,72,20,14.4,MANUAL
EMP0063,ATTENDANCE_RATE,2026-03,95,90.91,95.69,30,28.71,ATTENDANCE
EMP0063,PUNCTUALITY,2026-03,90,70,77.78,20,15.56,ATTENDANCE
EMP0063,TASK_COMPLETION_RATE,2026-03,95,51.86,54.59,30,16.38,MANUAL
EMP0063,COST_EFFICIENCY,2026-03,90,47.22,52.47,20,10.49,MANUAL
EMP0064,ATTENDANCE_RATE,2026-03,95,86.36,90.91,30,27.27,ATTENDANCE
EMP0064,PUNCTUALITY,2026-03,90,73.68,81.87,20,16.37,ATTENDANCE
EMP0064,TASK_COMPLETION_RATE,2026-03,95,72.12,75.92,30,22.78,MANUAL
EMP0064,COST_EFFICIENCY,2026-03,90,61.76,68.62,20,13.72,MANUAL
EMP0065,ATTENDANCE_RATE,2026-03,95,100,105.26,30,31.58,ATTENDANCE
EMP0065,PUNCTUALITY,2026-03,90,59.09,65.66,20,13.13,ATTENDANCE
EMP0065,TASK_COMPLETION_RATE,2026-03,95,95.89,100.94,30,30.28,MANUAL
EMP0065,COST_EFFICIENCY,2026-03,90,96.41,107.12,20,21.42,MANUAL
EMP0066,ATTENDANCE_RATE,2026-03,95,86.36,90.91,30,27.27,ATTENDANCE
EMP0066,PUNCTUALITY,2026-03,90,57.89,64.33,20,12.87,ATTENDANCE
EMP0066,TASK_COMPLETION_RATE,2026-03,95,46.44,48.88,30,14.66,MANUAL
EMP0066,COST_EFFICIENCY,2026-03,90,47.74,53.04,20,10.61,MANUAL
EMP0067,ATTENDANCE_RATE,2026-03,95,95.45,100.48,30,30.14,ATTENDANCE
EMP0067,PUNCTUALITY,2026-03,90,100,111.11,20,22.22,ATTENDANCE
EMP0067,TASK_COMPLETION_RATE,2026-03,95,74.37,78.28,30,23.48,MANUAL
EMP0067,COST_EFFICIENCY,2026-03,90,63.61,70.68,20,14.14,MANUAL
EMP0068,ATTENDANCE_RATE,2026-03,95,95.45,100.48,30,30.14,ATTENDANCE
EMP0068,PUNCTUALITY,2026-03,90,66.67,74.07,20,14.81,ATTENDANCE
EMP0068,TASK_COMPLETION_RATE,2026-03,95,72.33,76.14,30,22.84,MANUAL
EMP0068,COST_EFFICIENCY,2026-03,90,70.71,78.57,20,15.71,MANUAL
EMP0069,ATTENDANCE_RATE,2026-03,95,81.82,86.12,30,25.84,ATTENDANCE
EMP0069,PUNCTUALITY,2026-03,90,61.11,67.9,20,13.58,ATTENDANCE
EMP0069,TASK_COMPLETION_RATE,2026-03,95,66.78,70.29,30,21.09,MANUAL
EMP0069,COST_EFFICIENCY,2026-03,90,63.26,70.29,20,14.06,MANUAL
EMP0070,ATTENDANCE_RATE,2026-03,95,90.91,95.69,30,28.71,ATTENDANCE
EMP0070,PUNCTUALITY,2026-03,90,75,83.33,20,16.67,ATTENDANCE
EMP0070,TASK_COMPLETION_RATE,2026-03,95,73.51,77.38,30,23.21,MANUAL
EMP0070,COST_EFFICIENCY,2026-03,90,66.36,73.73,20,14.75,MANUAL
EMP0071,ATTENDANCE_RATE,2026-03,95,81.82,86.12,15,12.92,ATTENDANCE
EMP0071,TASK_COMPLETION_RATE,2026-03,95,80.56,84.8,25,21.2,MANUAL
EMP0071,COST_EFFICIENCY,2026-03,90,74.16,82.4,20,16.48,MANUAL
EMP0071,MANAGEMENT_EFFECTIVENESS,2026-03,90,73.44,81.6,40,32.64,MANUAL
EMP0072,ATTENDANCE_RATE,2026-03,95,90.91,95.69,30,28.71,ATTENDANCE
EMP0072,PUNCTUALITY,2026-03,90,85,94.44,20,18.89,ATTENDANCE
EMP0072,TASK_COMPLETION_RATE,2026-03,95,42.41,44.64,35,15.62,MANUAL
EMP0072,COST_EFFICIENCY,2026-03,90,41.47,46.08,15,6.91,MANUAL
EMP0073,ATTENDANCE_RATE,2026-03,95,90.91,95.69,30,28.71,ATTENDANCE
EMP0073,PUNCTUALITY,2026-03,90,80,88.89,20,17.78,ATTENDANCE
EMP0073,TASK_COMPLETION_RATE,2026-03,95,71.25,75,35,26.25,MANUAL
EMP0073,COST_EFFICIENCY,2026-03,90,72.9,81,15,12.15,MANUAL
EMP0075,ATTENDANCE_RATE,2026-03,95,86.36,90.91,30,27.27,ATTENDANCE
EMP0075,PUNCTUALITY,2026-03,90,57.89,64.33,20,12.87,ATTENDANCE
EMP0075,TASK_COMPLETION_RATE,2026-03,95,72.82,76.65,35,26.83,MANUAL
EMP0075,COST_EFFICIENCY,2026-03,90,70.96,78.84,15,11.83,MANUAL
EMP0076,ATTENDANCE_RATE,2026-03,95,86.36,90.91,30,27.27,ATTENDANCE
EMP0076,PUNCTUALITY,2026-03,90,78.95,87.72,20,17.54,ATTENDANCE
EMP0076,TASK_COMPLETION_RATE,2026-03,95,72.12,75.92,35,26.57,MANUAL
EMP0076,COST_EFFICIENCY,2026-03,90,66.36,73.73,15,11.06,MANUAL
EMP0077,ATTENDANCE_RATE,2026-03,95,90.91,95.69,30,28.71,ATTENDANCE
EMP0077,PUNCTUALITY,2026-03,90,80,88.89,20,17.78,ATTENDANCE
EMP0077,TASK_COMPLETION_RATE,2026-03,95,66.78,70.29,35,24.6,MANUAL
EMP0077,COST_EFFICIENCY,2026-03,90,63.26,70.29,15,10.54,MANUAL
EMP0078,ATTENDANCE_RATE,2026-03,95,100,105.26,30,31.58,ATTENDANCE
EMP0078,PUNCTUALITY,2026-03,90,100,111.11,20,22.22,ATTENDANCE
EMP0078,TASK_COMPLETION_RATE,2026-03,95,65.17,68.6,35,24.01,MANUAL
EMP0078,COST_EFFICIENCY,2026-03,90,61.11,67.9,15,10.19,MANUAL
EMP0079,ATTENDANCE_RATE,2026-03,95,63.64,66.99,30,20.1,ATTENDANCE
EMP0079,PUNCTUALITY,2026-03,90,57.14,63.49,20,12.7,ATTENDANCE
EMP0079,TASK_COMPLETION_RATE,2026-03,95,69.08,72.72,35,25.45,MANUAL
EMP0079,COST_EFFICIENCY,2026-03,90,62.21,69.12,15,10.37,MANUAL
EMP0080,ATTENDANCE_RATE,2026-03,95,90.91,95.69,30,28.71,ATTENDANCE
EMP0080,PUNCTUALITY,2026-03,90,50,55.56,20,11.11,ATTENDANCE
EMP0080,TASK_COMPLETION_RATE,2026-03,95,100,105.26,35,36.84,MANUAL
EMP0080,COST_EFFICIENCY,2026-03,90,98.26,109.18,15,16.38,MANUAL
EMP0082,ATTENDANCE_RATE,2026-03,95,86.36,90.91,30,27.27,ATTENDANCE
EMP0082,PUNCTUALITY,2026-03,90,63.16,70.18,20,14.04,ATTENDANCE
EMP0082,TASK_COMPLETION_RATE,2026-03,95,77.12,81.18,35,28.41,MANUAL
EMP0082,COST_EFFICIENCY,2026-03,90,67.9,75.44,15,11.32,MANUAL
EMP0083,ATTENDANCE_RATE,2026-03,95,95.45,100.48,15,15.07,ATTENDANCE
EMP0083,TASK_COMPLETION_RATE,2026-03,95,72.05,75.84,35,26.54,MANUAL
EMP0083,MANAGEMENT_EFFECTIVENESS,2026-03,90,73.94,82.16,50,41.08,MANUAL
EMP0084,ATTENDANCE_RATE,2026-03,95,86.36,90.91,30,27.27,ATTENDANCE
EMP0084,PUNCTUALITY,2026-03,90,73.68,81.87,20,16.37,ATTENDANCE
EMP0084,TASK_COMPLETION_RATE,2026-03,95,60.72,63.92,50,31.96,MANUAL
EMP0085,ATTENDANCE_RATE,2026-03,95,86.36,90.91,30,27.27,ATTENDANCE
EMP0085,PUNCTUALITY,2026-03,90,47.37,52.63,20,10.53,ATTENDANCE
EMP0085,TASK_COMPLETION_RATE,2026-03,95,69.65,73.32,50,36.66,MANUAL
EMP0086,ATTENDANCE_RATE,2026-03,95,100,105.26,30,31.58,ATTENDANCE
EMP0086,PUNCTUALITY,2026-03,90,86.36,95.96,20,19.19,ATTENDANCE
EMP0086,TASK_COMPLETION_RATE,2026-03,95,68.48,72.08,50,36.04,MANUAL
EMP0087,ATTENDANCE_RATE,2026-03,95,86.36,90.91,30,27.27,ATTENDANCE
EMP0087,PUNCTUALITY,2026-03,90,68.42,76.02,20,15.2,ATTENDANCE
EMP0087,TASK_COMPLETION_RATE,2026-03,95,73.36,77.22,50,38.61,MANUAL
EMP0088,ATTENDANCE_RATE,2026-03,95,95.45,100.48,30,30.14,ATTENDANCE
EMP0088,PUNCTUALITY,2026-03,90,61.9,68.78,20,13.76,ATTENDANCE
EMP0088,TASK_COMPLETION_RATE,2026-03,95,79.29,83.46,50,41.73,MANUAL
EMP0089,ATTENDANCE_RATE,2026-03,95,95.45,100.48,30,30.14,ATTENDANCE
EMP0089,PUNCTUALITY,2026-03,90,57.14,63.49,20,12.7,ATTENDANCE
EMP0089,TASK_COMPLETION_RATE,2026-03,95,68.8,72.42,50,36.21,MANUAL
EMP0091,ATTENDANCE_RATE,2026-03,95,90.91,95.69,10,9.57,ATTENDANCE
EMP0091,TASK_COMPLETION_RATE,2026-03,95,62.27,65.55,20,13.11,MANUAL
EMP0091,COST_EFFICIENCY,2026-03,90,58.37,64.86,25,16.22,MANUAL
EMP0091,MANAGEMENT_EFFECTIVENESS,2026-03,90,61.48,68.31,45,30.74,MANUAL
EMP0092,ATTENDANCE_RATE,2026-03,95,100,105.26,25,26.32,ATTENDANCE
EMP0092,PUNCTUALITY,2026-03,90,90.91,101.01,15,15.15,ATTENDANCE
EMP0092,TASK_COMPLETION_RATE,2026-03,95,71.14,74.88,30,22.46,MANUAL
EMP0092,COST_EFFICIENCY,2026-03,90,62.21,69.12,30,20.74,MANUAL
EMP0093,ATTENDANCE_RATE,2026-03,95,90.91,95.69,25,23.92,ATTENDANCE
EMP0093,PUNCTUALITY,2026-03,90,85,94.44,15,14.17,ATTENDANCE
EMP0093,TASK_COMPLETION_RATE,2026-03,95,70.03,73.72,30,22.12,MANUAL
EMP0093,COST_EFFICIENCY,2026-03,90,72.5,80.56,30,24.17,MANUAL
EMP0094,ATTENDANCE_RATE,2026-03,95,81.82,86.12,25,21.53,ATTENDANCE
EMP0094,PUNCTUALITY,2026-03,90,83.33,92.59,15,13.89,ATTENDANCE
EMP0094,TASK_COMPLETION_RATE,2026-03,95,68.8,72.42,30,21.73,MANUAL
EMP0094,COST_EFFICIENCY,2026-03,90,60.71,67.45,30,20.24,MANUAL
EMP0095,ATTENDANCE_RATE,2026-03,95,100,105.26,25,26.32,ATTENDANCE
EMP0095,PUNCTUALITY,2026-03,90,100,111.11,15,16.67,ATTENDANCE
EMP0095,TASK_COMPLETION_RATE,2026-03,95,69.83,73.5,30,22.05,MANUAL
EMP0095,COST_EFFICIENCY,2026-03,90,63,70,30,21,MANUAL
EMP0096,ATTENDANCE_RATE,2026-03,95,81.82,86.12,25,21.53,ATTENDANCE
EMP0096,PUNCTUALITY,2026-03,90,61.11,67.9,15,10.19,ATTENDANCE
EMP0096,TASK_COMPLETION_RATE,2026-03,95,93.1,98,30,29.4,MANUAL
EMP0096,COST_EFFICIENCY,2026-03,90,84.6,94,30,28.2,MANUAL
EMP0097,ATTENDANCE_RATE,2026-03,95,95.45,100.48,25,25.12,ATTENDANCE
EMP0097,PUNCTUALITY,2026-03,90,80.95,89.95,15,13.49,ATTENDANCE
EMP0097,TASK_COMPLETION_RATE,2026-03,95,95.89,100.94,30,30.28,MANUAL
EMP0097,COST_EFFICIENCY,2026-03,90,88.07,97.85,30,29.36,MANUAL
EMP0098,ATTENDANCE_RATE,2026-03,95,95.45,100.48,25,25.12,ATTENDANCE
EMP0098,PUNCTUALITY,2026-03,90,90.48,100.53,15,15.08,ATTENDANCE
EMP0098,TASK_COMPLETION_RATE,2026-03,95,84.37,88.81,30,26.64,MANUAL
EMP0098,COST_EFFICIENCY,2026-03,90,70.22,78.02,30,23.41,MANUAL
EMP0100,ATTENDANCE_RATE,2026-03,95,77.27,81.34,25,20.34,ATTENDANCE
EMP0100,PUNCTUALITY,2026-03,90,52.94,58.82,15,8.82,ATTENDANCE
EMP0100,TASK_COMPLETION_RATE,2026-03,95,37.51,39.48,30,11.84,MANUAL
EMP0100,COST_EFFICIENCY,2026-03,90,37.8,42,30,12.6,MANUAL
EMP0001,ATTENDANCE_RATE,2026-04,95,100,105.26,10,10.53,ATTENDANCE
EMP0001,MANAGEMENT_EFFECTIVENESS,2026-04,90,73.46,81.62,90,73.46,MANUAL
EMP0002,ATTENDANCE_RATE,2026-04,95,63.64,66.99,15,10.05,ATTENDANCE
EMP0002,TASK_COMPLETION_RATE,2026-04,95,86.4,90.95,35,31.83,MANUAL
EMP0002,MANAGEMENT_EFFECTIVENESS,2026-04,90,72.68,80.75,50,40.38,MANUAL
EMP0003,ATTENDANCE_RATE,2026-04,95,77.27,81.34,35,28.47,ATTENDANCE
EMP0003,PUNCTUALITY,2026-04,90,52.94,58.82,25,14.71,ATTENDANCE
EMP0003,TASK_COMPLETION_RATE,2026-04,95,94.05,99,40,39.6,MANUAL
EMP0004,ATTENDANCE_RATE,2026-04,95,95.45,100.48,35,35.17,ATTENDANCE
EMP0004,PUNCTUALITY,2026-04,90,95.24,105.82,25,26.46,ATTENDANCE
EMP0004,TASK_COMPLETION_RATE,2026-04,95,78.85,83,40,33.2,MANUAL
EMP0005,ATTENDANCE_RATE,2026-04,95,90.91,95.69,35,33.49,ATTENDANCE
EMP0005,PUNCTUALITY,2026-04,90,85,94.44,25,23.61,ATTENDANCE
EMP0005,TASK_COMPLETION_RATE,2026-04,95,82.57,86.92,40,34.77,MANUAL
EMP0006,ATTENDANCE_RATE,2026-04,95,94.74,99.72,35,34.9,ATTENDANCE
EMP0006,PUNCTUALITY,2026-04,90,88.89,98.77,25,24.69,ATTENDANCE
EMP0006,TASK_COMPLETION_RATE,2026-04,95,91.77,96.6,40,38.64,MANUAL
EMP0007,ATTENDANCE_RATE,2026-04,95,100,105.26,35,36.84,ATTENDANCE
EMP0007,PUNCTUALITY,2026-04,90,81.82,90.91,25,22.73,ATTENDANCE
EMP0007,TASK_COMPLETION_RATE,2026-04,95,100,105.26,40,42.1,MANUAL
EMP0008,ATTENDANCE_RATE,2026-04,95,100,105.26,35,36.84,ATTENDANCE
EMP0008,PUNCTUALITY,2026-04,90,63.64,70.71,25,17.68,ATTENDANCE
EMP0008,TASK_COMPLETION_RATE,2026-04,95,76.55,80.58,40,32.23,MANUAL
EMP0009,ATTENDANCE_RATE,2026-04,95,72.73,76.56,15,11.48,ATTENDANCE
EMP0009,PRODUCTION_TARGET_ACHIEVEMENT,2026-04,100,84.13,84.13,25,21.03,PRODUCTION
EMP0009,QUALITY_RATE,2026-04,98,95.67,97.62,15,14.64,PRODUCTION
EMP0009,DEFECT_RATE,2026-04,2,4.33,46.21,10,4.62,PRODUCTION
EMP0009,SAFETY_INCIDENTS,2026-04,0,0,150,10,15,PRODUCTION
EMP0009,MANAGEMENT_EFFECTIVENESS,2026-04,90,51.16,56.84,25,14.21,MANUAL
EMP0010,ATTENDANCE_RATE,2026-04,95,100,105.26,20,21.05,ATTENDANCE
EMP0010,PUNCTUALITY,2026-04,90,81.82,90.91,10,9.09,ATTENDANCE
EMP0010,PRODUCTION_TARGET_ACHIEVEMENT,2026-04,100,56.72,56.72,30,17.02,PRODUCTION
EMP0010,QUALITY_RATE,2026-04,98,89.46,91.28,20,18.26,PRODUCTION
EMP0010,DEFECT_RATE,2026-04,2,10.54,18.97,10,1.9,PRODUCTION
EMP0010,SAFETY_INCIDENTS,2026-04,0,0,150,10,15,PRODUCTION
EMP0011,ATTENDANCE_RATE,2026-04,95,90.91,95.69,20,19.14,ATTENDANCE
EMP0011,PUNCTUALITY,2026-04,90,75,83.33,10,8.33,ATTENDANCE
EMP0011,PRODUCTION_TARGET_ACHIEVEMENT,2026-04,100,77.55,77.55,30,23.27,PRODUCTION
EMP0011,QUALITY_RATE,2026-04,98,97.9,99.9,20,19.98,PRODUCTION
EMP0011,DEFECT_RATE,2026-04,2,2.1,95.33,10,9.53,PRODUCTION
EMP0011,SAFETY_INCIDENTS,2026-04,0,1,100,10,10,PRODUCTION
EMP0012,ATTENDANCE_RATE,2026-04,95,100,105.26,20,21.05,ATTENDANCE
EMP0012,PUNCTUALITY,2026-04,90,81.82,90.91,10,9.09,ATTENDANCE
EMP0012,PRODUCTION_TARGET_ACHIEVEMENT,2026-04,100,74.51,74.51,30,22.35,PRODUCTION
EMP0012,QUALITY_RATE,2026-04,98,98.06,100.06,20,20.01,PRODUCTION
EMP0012,DEFECT_RATE,2026-04,2,1.94,103,10,10.3,PRODUCTION
EMP0012,SAFETY_INCIDENTS,2026-04,0,0,150,10,15,PRODUCTION
EMP0013,ATTENDANCE_RATE,2026-04,95,90.91,95.69,20,19.14,ATTENDANCE
EMP0013,PUNCTUALITY,2026-04,90,75,83.33,10,8.33,ATTENDANCE
EMP0013,PRODUCTION_TARGET_ACHIEVEMENT,2026-04,100,99.15,99.15,30,29.75,PRODUCTION
EMP0013,QUALITY_RATE,2026-04,98,99.76,101.8,20,20.36,PRODUCTION
EMP0013,DEFECT_RATE,2026-04,2,0.24,150,10,15,PRODUCTION
EMP0013,SAFETY_INCIDENTS,2026-04,0,0,150,10,15,PRODUCTION
EMP0014,ATTENDANCE_RATE,2026-04,95,63.64,66.99,20,13.4,ATTENDANCE
EMP0014,PUNCTUALITY,2026-04,90,35.71,39.68,10,3.97,ATTENDANCE
EMP0014,PRODUCTION_TARGET_ACHIEVEMENT,2026-04,100,77.73,77.73,30,23.32,PRODUCTION
EMP0014,QUALITY_RATE,2026-04,98,95.91,97.86,20,19.57,PRODUCTION
EMP0014,DEFECT_RATE,2026-04,2,4.09,48.87,10,4.89,PRODUCTION
EMP0014,SAFETY_INCIDENTS,2026-04,0,1,100,10,10,PRODUCTION
EMP0015,ATTENDANCE_RATE,2026-04,95,95.45,100.48,20,20.1,ATTENDANCE
EMP0015,PUNCTUALITY,2026-04,90,80.95,89.95,10,8.99,ATTENDANCE
EMP0015,PRODUCTION_TARGET_ACHIEVEMENT,2026-04,100,72.15,72.15,30,21.65,PRODUCTION
EMP0015,QUALITY_RATE,2026-04,98,96.52,98.49,20,19.7,PRODUCTION
EMP0015,DEFECT_RATE,2026-04,2,3.48,57.54,10,5.75,PRODUCTION
EMP0015,SAFETY_INCIDENTS,2026-04,0,2,100,10,10,PRODUCTION
EMP0016,ATTENDANCE_RATE,2026-04,95,86.36,90.91,20,18.18,ATTENDANCE
EMP0016,PUNCTUALITY,2026-04,90,84.21,93.57,10,9.36,ATTENDANCE
EMP0016,PRODUCTION_TARGET_ACHIEVEMENT,2026-04,100,70,70,30,21,PRODUCTION
EMP0016,QUALITY_RATE,2026-04,98,96.68,98.65,20,19.73,PRODUCTION
EMP0016,DEFECT_RATE,2026-04,2,3.32,60.23,10,6.02,PRODUCTION
EMP0016,SAFETY_INCIDENTS,2026-04,0,0,150,10,15,PRODUCTION
EMP0017,ATTENDANCE_RATE,2026-04,95,90.91,95.69,20,19.14,ATTENDANCE
EMP0017,PUNCTUALITY,2026-04,90,70,77.78,10,7.78,ATTENDANCE
EMP0017,PRODUCTION_TARGET_ACHIEVEMENT,2026-04,100,74.59,74.59,30,22.38,PRODUCTION
EMP0017,QUALITY_RATE,2026-04,98,95.7,97.66,20,19.53,PRODUCTION
EMP0017,DEFECT_RATE,2026-04,2,4.3,46.54,10,4.65,PRODUCTION
EMP0017,SAFETY_INCIDENTS,2026-04,0,0,150,10,15,PRODUCTION
EMP0018,ATTENDANCE_RATE,2026-04,95,90.91,95.69,20,19.14,ATTENDANCE
EMP0018,PUNCTUALITY,2026-04,90,50,55.56,10,5.56,ATTENDANCE
EMP0018,PRODUCTION_TARGET_ACHIEVEMENT,2026-04,100,62.54,62.54,30,18.76,PRODUCTION
EMP0018,QUALITY_RATE,2026-04,98,95.53,97.48,20,19.5,PRODUCTION
EMP0018,DEFECT_RATE,2026-04,2,4.47,44.76,10,4.48,PRODUCTION
EMP0018,SAFETY_INCIDENTS,2026-04,0,0,150,10,15,PRODUCTION
EMP0019,ATTENDANCE_RATE,2026-04,95,95.45,100.48,20,20.1,ATTENDANCE
EMP0019,PUNCTUALITY,2026-04,90,100,111.11,10,11.11,ATTENDANCE
EMP0019,PRODUCTION_TARGET_ACHIEVEMENT,2026-04,100,77.94,77.94,30,23.38,PRODUCTION
EMP0019,QUALITY_RATE,2026-04,98,96.18,98.14,20,19.63,PRODUCTION
EMP0019,DEFECT_RATE,2026-04,2,3.82,52.29,10,5.23,PRODUCTION
EMP0019,SAFETY_INCIDENTS,2026-04,0,1,100,10,10,PRODUCTION
EMP0020,ATTENDANCE_RATE,2026-04,95,100,105.26,20,21.05,ATTENDANCE
EMP0020,PUNCTUALITY,2026-04,90,100,111.11,10,11.11,ATTENDANCE
EMP0020,PRODUCTION_TARGET_ACHIEVEMENT,2026-04,100,67.07,67.07,30,20.12,PRODUCTION
EMP0020,QUALITY_RATE,2026-04,98,96.84,98.81,20,19.76,PRODUCTION
EMP0020,DEFECT_RATE,2026-04,2,3.16,63.25,10,6.33,PRODUCTION
EMP0020,SAFETY_INCIDENTS,2026-04,0,0,150,10,15,PRODUCTION
EMP0021,ATTENDANCE_RATE,2026-04,95,86.36,90.91,20,18.18,ATTENDANCE
EMP0021,PUNCTUALITY,2026-04,90,57.89,64.33,10,6.43,ATTENDANCE
EMP0021,PRODUCTION_TARGET_ACHIEVEMENT,2026-04,100,109.88,109.88,30,32.96,PRODUCTION
EMP0021,QUALITY_RATE,2026-04,98,98.84,100.86,20,20.17,PRODUCTION
EMP0021,DEFECT_RATE,2026-04,2,1.16,150,10,15,PRODUCTION
EMP0021,SAFETY_INCIDENTS,2026-04,0,0,150,10,15,PRODUCTION
EMP0022,ATTENDANCE_RATE,2026-04,95,90.91,95.69,20,19.14,ATTENDANCE
EMP0022,PUNCTUALITY,2026-04,90,90,100,10,10,ATTENDANCE
EMP0022,PRODUCTION_TARGET_ACHIEVEMENT,2026-04,100,65.85,65.85,30,19.76,PRODUCTION
EMP0022,QUALITY_RATE,2026-04,98,96.56,98.53,20,19.71,PRODUCTION
EMP0022,DEFECT_RATE,2026-04,2,3.44,58.1,10,5.81,PRODUCTION
EMP0022,SAFETY_INCIDENTS,2026-04,0,0,150,10,15,PRODUCTION
EMP0023,ATTENDANCE_RATE,2026-04,95,95.45,100.48,20,20.1,ATTENDANCE
EMP0023,PUNCTUALITY,2026-04,90,76.19,84.66,10,8.47,ATTENDANCE
EMP0023,PRODUCTION_TARGET_ACHIEVEMENT,2026-04,100,119.81,119.81,30,35.94,PRODUCTION
EMP0023,QUALITY_RATE,2026-04,98,99.61,101.64,20,20.33,PRODUCTION
EMP0023,DEFECT_RATE,2026-04,2,0.39,150,10,15,PRODUCTION
EMP0023,SAFETY_INCIDENTS,2026-04,0,0,150,10,15,PRODUCTION
EMP0024,ATTENDANCE_RATE,2026-04,95,95.45,100.48,20,20.1,ATTENDANCE
EMP0024,PUNCTUALITY,2026-04,90,100,111.11,10,11.11,ATTENDANCE
EMP0024,PRODUCTION_TARGET_ACHIEVEMENT,2026-04,100,76.55,76.55,30,22.97,PRODUCTION
EMP0024,QUALITY_RATE,2026-04,98,95.62,97.58,20,19.52,PRODUCTION
EMP0024,DEFECT_RATE,2026-04,2,4.38,45.71,10,4.57,PRODUCTION
EMP0024,SAFETY_INCIDENTS,2026-04,0,0,150,10,15,PRODUCTION
EMP0025,ATTENDANCE_RATE,2026-04,95,95.45,100.48,20,20.1,ATTENDANCE
EMP0025,PUNCTUALITY,2026-04,90,76.19,84.66,10,8.47,ATTENDANCE
EMP0025,PRODUCTION_TARGET_ACHIEVEMENT,2026-04,100,75.41,75.41,30,22.62,PRODUCTION
EMP0025,QUALITY_RATE,2026-04,98,95.61,97.56,20,19.51,PRODUCTION
EMP0025,DEFECT_RATE,2026-04,2,4.39,45.57,10,4.56,PRODUCTION
EMP0025,SAFETY_INCIDENTS,2026-04,0,0,150,10,15,PRODUCTION
EMP0026,ATTENDANCE_RATE,2026-04,95,90.91,95.69,20,19.14,ATTENDANCE
EMP0026,PUNCTUALITY,2026-04,90,65,72.22,10,7.22,ATTENDANCE
EMP0026,PRODUCTION_TARGET_ACHIEVEMENT,2026-04,100,109.44,109.44,30,32.83,PRODUCTION
EMP0026,QUALITY_RATE,2026-04,98,98.61,100.62,20,20.12,PRODUCTION
EMP0026,DEFECT_RATE,2026-04,2,1.39,144.05,10,14.41,PRODUCTION
EMP0026,SAFETY_INCIDENTS,2026-04,0,0,150,10,15,PRODUCTION
EMP0027,ATTENDANCE_RATE,2026-04,95,100,105.26,20,21.05,ATTENDANCE
EMP0027,PUNCTUALITY,2026-04,90,77.27,85.86,10,8.59,ATTENDANCE
EMP0027,PRODUCTION_TARGET_ACHIEVEMENT,2026-04,100,107.87,107.87,30,32.36,PRODUCTION
EMP0027,QUALITY_RATE,2026-04,98,98.66,100.68,20,20.14,PRODUCTION
EMP0027,DEFECT_RATE,2026-04,2,1.34,149.71,10,14.97,PRODUCTION
EMP0027,SAFETY_INCIDENTS,2026-04,0,0,150,10,15,PRODUCTION
EMP0028,ATTENDANCE_RATE,2026-04,95,95.45,100.48,20,20.1,ATTENDANCE
EMP0028,PUNCTUALITY,2026-04,90,71.43,79.37,10,7.94,ATTENDANCE
EMP0028,PRODUCTION_TARGET_ACHIEVEMENT,2026-04,100,76.02,76.02,30,22.81,PRODUCTION
EMP0028,QUALITY_RATE,2026-04,98,96.78,98.76,20,19.75,PRODUCTION
EMP0028,DEFECT_RATE,2026-04,2,3.22,62.18,10,6.22,PRODUCTION
EMP0028,SAFETY_INCIDENTS,2026-04,0,1,100,10,10,PRODUCTION
EMP0029,ATTENDANCE_RATE,2026-04,95,95.45,100.48,20,20.1,ATTENDANCE
EMP0029,PUNCTUALITY,2026-04,90,66.67,74.07,10,7.41,ATTENDANCE
EMP0029,PRODUCTION_TARGET_ACHIEVEMENT,2026-04,100,44.88,44.88,30,13.46,PRODUCTION
EMP0029,QUALITY_RATE,2026-04,98,92.52,94.41,20,18.88,PRODUCTION
EMP0029,DEFECT_RATE,2026-04,2,7.48,26.75,10,2.68,PRODUCTION
EMP0029,SAFETY_INCIDENTS,2026-04,0,0,150,10,15,PRODUCTION
EMP0030,ATTENDANCE_RATE,2026-04,95,81.82,86.12,20,17.22,ATTENDANCE
EMP0030,PUNCTUALITY,2026-04,90,94.44,104.94,10,10.49,ATTENDANCE
EMP0030,PRODUCTION_TARGET_ACHIEVEMENT,2026-04,100,48.14,48.14,30,14.44,PRODUCTION
EMP0030,QUALITY_RATE,2026-04,98,93.66,95.57,20,19.11,PRODUCTION
EMP0030,DEFECT_RATE,2026-04,2,6.34,31.54,10,3.15,PRODUCTION
EMP0030,SAFETY_INCIDENTS,2026-04,0,1,100,10,10,PRODUCTION
EMP0031,ATTENDANCE_RATE,2026-04,95,95.45,100.48,20,20.1,ATTENDANCE
EMP0031,PUNCTUALITY,2026-04,90,90.48,100.53,10,10.05,ATTENDANCE
EMP0031,PRODUCTION_TARGET_ACHIEVEMENT,2026-04,100,72.16,72.16,30,21.65,PRODUCTION
EMP0031,QUALITY_RATE,2026-04,98,96.67,98.64,20,19.73,PRODUCTION
EMP0031,DEFECT_RATE,2026-04,2,3.33,60.09,10,6.01,PRODUCTION
EMP0031,SAFETY_INCIDENTS,2026-04,0,1,100,10,10,PRODUCTION
EMP0032,ATTENDANCE_RATE,2026-04,95,90.91,95.69,20,19.14,ATTENDANCE
EMP0032,PUNCTUALITY,2026-04,90,80,88.89,10,8.89,ATTENDANCE
EMP0032,PRODUCTION_TARGET_ACHIEVEMENT,2026-04,100,109.61,109.61,30,32.88,PRODUCTION
EMP0032,QUALITY_RATE,2026-04,98,98.68,100.7,20,20.14,PRODUCTION
EMP0032,DEFECT_RATE,2026-04,2,1.32,150,10,15,PRODUCTION
EMP0032,SAFETY_INCIDENTS,2026-04,0,1,100,10,10,PRODUCTION
EMP0033,ATTENDANCE_RATE,2026-04,95,86.36,90.91,20,18.18,ATTENDANCE
EMP0033,PUNCTUALITY,2026-04,90,57.89,64.33,10,6.43,ATTENDANCE
EMP0033,PRODUCTION_TARGET_ACHIEVEMENT,2026-04,100,81.58,81.58,30,24.47,PRODUCTION
EMP0033,QUALITY_RATE,2026-04,98,96.64,98.61,20,19.72,PRODUCTION
EMP0033,DEFECT_RATE,2026-04,2,3.36,59.54,10,5.95,PRODUCTION
EMP0033,SAFETY_INCIDENTS,2026-04,0,0,150,10,15,PRODUCTION
EMP0034,ATTENDANCE_RATE,2026-04,95,90.91,95.69,20,19.14,ATTENDANCE
EMP0034,PUNCTUALITY,2026-04,90,75,83.33,10,8.33,ATTENDANCE
EMP0034,PRODUCTION_TARGET_ACHIEVEMENT,2026-04,100,70.54,70.54,30,21.16,PRODUCTION
EMP0034,QUALITY_RATE,2026-04,98,96.64,98.62,20,19.72,PRODUCTION
EMP0034,DEFECT_RATE,2026-04,2,3.36,59.58,10,5.96,PRODUCTION
EMP0034,SAFETY_INCIDENTS,2026-04,0,0,150,10,15,PRODUCTION
EMP0035,ATTENDANCE_RATE,2026-04,95,81.82,86.12,20,17.22,ATTENDANCE
EMP0035,PUNCTUALITY,2026-04,90,55.56,61.73,10,6.17,ATTENDANCE
EMP0035,PRODUCTION_TARGET_ACHIEVEMENT,2026-04,100,53.75,53.75,30,16.13,PRODUCTION
EMP0035,QUALITY_RATE,2026-04,98,91.62,93.49,20,18.7,PRODUCTION
EMP0035,DEFECT_RATE,2026-04,2,8.38,23.86,10,2.39,PRODUCTION
EMP0035,SAFETY_INCIDENTS,2026-04,0,0,150,10,15,PRODUCTION
EMP0036,ATTENDANCE_RATE,2026-04,95,77.27,81.34,20,16.27,ATTENDANCE
EMP0036,PUNCTUALITY,2026-04,90,47.06,52.29,10,5.23,ATTENDANCE
EMP0036,PRODUCTION_TARGET_ACHIEVEMENT,2026-04,100,71.27,71.27,30,21.38,PRODUCTION
EMP0036,QUALITY_RATE,2026-04,98,96.47,98.44,20,19.69,PRODUCTION
EMP0036,DEFECT_RATE,2026-04,2,3.53,56.65,10,5.67,PRODUCTION
EMP0036,SAFETY_INCIDENTS,2026-04,0,1,100,10,10,PRODUCTION
EMP0037,ATTENDANCE_RATE,2026-04,95,100,105.26,20,21.05,ATTENDANCE
EMP0037,PUNCTUALITY,2026-04,90,95.45,106.06,10,10.61,ATTENDANCE
EMP0037,PRODUCTION_TARGET_ACHIEVEMENT,2026-04,100,74.14,74.14,30,22.24,PRODUCTION
EMP0037,QUALITY_RATE,2026-04,98,97.44,99.43,20,19.89,PRODUCTION
EMP0037,DEFECT_RATE,2026-04,2,2.56,78.24,10,7.82,PRODUCTION
EMP0037,SAFETY_INCIDENTS,2026-04,0,0,150,10,15,PRODUCTION
EMP0038,ATTENDANCE_RATE,2026-04,95,86.36,90.91,20,18.18,ATTENDANCE
EMP0038,PUNCTUALITY,2026-04,90,68.42,76.02,10,7.6,ATTENDANCE
EMP0038,PRODUCTION_TARGET_ACHIEVEMENT,2026-04,100,73.09,73.09,30,21.93,PRODUCTION
EMP0038,QUALITY_RATE,2026-04,98,97.8,99.79,20,19.96,PRODUCTION
EMP0038,DEFECT_RATE,2026-04,2,2.2,90.86,10,9.09,PRODUCTION
EMP0038,SAFETY_INCIDENTS,2026-04,0,0,150,10,15,PRODUCTION
EMP0039,ATTENDANCE_RATE,2026-04,95,90.91,95.69,20,19.14,ATTENDANCE
EMP0039,PUNCTUALITY,2026-04,90,70,77.78,10,7.78,ATTENDANCE
EMP0039,PRODUCTION_TARGET_ACHIEVEMENT,2026-04,100,78.3,78.3,30,23.49,PRODUCTION
EMP0039,QUALITY_RATE,2026-04,98,96.74,98.72,20,19.74,PRODUCTION
EMP0039,DEFECT_RATE,2026-04,2,3.26,61.4,10,6.14,PRODUCTION
EMP0039,SAFETY_INCIDENTS,2026-04,0,0,150,10,15,PRODUCTION
EMP0040,ATTENDANCE_RATE,2026-04,95,90.91,95.69,20,19.14,ATTENDANCE
EMP0040,PUNCTUALITY,2026-04,90,40,44.44,10,4.44,ATTENDANCE
EMP0040,PRODUCTION_TARGET_ACHIEVEMENT,2026-04,100,75.41,75.41,30,22.62,PRODUCTION
EMP0040,QUALITY_RATE,2026-04,98,97.56,99.55,20,19.91,PRODUCTION
EMP0040,DEFECT_RATE,2026-04,2,2.44,81.91,10,8.19,PRODUCTION
EMP0040,SAFETY_INCIDENTS,2026-04,0,0,150,10,15,PRODUCTION
EMP0041,ATTENDANCE_RATE,2026-04,95,90.91,95.69,20,19.14,ATTENDANCE
EMP0041,PUNCTUALITY,2026-04,90,70,77.78,10,7.78,ATTENDANCE
EMP0041,PRODUCTION_TARGET_ACHIEVEMENT,2026-04,100,71.76,71.76,30,21.53,PRODUCTION
EMP0041,QUALITY_RATE,2026-04,98,96.79,98.76,20,19.75,PRODUCTION
EMP0041,DEFECT_RATE,2026-04,2,3.21,62.29,10,6.23,PRODUCTION
EMP0041,SAFETY_INCIDENTS,2026-04,0,0,150,10,15,PRODUCTION
EMP0042,ATTENDANCE_RATE,2026-04,95,86.36,90.91,20,18.18,ATTENDANCE
EMP0042,PUNCTUALITY,2026-04,90,42.11,46.78,10,4.68,ATTENDANCE
EMP0042,PRODUCTION_TARGET_ACHIEVEMENT,2026-04,100,70.01,70.01,30,21,PRODUCTION
EMP0042,QUALITY_RATE,2026-04,98,96.48,98.45,20,19.69,PRODUCTION
EMP0042,DEFECT_RATE,2026-04,2,3.52,56.77,10,5.68,PRODUCTION
EMP0042,SAFETY_INCIDENTS,2026-04,0,0,150,10,15,PRODUCTION
EMP0043,ATTENDANCE_RATE,2026-04,95,100,105.26,20,21.05,ATTENDANCE
EMP0043,PUNCTUALITY,2026-04,90,95.45,106.06,10,10.61,ATTENDANCE
EMP0043,PRODUCTION_TARGET_ACHIEVEMENT,2026-04,100,69.38,69.38,30,20.81,PRODUCTION
EMP0043,QUALITY_RATE,2026-04,98,96.57,98.54,20,19.71,PRODUCTION
EMP0043,DEFECT_RATE,2026-04,2,3.43,58.3,10,5.83,PRODUCTION
EMP0043,SAFETY_INCIDENTS,2026-04,0,0,150,10,15,PRODUCTION
EMP0044,ATTENDANCE_RATE,2026-04,95,86.36,90.91,20,18.18,ATTENDANCE
EMP0044,PUNCTUALITY,2026-04,90,78.95,87.72,10,8.77,ATTENDANCE
EMP0044,PRODUCTION_TARGET_ACHIEVEMENT,2026-04,100,116.89,116.89,30,35.07,PRODUCTION
EMP0044,QUALITY_RATE,2026-04,98,98.71,100.73,20,20.15,PRODUCTION
EMP0044,DEFECT_RATE,2026-04,2,1.29,150,10,15,PRODUCTION
EMP0044,SAFETY_INCIDENTS,2026-04,0,0,150,10,15,PRODUCTION
EMP0045,ATTENDANCE_RATE,2026-04,95,95.45,100.48,20,20.1,ATTENDANCE
EMP0045,PUNCTUALITY,2026-04,90,76.19,84.66,10,8.47,ATTENDANCE
EMP0045,PRODUCTION_TARGET_ACHIEVEMENT,2026-04,100,68.28,68.28,30,20.48,PRODUCTION
EMP0045,QUALITY_RATE,2026-04,98,96.85,98.83,20,19.77,PRODUCTION
EMP0045,DEFECT_RATE,2026-04,2,3.15,63.56,10,6.36,PRODUCTION
EMP0045,SAFETY_INCIDENTS,2026-04,0,0,150,10,15,PRODUCTION
EMP0046,ATTENDANCE_RATE,2026-04,95,86.36,90.91,20,18.18,ATTENDANCE
EMP0046,PUNCTUALITY,2026-04,90,94.74,105.26,10,10.53,ATTENDANCE
EMP0046,PRODUCTION_TARGET_ACHIEVEMENT,2026-04,100,46.91,46.91,30,14.07,PRODUCTION
EMP0046,QUALITY_RATE,2026-04,98,90.66,92.51,20,18.5,PRODUCTION
EMP0046,DEFECT_RATE,2026-04,2,9.34,21.41,10,2.14,PRODUCTION
EMP0046,SAFETY_INCIDENTS,2026-04,0,0,150,10,15,PRODUCTION
EMP0047,ATTENDANCE_RATE,2026-04,95,95.45,100.48,20,20.1,ATTENDANCE
EMP0047,PUNCTUALITY,2026-04,90,61.9,68.78,10,6.88,ATTENDANCE
EMP0047,PRODUCTION_TARGET_ACHIEVEMENT,2026-04,100,73.2,73.2,30,21.96,PRODUCTION
EMP0047,QUALITY_RATE,2026-04,98,96.96,98.94,20,19.79,PRODUCTION
EMP0047,DEFECT_RATE,2026-04,2,3.04,65.72,10,6.57,PRODUCTION
EMP0047,SAFETY_INCIDENTS,2026-04,0,0,150,10,15,PRODUCTION
EMP0049,ATTENDANCE_RATE,2026-04,95,95.45,100.48,15,15.07,ATTENDANCE
EMP0049,QUALITY_RATE,2026-04,98,0,0,25,0,PRODUCTION
EMP0049,DEFECT_RATE,2026-04,2,0,150,20,30,PRODUCTION
EMP0049,MANAGEMENT_EFFECTIVENESS,2026-04,90,50.49,56.1,40,22.44,MANUAL
EMP0050,ATTENDANCE_RATE,2026-04,95,95.45,100.48,20,20.1,ATTENDANCE
EMP0050,PUNCTUALITY,2026-04,90,66.67,74.07,15,11.11,ATTENDANCE
EMP0050,QUALITY_RATE,2026-04,98,0,0,35,0,PRODUCTION
EMP0050,DEFECT_RATE,2026-04,2,0,150,30,45,PRODUCTION
EMP0051,ATTENDANCE_RATE,2026-04,95,72.73,76.56,20,15.31,ATTENDANCE
EMP0051,PUNCTUALITY,2026-04,90,62.5,69.44,15,10.42,ATTENDANCE
EMP0051,QUALITY_RATE,2026-04,98,0,0,35,0,PRODUCTION
EMP0051,DEFECT_RATE,2026-04,2,0,150,30,45,PRODUCTION
EMP0052,ATTENDANCE_RATE,2026-04,95,86.36,90.91,20,18.18,ATTENDANCE
EMP0052,PUNCTUALITY,2026-04,90,78.95,87.72,15,13.16,ATTENDANCE
EMP0052,QUALITY_RATE,2026-04,98,0,0,35,0,PRODUCTION
EMP0052,DEFECT_RATE,2026-04,2,0,150,30,45,PRODUCTION
EMP0054,ATTENDANCE_RATE,2026-04,95,86.36,90.91,20,18.18,ATTENDANCE
EMP0054,PUNCTUALITY,2026-04,90,78.95,87.72,15,13.16,ATTENDANCE
EMP0054,QUALITY_RATE,2026-04,98,0,0,35,0,PRODUCTION
EMP0054,DEFECT_RATE,2026-04,2,0,150,30,45,PRODUCTION
EMP0055,ATTENDANCE_RATE,2026-04,95,86.36,90.91,20,18.18,ATTENDANCE
EMP0055,PUNCTUALITY,2026-04,90,89.47,99.42,15,14.91,ATTENDANCE
EMP0055,QUALITY_RATE,2026-04,98,0,0,35,0,PRODUCTION
EMP0055,DEFECT_RATE,2026-04,2,0,150,30,45,PRODUCTION
EMP0057,ATTENDANCE_RATE,2026-04,95,95.45,100.48,20,20.1,ATTENDANCE
EMP0057,PUNCTUALITY,2026-04,90,71.43,79.37,15,11.91,ATTENDANCE
EMP0057,QUALITY_RATE,2026-04,98,0,0,35,0,PRODUCTION
EMP0057,DEFECT_RATE,2026-04,2,0,150,30,45,PRODUCTION
EMP0059,ATTENDANCE_RATE,2026-04,95,86.36,90.91,20,18.18,ATTENDANCE
EMP0059,PUNCTUALITY,2026-04,90,84.21,93.57,15,14.04,ATTENDANCE
EMP0059,QUALITY_RATE,2026-04,98,0,0,35,0,PRODUCTION
EMP0059,DEFECT_RATE,2026-04,2,0,150,30,45,PRODUCTION
EMP0060,ATTENDANCE_RATE,2026-04,95,90.91,95.69,20,19.14,ATTENDANCE
EMP0060,PUNCTUALITY,2026-04,90,95,105.56,15,15.83,ATTENDANCE
EMP0060,QUALITY_RATE,2026-04,98,0,0,35,0,PRODUCTION
EMP0060,DEFECT_RATE,2026-04,2,0,150,30,45,PRODUCTION
EMP0061,ATTENDANCE_RATE,2026-04,95,81.82,86.12,15,12.92,ATTENDANCE
EMP0061,TASK_COMPLETION_RATE,2026-04,95,79,83.16,25,20.79,MANUAL
EMP0061,COST_EFFICIENCY,2026-04,90,74.15,82.39,20,16.48,MANUAL
EMP0061,MANAGEMENT_EFFECTIVENESS,2026-04,90,71.38,79.31,40,31.72,MANUAL
EMP0062,ATTENDANCE_RATE,2026-04,95,77.27,81.34,30,24.4,ATTENDANCE
EMP0062,PUNCTUALITY,2026-04,90,58.82,65.36,20,13.07,ATTENDANCE
EMP0062,TASK_COMPLETION_RATE,2026-04,95,67.72,71.28,30,21.38,MANUAL
EMP0062,COST_EFFICIENCY,2026-04,90,64.15,71.28,20,14.26,MANUAL
EMP0063,ATTENDANCE_RATE,2026-04,95,95.45,100.48,30,30.14,ATTENDANCE
EMP0063,PUNCTUALITY,2026-04,90,80.95,89.95,20,17.99,ATTENDANCE
EMP0063,TASK_COMPLETION_RATE,2026-04,95,46.83,49.29,30,14.79,MANUAL
EMP0063,COST_EFFICIENCY,2026-04,90,44.36,49.29,20,9.86,MANUAL
EMP0064,ATTENDANCE_RATE,2026-04,95,95.45,100.48,30,30.14,ATTENDANCE
EMP0064,PUNCTUALITY,2026-04,90,66.67,74.07,20,14.81,ATTENDANCE
EMP0064,TASK_COMPLETION_RATE,2026-04,95,71.43,75.19,30,22.56,MANUAL
EMP0064,COST_EFFICIENCY,2026-04,90,68.99,76.65,20,15.33,MANUAL
EMP0065,ATTENDANCE_RATE,2026-04,95,90.91,95.69,30,28.71,ATTENDANCE
EMP0065,PUNCTUALITY,2026-04,90,80,88.89,20,17.78,ATTENDANCE
EMP0065,TASK_COMPLETION_RATE,2026-04,95,100,105.26,30,31.58,MANUAL
EMP0065,COST_EFFICIENCY,2026-04,90,88.99,98.88,20,19.78,MANUAL
EMP0066,ATTENDANCE_RATE,2026-04,95,95.45,100.48,30,30.14,ATTENDANCE
EMP0066,PUNCTUALITY,2026-04,90,47.62,52.91,20,10.58,ATTENDANCE
EMP0066,TASK_COMPLETION_RATE,2026-04,95,47.92,50.44,30,15.13,MANUAL
EMP0066,COST_EFFICIENCY,2026-04,90,47.27,52.52,20,10.5,MANUAL
EMP0067,ATTENDANCE_RATE,2026-04,95,95.45,100.48,30,30.14,ATTENDANCE
EMP0067,PUNCTUALITY,2026-04,90,95.24,105.82,20,21.16,ATTENDANCE
EMP0067,TASK_COMPLETION_RATE,2026-04,95,74.37,78.28,30,23.48,MANUAL
EMP0067,COST_EFFICIENCY,2026-04,90,69.77,77.52,20,15.5,MANUAL
EMP0068,ATTENDANCE_RATE,2026-04,95,86.36,90.91,30,27.27,ATTENDANCE
EMP0068,PUNCTUALITY,2026-04,90,68.42,76.02,20,15.2,ATTENDANCE
EMP0068,TASK_COMPLETION_RATE,2026-04,95,76.18,80.19,30,24.06,MANUAL
EMP0068,COST_EFFICIENCY,2026-04,90,77.27,85.86,20,17.17,MANUAL
EMP0069,ATTENDANCE_RATE,2026-04,95,81.82,86.12,30,25.84,ATTENDANCE
EMP0069,PUNCTUALITY,2026-04,90,72.22,80.25,20,16.05,ATTENDANCE
EMP0069,TASK_COMPLETION_RATE,2026-04,95,66.1,69.58,30,20.87,MANUAL
EMP0069,COST_EFFICIENCY,2026-04,90,58.79,65.32,20,13.06,MANUAL
EMP0070,ATTENDANCE_RATE,2026-04,95,90.91,95.69,30,28.71,ATTENDANCE
EMP0070,PUNCTUALITY,2026-04,90,90,100,20,20,ATTENDANCE
EMP0070,TASK_COMPLETION_RATE,2026-04,95,65.88,69.35,30,20.81,MANUAL
EMP0070,COST_EFFICIENCY,2026-04,90,63.73,70.81,20,14.16,MANUAL
EMP0071,ATTENDANCE_RATE,2026-04,95,86.36,90.91,15,13.64,ATTENDANCE
EMP0071,TASK_COMPLETION_RATE,2026-04,95,81.32,85.6,25,21.4,MANUAL
EMP0071,COST_EFFICIENCY,2026-04,90,75.6,84,20,16.8,MANUAL
EMP0071,MANAGEMENT_EFFECTIVENESS,2026-04,90,72.72,80.8,40,32.32,MANUAL
EMP0072,ATTENDANCE_RATE,2026-04,95,77.27,81.34,30,24.4,ATTENDANCE
EMP0072,PUNCTUALITY,2026-04,90,76.47,84.97,20,16.99,ATTENDANCE
EMP0072,TASK_COMPLETION_RATE,2026-04,95,47.42,49.92,35,17.47,MANUAL
EMP0072,COST_EFFICIENCY,2026-04,90,46.22,51.36,15,7.7,MANUAL
EMP0073,ATTENDANCE_RATE,2026-04,95,95.45,100.48,30,30.14,ATTENDANCE
EMP0073,PUNCTUALITY,2026-04,90,66.67,74.07,20,14.81,ATTENDANCE
EMP0073,TASK_COMPLETION_RATE,2026-04,95,74.1,78,35,27.3,MANUAL
EMP0073,COST_EFFICIENCY,2026-04,90,68.18,75.75,15,11.36,MANUAL
EMP0075,ATTENDANCE_RATE,2026-04,95,86.36,90.91,30,27.27,ATTENDANCE
EMP0075,PUNCTUALITY,2026-04,90,57.89,64.33,20,12.87,ATTENDANCE
EMP0075,TASK_COMPLETION_RATE,2026-04,95,67.96,71.54,35,25.04,MANUAL
EMP0075,COST_EFFICIENCY,2026-04,90,70.3,78.11,15,11.72,MANUAL
EMP0076,ATTENDANCE_RATE,2026-04,95,90.91,95.69,30,28.71,ATTENDANCE
EMP0076,PUNCTUALITY,2026-04,90,65,72.22,20,14.44,ATTENDANCE
EMP0076,TASK_COMPLETION_RATE,2026-04,95,74.2,78.11,35,27.34,MANUAL
EMP0076,COST_EFFICIENCY,2026-04,90,62.42,69.35,15,10.4,MANUAL
EMP0077,ATTENDANCE_RATE,2026-04,95,86.36,90.91,30,27.27,ATTENDANCE
EMP0077,PUNCTUALITY,2026-04,90,89.47,99.42,20,19.88,ATTENDANCE
EMP0077,TASK_COMPLETION_RATE,2026-04,95,66.78,70.29,35,24.6,MANUAL
EMP0077,COST_EFFICIENCY,2026-04,90,69.01,76.68,15,11.5,MANUAL
EMP0078,ATTENDANCE_RATE,2026-04,95,95.45,100.48,30,30.14,ATTENDANCE
EMP0078,PUNCTUALITY,2026-04,90,95.24,105.82,20,21.16,ATTENDANCE
EMP0078,TASK_COMPLETION_RATE,2026-04,95,62.51,65.8,35,23.03,MANUAL
EMP0078,COST_EFFICIENCY,2026-04,90,68.04,75.6,15,11.34,MANUAL
EMP0079,ATTENDANCE_RATE,2026-04,95,77.27,81.34,30,24.4,ATTENDANCE
EMP0079,PUNCTUALITY,2026-04,90,52.94,58.82,20,11.76,ATTENDANCE
EMP0079,TASK_COMPLETION_RATE,2026-04,95,73.87,77.76,35,27.22,MANUAL
EMP0079,COST_EFFICIENCY,2026-04,90,61.56,68.4,15,10.26,MANUAL
EMP0080,ATTENDANCE_RATE,2026-04,95,81.82,86.12,30,25.84,ATTENDANCE
EMP0080,PUNCTUALITY,2026-04,90,72.22,80.25,20,16.05,ATTENDANCE
EMP0080,TASK_COMPLETION_RATE,2026-04,95,100,105.26,35,36.84,MANUAL
EMP0080,COST_EFFICIENCY,2026-04,90,100,111.11,15,16.67,MANUAL
EMP0082,ATTENDANCE_RATE,2026-04,95,81.82,86.12,30,25.84,ATTENDANCE
EMP0082,PUNCTUALITY,2026-04,90,38.89,43.21,20,8.64,ATTENDANCE
EMP0082,TASK_COMPLETION_RATE,2026-04,95,77.12,81.18,35,28.41,MANUAL
EMP0082,COST_EFFICIENCY,2026-04,90,74.54,82.82,15,12.42,MANUAL
EMP0083,ATTENDANCE_RATE,2026-04,95,100,105.26,15,15.79,ATTENDANCE
EMP0083,TASK_COMPLETION_RATE,2026-04,95,77.3,81.37,35,28.48,MANUAL
EMP0083,MANAGEMENT_EFFECTIVENESS,2026-04,90,67.55,75.05,50,37.53,MANUAL
EMP0084,ATTENDANCE_RATE,2026-04,95,90.91,95.69,30,28.71,ATTENDANCE
EMP0084,PUNCTUALITY,2026-04,90,75,83.33,20,16.67,ATTENDANCE
EMP0084,TASK_COMPLETION_RATE,2026-04,95,69.77,73.44,50,36.72,MANUAL
EMP0085,ATTENDANCE_RATE,2026-04,95,100,105.26,30,31.58,ATTENDANCE
EMP0085,PUNCTUALITY,2026-04,90,72.73,80.81,20,16.16,ATTENDANCE
EMP0085,TASK_COMPLETION_RATE,2026-04,95,78.55,82.68,50,41.34,MANUAL
EMP0086,ATTENDANCE_RATE,2026-04,95,100,105.26,30,31.58,ATTENDANCE
EMP0086,PUNCTUALITY,2026-04,90,86.36,95.96,20,19.19,ATTENDANCE
EMP0086,TASK_COMPLETION_RATE,2026-04,95,65.25,68.68,50,34.34,MANUAL
EMP0087,ATTENDANCE_RATE,2026-04,95,95.45,100.48,30,30.14,ATTENDANCE
EMP0087,PUNCTUALITY,2026-04,90,80.95,89.95,20,17.99,ATTENDANCE
EMP0087,TASK_COMPLETION_RATE,2026-04,95,70.4,74.1,50,37.05,MANUAL
EMP0088,ATTENDANCE_RATE,2026-04,95,95.45,100.48,30,30.14,ATTENDANCE
EMP0088,PUNCTUALITY,2026-04,90,66.67,74.07,20,14.81,ATTENDANCE
EMP0088,TASK_COMPLETION_RATE,2026-04,95,78.55,82.68,50,41.34,MANUAL
EMP0089,ATTENDANCE_RATE,2026-04,95,95.45,100.48,30,30.14,ATTENDANCE
EMP0089,PUNCTUALITY,2026-04,90,57.14,63.49,20,12.7,ATTENDANCE
EMP0089,TASK_COMPLETION_RATE,2026-04,95,64.75,68.16,50,34.08,MANUAL
EMP0090,ATTENDANCE_RATE,2026-04,95,73.33,77.19,30,23.16,ATTENDANCE
EMP0090,PUNCTUALITY,2026-04,90,54.55,60.61,20,12.12,ATTENDANCE
EMP0090,TASK_COMPLETION_RATE,2026-04,95,84.37,88.81,50,44.41,MANUAL
EMP0091,ATTENDANCE_RATE,2026-04,95,86.36,90.91,10,9.09,ATTENDANCE
EMP0091,TASK_COMPLETION_RATE,2026-04,95,65.55,69,20,13.8,MANUAL
EMP0091,COST_EFFICIENCY,2026-04,90,63.96,71.07,25,17.77,MANUAL
EMP0091,MANAGEMENT_EFFECTIVENESS,2026-04,90,57.13,63.48,45,28.57,MANUAL
EMP0092,ATTENDANCE_RATE,2026-04,95,95.45,100.48,25,25.12,ATTENDANCE
EMP0092,PUNCTUALITY,2026-04,90,95.24,105.82,15,15.87,ATTENDANCE
EMP0092,TASK_COMPLETION_RATE,2026-04,95,67.03,70.56,30,21.17,MANUAL
EMP0092,COST_EFFICIENCY,2026-04,90,62.21,69.12,30,20.74,MANUAL
EMP0093,ATTENDANCE_RATE,2026-04,95,90.91,95.69,25,23.92,ATTENDANCE
EMP0093,PUNCTUALITY,2026-04,90,80,88.89,15,13.33,ATTENDANCE
EMP0093,TASK_COMPLETION_RATE,2026-04,95,72.2,76,30,22.8,MANUAL
EMP0093,COST_EFFICIENCY,2026-04,90,66.35,73.72,30,22.12,MANUAL
EMP0094,ATTENDANCE_RATE,2026-04,95,90.91,95.69,25,23.92,ATTENDANCE
EMP0094,PUNCTUALITY,2026-04,90,75,83.33,15,12.5,ATTENDANCE
EMP0094,TASK_COMPLETION_RATE,2026-04,95,65.43,68.87,30,20.66,MANUAL
EMP0094,COST_EFFICIENCY,2026-04,90,60.07,66.74,30,20.02,MANUAL
EMP0095,ATTENDANCE_RATE,2026-04,95,95.45,100.48,25,25.12,ATTENDANCE
EMP0095,PUNCTUALITY,2026-04,90,95.24,105.82,15,15.87,ATTENDANCE
EMP0095,TASK_COMPLETION_RATE,2026-04,95,67.17,70.7,30,21.21,MANUAL
EMP0095,COST_EFFICIENCY,2026-04,90,63,70,30,21,MANUAL
EMP0096,ATTENDANCE_RATE,2026-04,95,77.27,81.34,25,20.34,ATTENDANCE
EMP0096,PUNCTUALITY,2026-04,90,47.06,52.29,15,7.84,ATTENDANCE
EMP0096,TASK_COMPLETION_RATE,2026-04,95,95,100,30,30,MANUAL
EMP0096,COST_EFFICIENCY,2026-04,90,93.6,104,30,31.2,MANUAL
EMP0097,ATTENDANCE_RATE,2026-04,95,81.82,86.12,25,21.53,ATTENDANCE
EMP0097,PUNCTUALITY,2026-04,90,72.22,80.25,15,12.04,ATTENDANCE
EMP0097,TASK_COMPLETION_RATE,2026-04,95,100,105.26,30,31.58,MANUAL
EMP0097,COST_EFFICIENCY,2026-04,90,94.55,105.06,30,31.52,MANUAL
EMP0098,ATTENDANCE_RATE,2026-04,95,95.45,100.48,25,25.12,ATTENDANCE
EMP0098,PUNCTUALITY,2026-04,90,95.24,105.82,15,15.87,ATTENDANCE
EMP0098,TASK_COMPLETION_RATE,2026-04,95,78.06,82.17,30,24.65,MANUAL
EMP0098,COST_EFFICIENCY,2026-04,90,78.44,87.15,30,26.15,MANUAL
EMP0099,ATTENDANCE_RATE,2026-04,95,93.33,98.25,25,24.56,ATTENDANCE
EMP0099,PUNCTUALITY,2026-04,90,71.43,79.37,15,11.91,ATTENDANCE
EMP0099,TASK_COMPLETION_RATE,2026-04,95,79.26,83.43,30,25.03,MANUAL
EMP0099,COST_EFFICIENCY,2026-04,90,67.8,75.33,30,22.6,MANUAL
EMP0100,ATTENDANCE_RATE,2026-04,95,81.82,86.12,25,21.53,ATTENDANCE
EMP0100,PUNCTUALITY,2026-04,90,77.78,86.42,15,12.96,ATTENDANCE
EMP0100,TASK_COMPLETION_RATE,2026-04,95,37.11,39.06,30,11.72,MANUAL
EMP0100,COST_EFFICIENCY,2026-04,90,34.78,38.64,30,11.59,MANUAL
EMP0001,ATTENDANCE_RATE,2026-05,95,100,105.26,10,10.53,ATTENDANCE
EMP0001,MANAGEMENT_EFFECTIVENESS,2026-05,90,70.69,78.54,90,70.69,MANUAL
EMP0002,ATTENDANCE_RATE,2026-05,95,90,94.74,15,14.21,ATTENDANCE
EMP0002,TASK_COMPLETION_RATE,2026-05,95,74.29,78.2,35,27.37,MANUAL
EMP0002,MANAGEMENT_EFFECTIVENESS,2026-05,90,79.56,88.4,50,44.2,MANUAL
EMP0003,ATTENDANCE_RATE,2026-05,95,85,89.47,35,31.31,ATTENDANCE
EMP0003,PUNCTUALITY,2026-05,90,76.47,84.97,25,21.24,ATTENDANCE
EMP0003,TASK_COMPLETION_RATE,2026-05,95,100,105.26,40,42.1,MANUAL
EMP0004,ATTENDANCE_RATE,2026-05,95,100,105.26,35,36.84,ATTENDANCE
EMP0004,PUNCTUALITY,2026-05,90,85,94.44,25,23.61,ATTENDANCE
EMP0004,TASK_COMPLETION_RATE,2026-05,95,78.06,82.17,40,32.87,MANUAL
EMP0005,ATTENDANCE_RATE,2026-05,95,90,94.74,35,33.16,ATTENDANCE
EMP0005,PUNCTUALITY,2026-05,90,55.56,61.73,25,15.43,ATTENDANCE
EMP0005,TASK_COMPLETION_RATE,2026-05,95,77.9,82,40,32.8,MANUAL
EMP0006,ATTENDANCE_RATE,2026-05,95,95,100,35,35,ATTENDANCE
EMP0006,PUNCTUALITY,2026-05,90,68.42,76.02,25,19.01,ATTENDANCE
EMP0006,TASK_COMPLETION_RATE,2026-05,95,91.77,96.6,40,38.64,MANUAL
EMP0007,ATTENDANCE_RATE,2026-05,95,100,105.26,35,36.84,ATTENDANCE
EMP0007,PUNCTUALITY,2026-05,90,90,100,25,25,ATTENDANCE
EMP0007,TASK_COMPLETION_RATE,2026-05,95,100,105.26,40,42.1,MANUAL
EMP0008,ATTENDANCE_RATE,2026-05,95,100,105.26,35,36.84,ATTENDANCE
EMP0008,PUNCTUALITY,2026-05,90,60,66.67,25,16.67,ATTENDANCE
EMP0008,TASK_COMPLETION_RATE,2026-05,95,70.55,74.26,40,29.7,MANUAL
EMP0009,ATTENDANCE_RATE,2026-05,95,90,94.74,15,14.21,ATTENDANCE
EMP0009,PRODUCTION_TARGET_ACHIEVEMENT,2026-05,100,81.54,81.54,25,20.39,PRODUCTION
EMP0009,QUALITY_RATE,2026-05,98,95.47,97.42,15,14.61,PRODUCTION
EMP0009,DEFECT_RATE,2026-05,2,4.53,44.16,10,4.42,PRODUCTION
EMP0009,SAFETY_INCIDENTS,2026-05,0,0,150,10,15,PRODUCTION
EMP0009,MANAGEMENT_EFFECTIVENESS,2026-05,90,53.24,59.16,25,14.79,MANUAL
EMP0010,ATTENDANCE_RATE,2026-05,95,85,89.47,20,17.89,ATTENDANCE
EMP0010,PUNCTUALITY,2026-05,90,82.35,91.5,10,9.15,ATTENDANCE
EMP0010,PRODUCTION_TARGET_ACHIEVEMENT,2026-05,100,55.6,55.6,30,16.68,PRODUCTION
EMP0010,QUALITY_RATE,2026-05,98,89.75,91.58,20,18.32,PRODUCTION
EMP0010,DEFECT_RATE,2026-05,2,10.25,19.51,10,1.95,PRODUCTION
EMP0010,SAFETY_INCIDENTS,2026-05,0,0,150,10,15,PRODUCTION
EMP0011,ATTENDANCE_RATE,2026-05,95,85,89.47,20,17.89,ATTENDANCE
EMP0011,PUNCTUALITY,2026-05,90,58.82,65.36,10,6.54,ATTENDANCE
EMP0011,PRODUCTION_TARGET_ACHIEVEMENT,2026-05,100,77.73,77.73,30,23.32,PRODUCTION
EMP0011,QUALITY_RATE,2026-05,98,97.85,99.85,20,19.97,PRODUCTION
EMP0011,DEFECT_RATE,2026-05,2,2.15,93.17,10,9.32,PRODUCTION
EMP0011,SAFETY_INCIDENTS,2026-05,0,0,150,10,15,PRODUCTION
EMP0012,ATTENDANCE_RATE,2026-05,95,95,100,20,20,ATTENDANCE
EMP0012,PUNCTUALITY,2026-05,90,78.95,87.72,10,8.77,ATTENDANCE
EMP0012,PRODUCTION_TARGET_ACHIEVEMENT,2026-05,100,74.93,74.93,30,22.48,PRODUCTION
EMP0012,QUALITY_RATE,2026-05,98,97.35,99.33,20,19.87,PRODUCTION
EMP0012,DEFECT_RATE,2026-05,2,2.65,75.41,10,7.54,PRODUCTION
EMP0012,SAFETY_INCIDENTS,2026-05,0,2,100,10,10,PRODUCTION
EMP0013,ATTENDANCE_RATE,2026-05,95,90,94.74,20,18.95,ATTENDANCE
EMP0013,PUNCTUALITY,2026-05,90,77.78,86.42,10,8.64,ATTENDANCE
EMP0013,PRODUCTION_TARGET_ACHIEVEMENT,2026-05,100,100.22,100.22,30,30.07,PRODUCTION
EMP0013,QUALITY_RATE,2026-05,98,99.67,101.71,20,20.34,PRODUCTION
EMP0013,DEFECT_RATE,2026-05,2,0.33,150,10,15,PRODUCTION
EMP0013,SAFETY_INCIDENTS,2026-05,0,0,150,10,15,PRODUCTION
EMP0014,ATTENDANCE_RATE,2026-05,95,85,89.47,20,17.89,ATTENDANCE
EMP0014,PUNCTUALITY,2026-05,90,35.29,39.22,10,3.92,ATTENDANCE
EMP0014,PRODUCTION_TARGET_ACHIEVEMENT,2026-05,100,75.83,75.83,30,22.75,PRODUCTION
EMP0014,QUALITY_RATE,2026-05,98,95.6,97.55,20,19.51,PRODUCTION
EMP0014,DEFECT_RATE,2026-05,2,4.4,45.43,10,4.54,PRODUCTION
EMP0014,SAFETY_INCIDENTS,2026-05,0,0,150,10,15,PRODUCTION
EMP0015,ATTENDANCE_RATE,2026-05,95,100,105.26,20,21.05,ATTENDANCE
EMP0015,PUNCTUALITY,2026-05,90,70,77.78,10,7.78,ATTENDANCE
EMP0015,PRODUCTION_TARGET_ACHIEVEMENT,2026-05,100,72.22,72.22,30,21.67,PRODUCTION
EMP0015,QUALITY_RATE,2026-05,98,96.62,98.6,20,19.72,PRODUCTION
EMP0015,DEFECT_RATE,2026-05,2,3.38,59.25,10,5.93,PRODUCTION
EMP0015,SAFETY_INCIDENTS,2026-05,0,0,150,10,15,PRODUCTION
EMP0016,ATTENDANCE_RATE,2026-05,95,85,89.47,20,17.89,ATTENDANCE
EMP0016,PUNCTUALITY,2026-05,90,82.35,91.5,10,9.15,ATTENDANCE
EMP0016,PRODUCTION_TARGET_ACHIEVEMENT,2026-05,100,69.48,69.48,30,20.84,PRODUCTION
EMP0016,QUALITY_RATE,2026-05,98,96.58,98.55,20,19.71,PRODUCTION
EMP0016,DEFECT_RATE,2026-05,2,3.42,58.53,10,5.85,PRODUCTION
EMP0016,SAFETY_INCIDENTS,2026-05,0,1,100,10,10,PRODUCTION
EMP0017,ATTENDANCE_RATE,2026-05,95,85,89.47,20,17.89,ATTENDANCE
EMP0017,PUNCTUALITY,2026-05,90,58.82,65.36,10,6.54,ATTENDANCE
EMP0017,PRODUCTION_TARGET_ACHIEVEMENT,2026-05,100,75.23,75.23,30,22.57,PRODUCTION
EMP0017,QUALITY_RATE,2026-05,98,95.57,97.53,20,19.51,PRODUCTION
EMP0017,DEFECT_RATE,2026-05,2,4.43,45.2,10,4.52,PRODUCTION
EMP0017,SAFETY_INCIDENTS,2026-05,0,0,150,10,15,PRODUCTION
EMP0018,ATTENDANCE_RATE,2026-05,95,95,100,20,20,ATTENDANCE
EMP0018,PUNCTUALITY,2026-05,90,73.68,81.87,10,8.19,ATTENDANCE
EMP0018,PRODUCTION_TARGET_ACHIEVEMENT,2026-05,100,61.49,61.49,30,18.45,PRODUCTION
EMP0018,QUALITY_RATE,2026-05,98,95.78,97.73,20,19.55,PRODUCTION
EMP0018,DEFECT_RATE,2026-05,2,4.22,47.37,10,4.74,PRODUCTION
EMP0018,SAFETY_INCIDENTS,2026-05,0,1,100,10,10,PRODUCTION
EMP0019,ATTENDANCE_RATE,2026-05,95,100,105.26,20,21.05,ATTENDANCE
EMP0019,PUNCTUALITY,2026-05,90,95,105.56,10,10.56,ATTENDANCE
EMP0019,PRODUCTION_TARGET_ACHIEVEMENT,2026-05,100,80.3,80.3,30,24.09,PRODUCTION
EMP0019,QUALITY_RATE,2026-05,98,96.62,98.59,20,19.72,PRODUCTION
EMP0019,DEFECT_RATE,2026-05,2,3.38,59.19,10,5.92,PRODUCTION
EMP0019,SAFETY_INCIDENTS,2026-05,0,0,150,10,15,PRODUCTION
EMP0020,ATTENDANCE_RATE,2026-05,95,95,100,20,20,ATTENDANCE
EMP0020,PUNCTUALITY,2026-05,90,94.74,105.26,10,10.53,ATTENDANCE
EMP0020,PRODUCTION_TARGET_ACHIEVEMENT,2026-05,100,67.57,67.57,30,20.27,PRODUCTION
EMP0020,QUALITY_RATE,2026-05,98,96.52,98.49,20,19.7,PRODUCTION
EMP0020,DEFECT_RATE,2026-05,2,3.48,57.5,10,5.75,PRODUCTION
EMP0020,SAFETY_INCIDENTS,2026-05,0,0,150,10,15,PRODUCTION
EMP0021,ATTENDANCE_RATE,2026-05,95,75,78.95,20,15.79,ATTENDANCE
EMP0021,PUNCTUALITY,2026-05,90,33.33,37.04,10,3.7,ATTENDANCE
EMP0021,PRODUCTION_TARGET_ACHIEVEMENT,2026-05,100,109.26,109.26,30,32.78,PRODUCTION
EMP0021,QUALITY_RATE,2026-05,98,98.94,100.95,20,20.19,PRODUCTION
EMP0021,DEFECT_RATE,2026-05,2,1.06,150,10,15,PRODUCTION
EMP0021,SAFETY_INCIDENTS,2026-05,0,1,100,10,10,PRODUCTION
EMP0022,ATTENDANCE_RATE,2026-05,95,95,100,20,20,ATTENDANCE
EMP0022,PUNCTUALITY,2026-05,90,89.47,99.42,10,9.94,ATTENDANCE
EMP0022,PRODUCTION_TARGET_ACHIEVEMENT,2026-05,100,67.26,67.26,30,20.18,PRODUCTION
EMP0022,QUALITY_RATE,2026-05,98,96.66,98.63,20,19.73,PRODUCTION
EMP0022,DEFECT_RATE,2026-05,2,3.34,59.89,10,5.99,PRODUCTION
EMP0022,SAFETY_INCIDENTS,2026-05,0,0,150,10,15,PRODUCTION
EMP0023,ATTENDANCE_RATE,2026-05,95,95,100,20,20,ATTENDANCE
EMP0023,PUNCTUALITY,2026-05,90,68.42,76.02,10,7.6,ATTENDANCE
EMP0023,PRODUCTION_TARGET_ACHIEVEMENT,2026-05,100,116.02,116.02,30,34.81,PRODUCTION
EMP0023,QUALITY_RATE,2026-05,98,99.71,101.74,20,20.35,PRODUCTION
EMP0023,DEFECT_RATE,2026-05,2,0.29,150,10,15,PRODUCTION
EMP0023,SAFETY_INCIDENTS,2026-05,0,0,150,10,15,PRODUCTION
EMP0024,ATTENDANCE_RATE,2026-05,95,90,94.74,20,18.95,ATTENDANCE
EMP0024,PUNCTUALITY,2026-05,90,100,111.11,10,11.11,ATTENDANCE
EMP0024,PRODUCTION_TARGET_ACHIEVEMENT,2026-05,100,76.9,76.9,30,23.07,PRODUCTION
EMP0024,QUALITY_RATE,2026-05,98,95.66,97.61,20,19.52,PRODUCTION
EMP0024,DEFECT_RATE,2026-05,2,4.34,46.07,10,4.61,PRODUCTION
EMP0024,SAFETY_INCIDENTS,2026-05,0,0,150,10,15,PRODUCTION
EMP0025,ATTENDANCE_RATE,2026-05,95,85,89.47,20,17.89,ATTENDANCE
EMP0025,PUNCTUALITY,2026-05,90,58.82,65.36,10,6.54,ATTENDANCE
EMP0025,PRODUCTION_TARGET_ACHIEVEMENT,2026-05,100,74.38,74.38,30,22.31,PRODUCTION
EMP0025,QUALITY_RATE,2026-05,98,95.71,97.67,20,19.53,PRODUCTION
EMP0025,DEFECT_RATE,2026-05,2,4.29,46.66,10,4.67,PRODUCTION
EMP0025,SAFETY_INCIDENTS,2026-05,0,1,100,10,10,PRODUCTION
EMP0026,ATTENDANCE_RATE,2026-05,95,90,94.74,20,18.95,ATTENDANCE
EMP0026,PUNCTUALITY,2026-05,90,66.67,74.07,10,7.41,ATTENDANCE
EMP0026,PRODUCTION_TARGET_ACHIEVEMENT,2026-05,100,107.31,107.31,30,32.19,PRODUCTION
EMP0026,QUALITY_RATE,2026-05,98,98.67,100.68,20,20.14,PRODUCTION
EMP0026,DEFECT_RATE,2026-05,2,1.33,150,10,15,PRODUCTION
EMP0026,SAFETY_INCIDENTS,2026-05,0,1,100,10,10,PRODUCTION
EMP0027,ATTENDANCE_RATE,2026-05,95,85,89.47,20,17.89,ATTENDANCE
EMP0027,PUNCTUALITY,2026-05,90,82.35,91.5,10,9.15,ATTENDANCE
EMP0027,PRODUCTION_TARGET_ACHIEVEMENT,2026-05,100,106.34,106.34,30,31.9,PRODUCTION
EMP0027,QUALITY_RATE,2026-05,98,98.65,100.67,20,20.13,PRODUCTION
EMP0027,DEFECT_RATE,2026-05,2,1.35,148.65,10,14.87,PRODUCTION
EMP0027,SAFETY_INCIDENTS,2026-05,0,0,150,10,15,PRODUCTION
EMP0028,ATTENDANCE_RATE,2026-05,95,90,94.74,20,18.95,ATTENDANCE
EMP0028,PUNCTUALITY,2026-05,90,72.22,80.25,10,8.03,ATTENDANCE
EMP0028,PRODUCTION_TARGET_ACHIEVEMENT,2026-05,100,76.74,76.74,30,23.02,PRODUCTION
EMP0028,QUALITY_RATE,2026-05,98,96.81,98.79,20,19.76,PRODUCTION
EMP0028,DEFECT_RATE,2026-05,2,3.19,62.74,10,6.27,PRODUCTION
EMP0028,SAFETY_INCIDENTS,2026-05,0,0,150,10,15,PRODUCTION
EMP0029,ATTENDANCE_RATE,2026-05,95,100,105.26,20,21.05,ATTENDANCE
EMP0029,PUNCTUALITY,2026-05,90,65,72.22,10,7.22,ATTENDANCE
EMP0029,PRODUCTION_TARGET_ACHIEVEMENT,2026-05,100,45.55,45.55,30,13.67,PRODUCTION
EMP0029,QUALITY_RATE,2026-05,98,92.6,94.49,20,18.9,PRODUCTION
EMP0029,DEFECT_RATE,2026-05,2,7.4,27.02,10,2.7,PRODUCTION
EMP0029,SAFETY_INCIDENTS,2026-05,0,0,150,10,15,PRODUCTION
EMP0030,ATTENDANCE_RATE,2026-05,95,90,94.74,20,18.95,ATTENDANCE
EMP0030,PUNCTUALITY,2026-05,90,55.56,61.73,10,6.17,ATTENDANCE
EMP0030,PRODUCTION_TARGET_ACHIEVEMENT,2026-05,100,47.89,47.89,30,14.37,PRODUCTION
EMP0030,QUALITY_RATE,2026-05,98,93.52,95.43,20,19.09,PRODUCTION
EMP0030,DEFECT_RATE,2026-05,2,6.48,30.85,10,3.09,PRODUCTION
EMP0030,SAFETY_INCIDENTS,2026-05,0,0,150,10,15,PRODUCTION
EMP0031,ATTENDANCE_RATE,2026-05,95,100,105.26,20,21.05,ATTENDANCE
EMP0031,PUNCTUALITY,2026-05,90,100,111.11,10,11.11,ATTENDANCE
EMP0031,PRODUCTION_TARGET_ACHIEVEMENT,2026-05,100,71.16,71.16,30,21.35,PRODUCTION
EMP0031,QUALITY_RATE,2026-05,98,96.84,98.81,20,19.76,PRODUCTION
EMP0031,DEFECT_RATE,2026-05,2,3.16,63.19,10,6.32,PRODUCTION
EMP0031,SAFETY_INCIDENTS,2026-05,0,0,150,10,15,PRODUCTION
EMP0032,ATTENDANCE_RATE,2026-05,95,90,94.74,20,18.95,ATTENDANCE
EMP0032,PUNCTUALITY,2026-05,90,50,55.56,10,5.56,ATTENDANCE
EMP0032,PRODUCTION_TARGET_ACHIEVEMENT,2026-05,100,110.7,110.7,30,33.21,PRODUCTION
EMP0032,QUALITY_RATE,2026-05,98,98.64,100.65,20,20.13,PRODUCTION
EMP0032,DEFECT_RATE,2026-05,2,1.36,146.97,10,14.7,PRODUCTION
EMP0032,SAFETY_INCIDENTS,2026-05,0,0,150,10,15,PRODUCTION
EMP0033,ATTENDANCE_RATE,2026-05,95,75,78.95,20,15.79,ATTENDANCE
EMP0033,PUNCTUALITY,2026-05,90,73.33,81.48,10,8.15,ATTENDANCE
EMP0033,PRODUCTION_TARGET_ACHIEVEMENT,2026-05,100,82.11,82.11,30,24.63,PRODUCTION
EMP0033,QUALITY_RATE,2026-05,98,96.67,98.64,20,19.73,PRODUCTION
EMP0033,DEFECT_RATE,2026-05,2,3.33,60,10,6,PRODUCTION
EMP0033,SAFETY_INCIDENTS,2026-05,0,0,150,10,15,PRODUCTION
EMP0034,ATTENDANCE_RATE,2026-05,95,75,78.95,20,15.79,ATTENDANCE
EMP0034,PUNCTUALITY,2026-05,90,66.67,74.07,10,7.41,ATTENDANCE
EMP0034,PRODUCTION_TARGET_ACHIEVEMENT,2026-05,100,72.73,72.73,30,21.82,PRODUCTION
EMP0034,QUALITY_RATE,2026-05,98,96.72,98.7,20,19.74,PRODUCTION
EMP0034,DEFECT_RATE,2026-05,2,3.28,61.02,10,6.1,PRODUCTION
EMP0034,SAFETY_INCIDENTS,2026-05,0,1,100,10,10,PRODUCTION
EMP0035,ATTENDANCE_RATE,2026-05,95,90,94.74,20,18.95,ATTENDANCE
EMP0035,PUNCTUALITY,2026-05,90,55.56,61.73,10,6.17,ATTENDANCE
EMP0035,PRODUCTION_TARGET_ACHIEVEMENT,2026-05,100,54,54,30,16.2,PRODUCTION
EMP0035,QUALITY_RATE,2026-05,98,91.43,93.3,20,18.66,PRODUCTION
EMP0035,DEFECT_RATE,2026-05,2,8.57,23.34,10,2.33,PRODUCTION
EMP0035,SAFETY_INCIDENTS,2026-05,0,1,100,10,10,PRODUCTION
EMP0036,ATTENDANCE_RATE,2026-05,95,80,84.21,20,16.84,ATTENDANCE
EMP0036,PUNCTUALITY,2026-05,90,43.75,48.61,10,4.86,ATTENDANCE
EMP0036,PRODUCTION_TARGET_ACHIEVEMENT,2026-05,100,72.05,72.05,30,21.62,PRODUCTION
EMP0036,QUALITY_RATE,2026-05,98,96.76,98.74,20,19.75,PRODUCTION
EMP0036,DEFECT_RATE,2026-05,2,3.24,61.77,10,6.18,PRODUCTION
EMP0036,SAFETY_INCIDENTS,2026-05,0,0,150,10,15,PRODUCTION
EMP0037,ATTENDANCE_RATE,2026-05,95,100,105.26,20,21.05,ATTENDANCE
EMP0037,PUNCTUALITY,2026-05,90,100,111.11,10,11.11,ATTENDANCE
EMP0037,PRODUCTION_TARGET_ACHIEVEMENT,2026-05,100,73.3,73.3,30,21.99,PRODUCTION
EMP0037,QUALITY_RATE,2026-05,98,97.67,99.66,20,19.93,PRODUCTION
EMP0037,DEFECT_RATE,2026-05,2,2.33,85.66,10,8.57,PRODUCTION
EMP0037,SAFETY_INCIDENTS,2026-05,0,0,150,10,15,PRODUCTION
EMP0038,ATTENDANCE_RATE,2026-05,95,95,100,20,20,ATTENDANCE
EMP0038,PUNCTUALITY,2026-05,90,73.68,81.87,10,8.19,ATTENDANCE
EMP0038,PRODUCTION_TARGET_ACHIEVEMENT,2026-05,100,72.35,72.35,30,21.71,PRODUCTION
EMP0038,QUALITY_RATE,2026-05,98,97.55,99.54,20,19.91,PRODUCTION
EMP0038,DEFECT_RATE,2026-05,2,2.45,81.56,10,8.16,PRODUCTION
EMP0038,SAFETY_INCIDENTS,2026-05,0,0,150,10,15,PRODUCTION
EMP0039,ATTENDANCE_RATE,2026-05,95,100,105.26,20,21.05,ATTENDANCE
EMP0039,PUNCTUALITY,2026-05,90,90,100,10,10,ATTENDANCE
EMP0039,PRODUCTION_TARGET_ACHIEVEMENT,2026-05,100,80.16,80.16,30,24.05,PRODUCTION
EMP0039,QUALITY_RATE,2026-05,98,96.61,98.58,20,19.72,PRODUCTION
EMP0039,DEFECT_RATE,2026-05,2,3.39,58.95,10,5.9,PRODUCTION
EMP0039,SAFETY_INCIDENTS,2026-05,0,0,150,10,15,PRODUCTION
EMP0040,ATTENDANCE_RATE,2026-05,95,80,84.21,20,16.84,ATTENDANCE
EMP0040,PUNCTUALITY,2026-05,90,50,55.56,10,5.56,ATTENDANCE
EMP0040,PRODUCTION_TARGET_ACHIEVEMENT,2026-05,100,77.07,77.07,30,23.12,PRODUCTION
EMP0040,QUALITY_RATE,2026-05,98,97.64,99.63,20,19.93,PRODUCTION
EMP0040,DEFECT_RATE,2026-05,2,2.36,84.58,10,8.46,PRODUCTION
EMP0040,SAFETY_INCIDENTS,2026-05,0,0,150,10,15,PRODUCTION
EMP0041,ATTENDANCE_RATE,2026-05,95,85,89.47,20,17.89,ATTENDANCE
EMP0041,PUNCTUALITY,2026-05,90,58.82,65.36,10,6.54,ATTENDANCE
EMP0041,PRODUCTION_TARGET_ACHIEVEMENT,2026-05,100,72.48,72.48,30,21.74,PRODUCTION
EMP0041,QUALITY_RATE,2026-05,98,96.91,98.89,20,19.78,PRODUCTION
EMP0041,DEFECT_RATE,2026-05,2,3.09,64.68,10,6.47,PRODUCTION
EMP0041,SAFETY_INCIDENTS,2026-05,0,0,150,10,15,PRODUCTION
EMP0042,ATTENDANCE_RATE,2026-05,95,65,68.42,20,13.68,ATTENDANCE
EMP0042,PUNCTUALITY,2026-05,90,69.23,76.92,10,7.69,ATTENDANCE
EMP0042,PRODUCTION_TARGET_ACHIEVEMENT,2026-05,100,72.59,72.59,30,21.78,PRODUCTION
EMP0042,QUALITY_RATE,2026-05,98,96.66,98.63,20,19.73,PRODUCTION
EMP0042,DEFECT_RATE,2026-05,2,3.34,59.82,10,5.98,PRODUCTION
EMP0042,SAFETY_INCIDENTS,2026-05,0,0,150,10,15,PRODUCTION
EMP0043,ATTENDANCE_RATE,2026-05,95,100,105.26,20,21.05,ATTENDANCE
EMP0043,PUNCTUALITY,2026-05,90,100,111.11,10,11.11,ATTENDANCE
EMP0043,PRODUCTION_TARGET_ACHIEVEMENT,2026-05,100,70.73,70.73,30,21.22,PRODUCTION
EMP0043,QUALITY_RATE,2026-05,98,96.76,98.73,20,19.75,PRODUCTION
EMP0043,DEFECT_RATE,2026-05,2,3.24,61.69,10,6.17,PRODUCTION
EMP0043,SAFETY_INCIDENTS,2026-05,0,0,150,10,15,PRODUCTION
EMP0044,ATTENDANCE_RATE,2026-05,95,95,100,20,20,ATTENDANCE
EMP0044,PUNCTUALITY,2026-05,90,84.21,93.57,10,9.36,ATTENDANCE
EMP0044,PRODUCTION_TARGET_ACHIEVEMENT,2026-05,100,115.66,115.66,30,34.7,PRODUCTION
EMP0044,QUALITY_RATE,2026-05,98,98.88,100.9,20,20.18,PRODUCTION
EMP0044,DEFECT_RATE,2026-05,2,1.12,150,10,15,PRODUCTION
EMP0044,SAFETY_INCIDENTS,2026-05,0,0,150,10,15,PRODUCTION
EMP0045,ATTENDANCE_RATE,2026-05,95,95,100,20,20,ATTENDANCE
EMP0045,PUNCTUALITY,2026-05,90,73.68,81.87,10,8.19,ATTENDANCE
EMP0045,PRODUCTION_TARGET_ACHIEVEMENT,2026-05,100,67.18,67.18,30,20.15,PRODUCTION
EMP0045,QUALITY_RATE,2026-05,98,96.93,98.91,20,19.78,PRODUCTION
EMP0045,DEFECT_RATE,2026-05,2,3.07,65.1,10,6.51,PRODUCTION
EMP0045,SAFETY_INCIDENTS,2026-05,0,0,150,10,15,PRODUCTION
EMP0046,ATTENDANCE_RATE,2026-05,95,95,100,20,20,ATTENDANCE
EMP0046,PUNCTUALITY,2026-05,90,94.74,105.26,10,10.53,ATTENDANCE
EMP0046,PRODUCTION_TARGET_ACHIEVEMENT,2026-05,100,48.5,48.5,30,14.55,PRODUCTION
EMP0046,QUALITY_RATE,2026-05,98,90.97,92.83,20,18.57,PRODUCTION
EMP0046,DEFECT_RATE,2026-05,2,9.03,22.15,10,2.22,PRODUCTION
EMP0046,SAFETY_INCIDENTS,2026-05,0,0,150,10,15,PRODUCTION
EMP0047,ATTENDANCE_RATE,2026-05,95,85,89.47,20,17.89,ATTENDANCE
EMP0047,PUNCTUALITY,2026-05,90,82.35,91.5,10,9.15,ATTENDANCE
EMP0047,PRODUCTION_TARGET_ACHIEVEMENT,2026-05,100,72.27,72.27,30,21.68,PRODUCTION
EMP0047,QUALITY_RATE,2026-05,98,97.28,99.26,20,19.85,PRODUCTION
EMP0047,DEFECT_RATE,2026-05,2,2.72,73.42,10,7.34,PRODUCTION
EMP0047,SAFETY_INCIDENTS,2026-05,0,0,150,10,15,PRODUCTION
EMP0049,ATTENDANCE_RATE,2026-05,95,75,78.95,15,11.84,ATTENDANCE
EMP0049,QUALITY_RATE,2026-05,98,0,0,25,0,PRODUCTION
EMP0049,DEFECT_RATE,2026-05,2,0,150,20,30,PRODUCTION
EMP0049,MANAGEMENT_EFFECTIVENESS,2026-05,90,49.01,54.45,40,21.78,MANUAL
EMP0050,ATTENDANCE_RATE,2026-05,95,85,89.47,20,17.89,ATTENDANCE
EMP0050,PUNCTUALITY,2026-05,90,82.35,91.5,15,13.73,ATTENDANCE
EMP0050,QUALITY_RATE,2026-05,98,0,0,35,0,PRODUCTION
EMP0050,DEFECT_RATE,2026-05,2,0,150,30,45,PRODUCTION
EMP0051,ATTENDANCE_RATE,2026-05,95,85,89.47,20,17.89,ATTENDANCE
EMP0051,PUNCTUALITY,2026-05,90,58.82,65.36,15,9.8,ATTENDANCE
EMP0051,QUALITY_RATE,2026-05,98,0,0,35,0,PRODUCTION
EMP0051,DEFECT_RATE,2026-05,2,0,150,30,45,PRODUCTION
EMP0052,ATTENDANCE_RATE,2026-05,95,100,105.26,20,21.05,ATTENDANCE
EMP0052,PUNCTUALITY,2026-05,90,85,94.44,15,14.17,ATTENDANCE
EMP0052,QUALITY_RATE,2026-05,98,0,0,35,0,PRODUCTION
EMP0052,DEFECT_RATE,2026-05,2,0,150,30,45,PRODUCTION
EMP0054,ATTENDANCE_RATE,2026-05,95,85,89.47,20,17.89,ATTENDANCE
EMP0054,PUNCTUALITY,2026-05,90,76.47,84.97,15,12.75,ATTENDANCE
EMP0054,QUALITY_RATE,2026-05,98,0,0,35,0,PRODUCTION
EMP0054,DEFECT_RATE,2026-05,2,0,150,30,45,PRODUCTION
EMP0055,ATTENDANCE_RATE,2026-05,95,90,94.74,20,18.95,ATTENDANCE
EMP0055,PUNCTUALITY,2026-05,90,77.78,86.42,15,12.96,ATTENDANCE
EMP0055,QUALITY_RATE,2026-05,98,0,0,35,0,PRODUCTION
EMP0055,DEFECT_RATE,2026-05,2,0,150,30,45,PRODUCTION
EMP0057,ATTENDANCE_RATE,2026-05,95,95,100,20,20,ATTENDANCE
EMP0057,PUNCTUALITY,2026-05,90,52.63,58.48,15,8.77,ATTENDANCE
EMP0057,QUALITY_RATE,2026-05,98,0,0,35,0,PRODUCTION
EMP0057,DEFECT_RATE,2026-05,2,0,150,30,45,PRODUCTION
EMP0059,ATTENDANCE_RATE,2026-05,95,90,94.74,20,18.95,ATTENDANCE
EMP0059,PUNCTUALITY,2026-05,90,83.33,92.59,15,13.89,ATTENDANCE
EMP0059,QUALITY_RATE,2026-05,98,0,0,35,0,PRODUCTION
EMP0059,DEFECT_RATE,2026-05,2,0,150,30,45,PRODUCTION
EMP0060,ATTENDANCE_RATE,2026-05,95,90,94.74,20,18.95,ATTENDANCE
EMP0060,PUNCTUALITY,2026-05,90,61.11,67.9,15,10.19,ATTENDANCE
EMP0060,QUALITY_RATE,2026-05,98,0,0,35,0,PRODUCTION
EMP0060,DEFECT_RATE,2026-05,2,0,150,30,45,PRODUCTION
EMP0061,ATTENDANCE_RATE,2026-05,95,75,78.95,15,11.84,ATTENDANCE
EMP0061,TASK_COMPLETION_RATE,2026-05,95,69.49,73.15,25,18.29,MANUAL
EMP0061,COST_EFFICIENCY,2026-05,90,69.99,77.77,20,15.55,MANUAL
EMP0061,MANAGEMENT_EFFECTIVENESS,2026-05,90,64.45,71.61,40,28.64,MANUAL
EMP0062,ATTENDANCE_RATE,2026-05,95,85,89.47,30,26.84,ATTENDANCE
EMP0062,PUNCTUALITY,2026-05,90,52.94,58.82,20,11.76,ATTENDANCE
EMP0062,TASK_COMPLETION_RATE,2026-05,95,71.82,75.6,30,22.68,MANUAL
EMP0062,COST_EFFICIENCY,2026-05,90,68.04,75.6,20,15.12,MANUAL
EMP0063,ATTENDANCE_RATE,2026-05,95,95,100,30,30,ATTENDANCE
EMP0063,PUNCTUALITY,2026-05,90,89.47,99.42,20,19.88,ATTENDANCE
EMP0063,TASK_COMPLETION_RATE,2026-05,95,49.85,52.47,30,15.74,MANUAL
EMP0063,COST_EFFICIENCY,2026-05,90,45.32,50.35,20,10.07,MANUAL
EMP0064,ATTENDANCE_RATE,2026-05,95,85,89.47,30,26.84,ATTENDANCE
EMP0064,PUNCTUALITY,2026-05,90,58.82,65.36,20,13.07,ATTENDANCE
EMP0064,TASK_COMPLETION_RATE,2026-05,95,67.27,70.81,30,21.24,MANUAL
EMP0064,COST_EFFICIENCY,2026-05,90,66.36,73.73,20,14.75,MANUAL
EMP0065,ATTENDANCE_RATE,2026-05,95,80,84.21,30,25.26,ATTENDANCE
EMP0065,PUNCTUALITY,2026-05,90,68.75,76.39,20,15.28,ATTENDANCE
EMP0065,TASK_COMPLETION_RATE,2026-05,95,92.96,97.85,30,29.36,MANUAL
EMP0065,COST_EFFICIENCY,2026-05,90,96.41,107.12,20,21.42,MANUAL
EMP0066,ATTENDANCE_RATE,2026-05,95,85,89.47,30,26.84,ATTENDANCE
EMP0066,PUNCTUALITY,2026-05,90,58.82,65.36,20,13.07,ATTENDANCE
EMP0066,TASK_COMPLETION_RATE,2026-05,95,53.35,56.16,30,16.85,MANUAL
EMP0066,COST_EFFICIENCY,2026-05,90,47.74,53.04,20,10.61,MANUAL
EMP0067,ATTENDANCE_RATE,2026-05,95,95,100,30,30,ATTENDANCE
EMP0067,PUNCTUALITY,2026-05,90,84.21,93.57,20,18.71,ATTENDANCE
EMP0067,TASK_COMPLETION_RATE,2026-05,95,71.48,75.24,30,22.57,MANUAL
EMP0067,COST_EFFICIENCY,2026-05,90,73.19,81.32,20,16.26,MANUAL
EMP0068,ATTENDANCE_RATE,2026-05,95,75,78.95,30,23.69,ATTENDANCE
EMP0068,PUNCTUALITY,2026-05,90,86.67,96.3,20,19.26,ATTENDANCE
EMP0068,TASK_COMPLETION_RATE,2026-05,95,76.95,81,30,24.3,MANUAL
EMP0068,COST_EFFICIENCY,2026-05,90,72.17,80.19,20,16.04,MANUAL
EMP0069,ATTENDANCE_RATE,2026-05,95,95,100,30,30,ATTENDANCE
EMP0069,PUNCTUALITY,2026-05,90,68.42,76.02,20,15.2,ATTENDANCE
EMP0069,TASK_COMPLETION_RATE,2026-05,95,66.1,69.58,30,20.87,MANUAL
EMP0069,COST_EFFICIENCY,2026-05,90,59.43,66.03,20,13.21,MANUAL
EMP0070,ATTENDANCE_RATE,2026-05,95,95,100,30,30,ATTENDANCE
EMP0070,PUNCTUALITY,2026-05,90,78.95,87.72,20,17.54,ATTENDANCE
EMP0070,TASK_COMPLETION_RATE,2026-05,95,73.51,77.38,30,23.21,MANUAL
EMP0070,COST_EFFICIENCY,2026-05,90,61.1,67.89,20,13.58,MANUAL
EMP0071,ATTENDANCE_RATE,2026-05,95,85,89.47,15,13.42,ATTENDANCE
EMP0071,TASK_COMPLETION_RATE,2026-05,95,73.72,77.6,25,19.4,MANUAL
EMP0071,COST_EFFICIENCY,2026-05,90,73.44,81.6,20,16.32,MANUAL
EMP0071,MANAGEMENT_EFFECTIVENESS,2026-05,90,76.32,84.8,40,33.92,MANUAL
EMP0072,ATTENDANCE_RATE,2026-05,95,85,89.47,30,26.84,ATTENDANCE
EMP0072,PUNCTUALITY,2026-05,90,82.35,91.5,20,18.3,ATTENDANCE
EMP0072,TASK_COMPLETION_RATE,2026-05,95,43.78,46.08,35,16.13,MANUAL
EMP0072,COST_EFFICIENCY,2026-05,90,43.63,48.48,15,7.27,MANUAL
EMP0073,ATTENDANCE_RATE,2026-05,95,95,100,30,30,ATTENDANCE
EMP0073,PUNCTUALITY,2026-05,90,73.68,81.87,20,16.37,ATTENDANCE
EMP0073,TASK_COMPLETION_RATE,2026-05,95,69.11,72.75,35,25.46,MANUAL
EMP0073,COST_EFFICIENCY,2026-05,90,70.2,78,15,11.7,MANUAL
EMP0075,ATTENDANCE_RATE,2026-05,95,95,100,30,30,ATTENDANCE
EMP0075,PUNCTUALITY,2026-05,90,68.42,76.02,20,15.2,ATTENDANCE
EMP0075,TASK_COMPLETION_RATE,2026-05,95,67.27,70.81,35,24.78,MANUAL
EMP0075,COST_EFFICIENCY,2026-05,90,61.1,67.89,15,10.18,MANUAL
EMP0076,ATTENDANCE_RATE,2026-05,95,95,100,30,30,ATTENDANCE
EMP0076,PUNCTUALITY,2026-05,90,73.68,81.87,20,16.37,ATTENDANCE
EMP0076,TASK_COMPLETION_RATE,2026-05,95,65.19,68.62,35,24.02,MANUAL
EMP0076,COST_EFFICIENCY,2026-05,90,64.39,71.54,15,10.73,MANUAL
EMP0077,ATTENDANCE_RATE,2026-05,95,85,89.47,30,26.84,ATTENDANCE
EMP0077,PUNCTUALITY,2026-05,90,76.47,84.97,20,16.99,ATTENDANCE
EMP0077,TASK_COMPLETION_RATE,2026-05,95,72.17,75.97,35,26.59,MANUAL
EMP0077,COST_EFFICIENCY,2026-05,90,65.82,73.13,15,10.97,MANUAL
EMP0078,ATTENDANCE_RATE,2026-05,95,95,100,30,30,ATTENDANCE
EMP0078,PUNCTUALITY,2026-05,90,89.47,99.42,20,19.88,ATTENDANCE
EMP0078,TASK_COMPLETION_RATE,2026-05,95,69.83,73.5,35,25.73,MANUAL
EMP0078,COST_EFFICIENCY,2026-05,90,63,70,15,10.5,MANUAL
EMP0079,ATTENDANCE_RATE,2026-05,95,85,89.47,30,26.84,ATTENDANCE
EMP0079,PUNCTUALITY,2026-05,90,29.41,32.68,20,6.54,ATTENDANCE
EMP0079,TASK_COMPLETION_RATE,2026-05,95,68.4,72,35,25.2,MANUAL
EMP0079,COST_EFFICIENCY,2026-05,90,66.1,73.44,15,11.02,MANUAL
EMP0080,ATTENDANCE_RATE,2026-05,95,90,94.74,30,28.42,ATTENDANCE
EMP0080,PUNCTUALITY,2026-05,90,66.67,74.07,20,14.81,ATTENDANCE
EMP0080,TASK_COMPLETION_RATE,2026-05,95,100,105.26,35,36.84,MANUAL
EMP0080,COST_EFFICIENCY,2026-05,90,90.63,100.7,15,15.11,MANUAL
EMP0081,ATTENDANCE_RATE,2026-05,95,89.47,94.18,30,28.25,ATTENDANCE
EMP0081,PUNCTUALITY,2026-05,90,82.35,91.5,20,18.3,ATTENDANCE
EMP0081,TASK_COMPLETION_RATE,2026-05,95,72.45,76.26,35,26.69,MANUAL
EMP0081,COST_EFFICIENCY,2026-05,90,72.32,80.36,15,12.05,MANUAL
EMP0082,ATTENDANCE_RATE,2026-05,95,80,84.21,30,25.26,ATTENDANCE
EMP0082,PUNCTUALITY,2026-05,90,50,55.56,20,11.11,ATTENDANCE
EMP0082,TASK_COMPLETION_RATE,2026-05,95,77.12,81.18,35,28.41,MANUAL
EMP0082,COST_EFFICIENCY,2026-05,90,75.28,83.64,15,12.55,MANUAL
EMP0083,ATTENDANCE_RATE,2026-05,95,100,105.26,15,15.79,ATTENDANCE
EMP0083,TASK_COMPLETION_RATE,2026-05,95,78.8,82.95,35,29.03,MANUAL
EMP0083,MANAGEMENT_EFFECTIVENESS,2026-05,90,71.81,79.79,50,39.9,MANUAL
EMP0084,ATTENDANCE_RATE,2026-05,95,100,105.26,30,31.58,ATTENDANCE
EMP0084,PUNCTUALITY,2026-05,90,90,100,20,20,ATTENDANCE
EMP0084,TASK_COMPLETION_RATE,2026-05,95,64.6,68,50,34,MANUAL
EMP0085,ATTENDANCE_RATE,2026-05,95,85,89.47,30,26.84,ATTENDANCE
EMP0085,PUNCTUALITY,2026-05,90,82.35,91.5,20,18.3,ATTENDANCE
EMP0085,TASK_COMPLETION_RATE,2026-05,95,73.36,77.22,50,38.61,MANUAL
EMP0086,ATTENDANCE_RATE,2026-05,95,100,105.26,30,31.58,ATTENDANCE
EMP0086,PUNCTUALITY,2026-05,90,90,100,20,20,ATTENDANCE
EMP0086,TASK_COMPLETION_RATE,2026-05,95,59.43,62.56,50,31.28,MANUAL
EMP0087,ATTENDANCE_RATE,2026-05,95,95,100,30,30,ATTENDANCE
EMP0087,PUNCTUALITY,2026-05,90,68.42,76.02,20,15.2,ATTENDANCE
EMP0087,TASK_COMPLETION_RATE,2026-05,95,70.4,74.1,50,37.05,MANUAL
EMP0088,ATTENDANCE_RATE,2026-05,95,75,78.95,30,23.69,ATTENDANCE
EMP0088,PUNCTUALITY,2026-05,90,73.33,81.48,20,16.3,ATTENDANCE
EMP0088,TASK_COMPLETION_RATE,2026-05,95,68.17,71.76,50,35.88,MANUAL
EMP0089,ATTENDANCE_RATE,2026-05,95,95,100,30,30,ATTENDANCE
EMP0089,PUNCTUALITY,2026-05,90,78.95,87.72,20,17.54,ATTENDANCE
EMP0089,TASK_COMPLETION_RATE,2026-05,95,68.8,72.42,50,36.21,MANUAL
EMP0090,ATTENDANCE_RATE,2026-05,95,95,100,30,30,ATTENDANCE
EMP0090,PUNCTUALITY,2026-05,90,68.42,76.02,20,15.2,ATTENDANCE
EMP0090,TASK_COMPLETION_RATE,2026-05,95,73.33,77.19,50,38.6,MANUAL
EMP0091,ATTENDANCE_RATE,2026-05,95,95,100,10,10,ATTENDANCE
EMP0091,TASK_COMPLETION_RATE,2026-05,95,65.55,69,20,13.8,MANUAL
EMP0091,COST_EFFICIENCY,2026-05,90,63.96,71.07,25,17.77,MANUAL
EMP0091,MANAGEMENT_EFFECTIVENESS,2026-05,90,63.96,71.07,45,31.98,MANUAL
EMP0092,ATTENDANCE_RATE,2026-05,95,95,100,25,25,ATTENDANCE
EMP0092,PUNCTUALITY,2026-05,90,89.47,99.42,15,14.91,ATTENDANCE
EMP0092,TASK_COMPLETION_RATE,2026-05,95,66.35,69.84,30,20.95,MANUAL
EMP0092,COST_EFFICIENCY,2026-05,90,62.86,69.84,30,20.95,MANUAL
EMP0093,ATTENDANCE_RATE,2026-05,95,100,105.26,25,26.32,ATTENDANCE
EMP0093,PUNCTUALITY,2026-05,90,50,55.56,15,8.33,ATTENDANCE
EMP0093,TASK_COMPLETION_RATE,2026-05,95,75.81,79.8,30,23.94,MANUAL
EMP0093,COST_EFFICIENCY,2026-05,90,64.98,72.2,30,21.66,MANUAL
EMP0094,ATTENDANCE_RATE,2026-05,95,90,94.74,25,23.69,ATTENDANCE
EMP0094,PUNCTUALITY,2026-05,90,55.56,61.73,15,9.26,ATTENDANCE
EMP0094,TASK_COMPLETION_RATE,2026-05,95,62.73,66.03,30,19.81,MANUAL
EMP0094,COST_EFFICIENCY,2026-05,90,64.54,71.71,30,21.51,MANUAL
EMP0095,ATTENDANCE_RATE,2026-05,95,100,105.26,25,26.32,ATTENDANCE
EMP0095,PUNCTUALITY,2026-05,90,95,105.56,15,15.83,ATTENDANCE
EMP0095,TASK_COMPLETION_RATE,2026-05,95,71.16,74.9,30,22.47,MANUAL
EMP0095,COST_EFFICIENCY,2026-05,90,66.78,74.2,30,22.26,MANUAL
EMP0096,ATTENDANCE_RATE,2026-05,95,85,89.47,25,22.37,ATTENDANCE
EMP0096,PUNCTUALITY,2026-05,90,58.82,65.36,15,9.8,ATTENDANCE
EMP0096,TASK_COMPLETION_RATE,2026-05,95,100,105.26,30,31.58,MANUAL
EMP0096,COST_EFFICIENCY,2026-05,90,85.5,95,30,28.5,MANUAL
EMP0097,ATTENDANCE_RATE,2026-05,95,90,94.74,25,23.69,ATTENDANCE
EMP0097,PUNCTUALITY,2026-05,90,77.78,86.42,15,12.96,ATTENDANCE
EMP0097,TASK_COMPLETION_RATE,2026-05,95,91,95.79,30,28.74,MANUAL
EMP0097,COST_EFFICIENCY,2026-05,90,91.77,101.97,30,30.59,MANUAL
EMP0098,ATTENDANCE_RATE,2026-05,95,100,105.26,25,26.32,ATTENDANCE
EMP0098,PUNCTUALITY,2026-05,90,95,105.56,15,15.83,ATTENDANCE
EMP0098,TASK_COMPLETION_RATE,2026-05,95,73.33,77.19,30,23.16,MANUAL
EMP0098,COST_EFFICIENCY,2026-05,90,76.94,85.49,30,25.65,MANUAL
EMP0099,ATTENDANCE_RATE,2026-05,95,95,100,25,25,ATTENDANCE
EMP0099,PUNCTUALITY,2026-05,90,78.95,87.72,15,13.16,ATTENDANCE
EMP0099,TASK_COMPLETION_RATE,2026-05,95,76.95,81,30,24.3,MANUAL
EMP0099,COST_EFFICIENCY,2026-05,90,76.55,85.05,30,25.52,MANUAL
EMP0100,ATTENDANCE_RATE,2026-05,95,100,105.26,25,26.32,ATTENDANCE
EMP0100,PUNCTUALITY,2026-05,90,90,100,15,15,ATTENDANCE
EMP0100,TASK_COMPLETION_RATE,2026-05,95,40.3,42.42,30,12.73,MANUAL
EMP0100,COST_EFFICIENCY,2026-05,90,35.53,39.48,30,11.84,MANUAL
EMP0001,ATTENDANCE_RATE,2026-06,95,86.36,90.91,10,9.09,ATTENDANCE
EMP0001,MANAGEMENT_EFFECTIVENESS,2026-06,90,69.3,77,90,69.3,MANUAL
EMP0002,ATTENDANCE_RATE,2026-06,95,72.73,76.56,15,11.48,ATTENDANCE
EMP0002,TASK_COMPLETION_RATE,2026-06,95,78.33,82.45,35,28.86,MANUAL
EMP0002,MANAGEMENT_EFFECTIVENESS,2026-06,90,81.86,90.95,50,45.48,MANUAL
EMP0003,ATTENDANCE_RATE,2026-06,95,77.27,81.34,35,28.47,ATTENDANCE
EMP0003,PUNCTUALITY,2026-06,90,70.59,78.43,25,19.61,ATTENDANCE
EMP0003,TASK_COMPLETION_RATE,2026-06,95,100,105.26,40,42.1,MANUAL
EMP0004,ATTENDANCE_RATE,2026-06,95,100,105.26,35,36.84,ATTENDANCE
EMP0004,PUNCTUALITY,2026-06,90,100,111.11,25,27.78,ATTENDANCE
EMP0004,TASK_COMPLETION_RATE,2026-06,95,73.33,77.19,40,30.88,MANUAL
EMP0005,ATTENDANCE_RATE,2026-06,95,86.36,90.91,35,31.82,ATTENDANCE
EMP0005,PUNCTUALITY,2026-06,90,84.21,93.57,25,23.39,ATTENDANCE
EMP0005,TASK_COMPLETION_RATE,2026-06,95,82.57,86.92,40,34.77,MANUAL
EMP0006,ATTENDANCE_RATE,2026-06,95,81.82,86.12,35,30.14,ATTENDANCE
EMP0006,PUNCTUALITY,2026-06,90,77.78,86.42,25,21.61,ATTENDANCE
EMP0006,TASK_COMPLETION_RATE,2026-06,95,92.77,97.65,40,39.06,MANUAL
EMP0007,ATTENDANCE_RATE,2026-06,95,100,105.26,35,36.84,ATTENDANCE
EMP0007,PUNCTUALITY,2026-06,90,90.91,101.01,25,25.25,ATTENDANCE
EMP0007,TASK_COMPLETION_RATE,2026-06,95,100,105.26,40,42.1,MANUAL
EMP0008,ATTENDANCE_RATE,2026-06,95,90.91,95.69,35,33.49,ATTENDANCE
EMP0008,PUNCTUALITY,2026-06,90,55,61.11,25,15.28,ATTENDANCE
EMP0008,TASK_COMPLETION_RATE,2026-06,95,76.55,80.58,40,32.23,MANUAL
EMP0009,ATTENDANCE_RATE,2026-06,95,95.45,100.48,15,15.07,ATTENDANCE
EMP0009,PRODUCTION_TARGET_ACHIEVEMENT,2026-06,100,82.81,82.81,25,20.7,PRODUCTION
EMP0009,QUALITY_RATE,2026-06,98,95.41,97.36,15,14.6,PRODUCTION
EMP0009,DEFECT_RATE,2026-06,2,4.59,43.61,10,4.36,PRODUCTION
EMP0009,SAFETY_INCIDENTS,2026-06,0,0,150,10,15,PRODUCTION
EMP0009,MANAGEMENT_EFFECTIVENESS,2026-06,90,55.33,61.48,25,15.37,MANUAL
EMP0010,ATTENDANCE_RATE,2026-06,95,95.45,100.48,20,20.1,ATTENDANCE
EMP0010,PUNCTUALITY,2026-06,90,66.67,74.07,10,7.41,ATTENDANCE
EMP0010,PRODUCTION_TARGET_ACHIEVEMENT,2026-06,100,56.32,56.32,30,16.9,PRODUCTION
EMP0010,QUALITY_RATE,2026-06,98,89.56,91.38,20,18.28,PRODUCTION
EMP0010,DEFECT_RATE,2026-06,2,10.44,19.15,10,1.92,PRODUCTION
EMP0010,SAFETY_INCIDENTS,2026-06,0,0,150,10,15,PRODUCTION
EMP0011,ATTENDANCE_RATE,2026-06,95,86.36,90.91,20,18.18,ATTENDANCE
EMP0011,PUNCTUALITY,2026-06,90,73.68,81.87,10,8.19,ATTENDANCE
EMP0011,PRODUCTION_TARGET_ACHIEVEMENT,2026-06,100,78.9,78.9,30,23.67,PRODUCTION
EMP0011,QUALITY_RATE,2026-06,98,97.78,99.77,20,19.95,PRODUCTION
EMP0011,DEFECT_RATE,2026-06,2,2.22,90,10,9,PRODUCTION
EMP0011,SAFETY_INCIDENTS,2026-06,0,0,150,10,15,PRODUCTION
EMP0012,ATTENDANCE_RATE,2026-06,95,77.27,81.34,20,16.27,ATTENDANCE
EMP0012,PUNCTUALITY,2026-06,90,94.12,104.58,10,10.46,ATTENDANCE
EMP0012,PRODUCTION_TARGET_ACHIEVEMENT,2026-06,100,74.09,74.09,30,22.23,PRODUCTION
EMP0012,QUALITY_RATE,2026-06,98,97.81,99.81,20,19.96,PRODUCTION
EMP0012,DEFECT_RATE,2026-06,2,2.19,91.5,10,9.15,PRODUCTION
EMP0012,SAFETY_INCIDENTS,2026-06,0,0,150,10,15,PRODUCTION
EMP0013,ATTENDANCE_RATE,2026-06,95,72.73,76.56,20,15.31,ATTENDANCE
EMP0013,PUNCTUALITY,2026-06,90,75,83.33,10,8.33,ATTENDANCE
EMP0013,PRODUCTION_TARGET_ACHIEVEMENT,2026-06,100,101.51,101.51,30,30.45,PRODUCTION
EMP0013,QUALITY_RATE,2026-06,98,99.69,101.72,20,20.34,PRODUCTION
EMP0013,DEFECT_RATE,2026-06,2,0.31,150,10,15,PRODUCTION
EMP0013,SAFETY_INCIDENTS,2026-06,0,0,150,10,15,PRODUCTION
EMP0014,ATTENDANCE_RATE,2026-06,95,77.27,81.34,20,16.27,ATTENDANCE
EMP0014,PUNCTUALITY,2026-06,90,58.82,65.36,10,6.54,ATTENDANCE
EMP0014,PRODUCTION_TARGET_ACHIEVEMENT,2026-06,100,76.22,76.22,30,22.87,PRODUCTION
EMP0014,QUALITY_RATE,2026-06,98,95.69,97.65,20,19.53,PRODUCTION
EMP0014,DEFECT_RATE,2026-06,2,4.31,46.43,10,4.64,PRODUCTION
EMP0014,SAFETY_INCIDENTS,2026-06,0,0,150,10,15,PRODUCTION
EMP0015,ATTENDANCE_RATE,2026-06,95,77.27,81.34,20,16.27,ATTENDANCE
EMP0015,PUNCTUALITY,2026-06,90,76.47,84.97,10,8.5,ATTENDANCE
EMP0015,PRODUCTION_TARGET_ACHIEVEMENT,2026-06,100,71.63,71.63,30,21.49,PRODUCTION
EMP0015,QUALITY_RATE,2026-06,98,96.66,98.63,20,19.73,PRODUCTION
EMP0015,DEFECT_RATE,2026-06,2,3.34,59.88,10,5.99,PRODUCTION
EMP0015,SAFETY_INCIDENTS,2026-06,0,2,100,10,10,PRODUCTION
EMP0016,ATTENDANCE_RATE,2026-06,95,95.45,100.48,20,20.1,ATTENDANCE
EMP0016,PUNCTUALITY,2026-06,90,71.43,79.37,10,7.94,ATTENDANCE
EMP0016,PRODUCTION_TARGET_ACHIEVEMENT,2026-06,100,68.45,68.45,30,20.54,PRODUCTION
EMP0016,QUALITY_RATE,2026-06,98,96.58,98.55,20,19.71,PRODUCTION
EMP0016,DEFECT_RATE,2026-06,2,3.42,58.53,10,5.85,PRODUCTION
EMP0016,SAFETY_INCIDENTS,2026-06,0,0,150,10,15,PRODUCTION
EMP0017,ATTENDANCE_RATE,2026-06,95,86.36,90.91,20,18.18,ATTENDANCE
EMP0017,PUNCTUALITY,2026-06,90,68.42,76.02,10,7.6,ATTENDANCE
EMP0017,PRODUCTION_TARGET_ACHIEVEMENT,2026-06,100,74.11,74.11,30,22.23,PRODUCTION
EMP0017,QUALITY_RATE,2026-06,98,95.63,97.58,20,19.52,PRODUCTION
EMP0017,DEFECT_RATE,2026-06,2,4.37,45.73,10,4.57,PRODUCTION
EMP0017,SAFETY_INCIDENTS,2026-06,0,1,100,10,10,PRODUCTION
EMP0018,ATTENDANCE_RATE,2026-06,95,90.91,95.69,20,19.14,ATTENDANCE
EMP0018,PUNCTUALITY,2026-06,90,75,83.33,10,8.33,ATTENDANCE
EMP0018,PRODUCTION_TARGET_ACHIEVEMENT,2026-06,100,62.93,62.93,30,18.88,PRODUCTION
EMP0018,QUALITY_RATE,2026-06,98,95.5,97.45,20,19.49,PRODUCTION
EMP0018,DEFECT_RATE,2026-06,2,4.5,44.46,10,4.45,PRODUCTION
EMP0018,SAFETY_INCIDENTS,2026-06,0,0,150,10,15,PRODUCTION
EMP0019,ATTENDANCE_RATE,2026-06,95,100,105.26,20,21.05,ATTENDANCE
EMP0019,PUNCTUALITY,2026-06,90,95.45,106.06,10,10.61,ATTENDANCE
EMP0019,PRODUCTION_TARGET_ACHIEVEMENT,2026-06,100,77.58,77.58,30,23.27,PRODUCTION
EMP0019,QUALITY_RATE,2026-06,98,96.79,98.77,20,19.75,PRODUCTION
EMP0019,DEFECT_RATE,2026-06,2,3.21,62.38,10,6.24,PRODUCTION
EMP0019,SAFETY_INCIDENTS,2026-06,0,0,150,10,15,PRODUCTION
EMP0020,ATTENDANCE_RATE,2026-06,95,90.91,95.69,20,19.14,ATTENDANCE
EMP0020,PUNCTUALITY,2026-06,90,100,111.11,10,11.11,ATTENDANCE
EMP0020,PRODUCTION_TARGET_ACHIEVEMENT,2026-06,100,68.77,68.77,30,20.63,PRODUCTION
EMP0020,QUALITY_RATE,2026-06,98,96.62,98.59,20,19.72,PRODUCTION
EMP0020,DEFECT_RATE,2026-06,2,3.38,59.14,10,5.91,PRODUCTION
EMP0020,SAFETY_INCIDENTS,2026-06,0,0,150,10,15,PRODUCTION
EMP0021,ATTENDANCE_RATE,2026-06,95,72.73,76.56,20,15.31,ATTENDANCE
EMP0021,PUNCTUALITY,2026-06,90,87.5,97.22,10,9.72,ATTENDANCE
EMP0021,PRODUCTION_TARGET_ACHIEVEMENT,2026-06,100,107.61,107.61,30,32.28,PRODUCTION
EMP0021,QUALITY_RATE,2026-06,98,98.7,100.72,20,20.14,PRODUCTION
EMP0021,DEFECT_RATE,2026-06,2,1.3,150,10,15,PRODUCTION
EMP0021,SAFETY_INCIDENTS,2026-06,0,0,150,10,15,PRODUCTION
EMP0022,ATTENDANCE_RATE,2026-06,95,100,105.26,20,21.05,ATTENDANCE
EMP0022,PUNCTUALITY,2026-06,90,90.91,101.01,10,10.1,ATTENDANCE
EMP0022,PRODUCTION_TARGET_ACHIEVEMENT,2026-06,100,66.56,66.56,30,19.97,PRODUCTION
EMP0022,QUALITY_RATE,2026-06,98,96.66,98.64,20,19.73,PRODUCTION
EMP0022,DEFECT_RATE,2026-06,2,3.34,59.97,10,6,PRODUCTION
EMP0022,SAFETY_INCIDENTS,2026-06,0,0,150,10,15,PRODUCTION
EMP0023,ATTENDANCE_RATE,2026-06,95,95.45,100.48,20,20.1,ATTENDANCE
EMP0023,PUNCTUALITY,2026-06,90,57.14,63.49,10,6.35,ATTENDANCE
EMP0023,PRODUCTION_TARGET_ACHIEVEMENT,2026-06,100,115.54,115.54,30,34.66,PRODUCTION
EMP0023,QUALITY_RATE,2026-06,98,99.7,101.74,20,20.35,PRODUCTION
EMP0023,DEFECT_RATE,2026-06,2,0.3,150,10,15,PRODUCTION
EMP0023,SAFETY_INCIDENTS,2026-06,0,0,150,10,15,PRODUCTION
EMP0024,ATTENDANCE_RATE,2026-06,95,100,105.26,20,21.05,ATTENDANCE
EMP0024,PUNCTUALITY,2026-06,90,95.45,106.06,10,10.61,ATTENDANCE
EMP0024,PRODUCTION_TARGET_ACHIEVEMENT,2026-06,100,76.05,76.05,30,22.82,PRODUCTION
EMP0024,QUALITY_RATE,2026-06,98,95.65,97.6,20,19.52,PRODUCTION
EMP0024,DEFECT_RATE,2026-06,2,4.35,45.94,10,4.59,PRODUCTION
EMP0024,SAFETY_INCIDENTS,2026-06,0,0,150,10,15,PRODUCTION
EMP0025,ATTENDANCE_RATE,2026-06,95,86.36,90.91,20,18.18,ATTENDANCE
EMP0025,PUNCTUALITY,2026-06,90,78.95,87.72,10,8.77,ATTENDANCE
EMP0025,PRODUCTION_TARGET_ACHIEVEMENT,2026-06,100,74.1,74.1,30,22.23,PRODUCTION
EMP0025,QUALITY_RATE,2026-06,98,95.62,97.57,20,19.51,PRODUCTION
EMP0025,DEFECT_RATE,2026-06,2,4.38,45.66,10,4.57,PRODUCTION
EMP0025,SAFETY_INCIDENTS,2026-06,0,0,150,10,15,PRODUCTION
EMP0026,ATTENDANCE_RATE,2026-06,95,95.45,100.48,20,20.1,ATTENDANCE
EMP0026,PUNCTUALITY,2026-06,90,76.19,84.66,10,8.47,ATTENDANCE
EMP0026,PRODUCTION_TARGET_ACHIEVEMENT,2026-06,100,109.48,109.48,30,32.84,PRODUCTION
EMP0026,QUALITY_RATE,2026-06,98,98.97,100.99,20,20.2,PRODUCTION
EMP0026,DEFECT_RATE,2026-06,2,1.03,150,10,15,PRODUCTION
EMP0026,SAFETY_INCIDENTS,2026-06,0,0,150,10,15,PRODUCTION
EMP0027,ATTENDANCE_RATE,2026-06,95,86.36,90.91,20,18.18,ATTENDANCE
EMP0027,PUNCTUALITY,2026-06,90,68.42,76.02,10,7.6,ATTENDANCE
EMP0027,PRODUCTION_TARGET_ACHIEVEMENT,2026-06,100,106.46,106.46,30,31.94,PRODUCTION
EMP0027,QUALITY_RATE,2026-06,98,98.75,100.77,20,20.15,PRODUCTION
EMP0027,DEFECT_RATE,2026-06,2,1.25,150,10,15,PRODUCTION
EMP0027,SAFETY_INCIDENTS,2026-06,0,0,150,10,15,PRODUCTION
EMP0028,ATTENDANCE_RATE,2026-06,95,95.45,100.48,20,20.1,ATTENDANCE
EMP0028,PUNCTUALITY,2026-06,90,76.19,84.66,10,8.47,ATTENDANCE
EMP0028,PRODUCTION_TARGET_ACHIEVEMENT,2026-06,100,73.1,73.1,30,21.93,PRODUCTION
EMP0028,QUALITY_RATE,2026-06,98,96.51,98.48,20,19.7,PRODUCTION
EMP0028,DEFECT_RATE,2026-06,2,3.49,57.38,10,5.74,PRODUCTION
EMP0028,SAFETY_INCIDENTS,2026-06,0,0,150,10,15,PRODUCTION
EMP0029,ATTENDANCE_RATE,2026-06,95,86.36,90.91,20,18.18,ATTENDANCE
EMP0029,PUNCTUALITY,2026-06,90,73.68,81.87,10,8.19,ATTENDANCE
EMP0029,PRODUCTION_TARGET_ACHIEVEMENT,2026-06,100,44.96,44.96,30,13.49,PRODUCTION
EMP0029,QUALITY_RATE,2026-06,98,92.51,94.4,20,18.88,PRODUCTION
EMP0029,DEFECT_RATE,2026-06,2,7.49,26.69,10,2.67,PRODUCTION
EMP0029,SAFETY_INCIDENTS,2026-06,0,0,150,10,15,PRODUCTION
EMP0030,ATTENDANCE_RATE,2026-06,95,81.82,86.12,20,17.22,ATTENDANCE
EMP0030,PUNCTUALITY,2026-06,90,66.67,74.07,10,7.41,ATTENDANCE
EMP0030,PRODUCTION_TARGET_ACHIEVEMENT,2026-06,100,47.06,47.06,30,14.12,PRODUCTION
EMP0030,QUALITY_RATE,2026-06,98,93.64,95.55,20,19.11,PRODUCTION
EMP0030,DEFECT_RATE,2026-06,2,6.36,31.43,10,3.14,PRODUCTION
EMP0030,SAFETY_INCIDENTS,2026-06,0,0,150,10,15,PRODUCTION
EMP0031,ATTENDANCE_RATE,2026-06,95,100,105.26,20,21.05,ATTENDANCE
EMP0031,PUNCTUALITY,2026-06,90,100,111.11,10,11.11,ATTENDANCE
EMP0031,PRODUCTION_TARGET_ACHIEVEMENT,2026-06,100,71.83,71.83,30,21.55,PRODUCTION
EMP0031,QUALITY_RATE,2026-06,98,96.53,98.5,20,19.7,PRODUCTION
EMP0031,DEFECT_RATE,2026-06,2,3.47,57.71,10,5.77,PRODUCTION
EMP0031,SAFETY_INCIDENTS,2026-06,0,0,150,10,15,PRODUCTION
EMP0032,ATTENDANCE_RATE,2026-06,95,81.82,86.12,20,17.22,ATTENDANCE
EMP0032,PUNCTUALITY,2026-06,90,77.78,86.42,10,8.64,ATTENDANCE
EMP0032,PRODUCTION_TARGET_ACHIEVEMENT,2026-06,100,110.65,110.65,30,33.2,PRODUCTION
EMP0032,QUALITY_RATE,2026-06,98,98.71,100.72,20,20.14,PRODUCTION
EMP0032,DEFECT_RATE,2026-06,2,1.29,150,10,15,PRODUCTION
EMP0032,SAFETY_INCIDENTS,2026-06,0,0,150,10,15,PRODUCTION
EMP0033,ATTENDANCE_RATE,2026-06,95,63.64,66.99,20,13.4,ATTENDANCE
EMP0033,PUNCTUALITY,2026-06,90,28.57,31.75,10,3.18,ATTENDANCE
EMP0033,PRODUCTION_TARGET_ACHIEVEMENT,2026-06,100,84.07,84.07,30,25.22,PRODUCTION
EMP0033,QUALITY_RATE,2026-06,98,96.61,98.58,20,19.72,PRODUCTION
EMP0033,DEFECT_RATE,2026-06,2,3.39,58.99,10,5.9,PRODUCTION
EMP0033,SAFETY_INCIDENTS,2026-06,0,0,150,10,15,PRODUCTION
EMP0034,ATTENDANCE_RATE,2026-06,95,86.36,90.91,20,18.18,ATTENDANCE
EMP0034,PUNCTUALITY,2026-06,90,68.42,76.02,10,7.6,ATTENDANCE
EMP0034,PRODUCTION_TARGET_ACHIEVEMENT,2026-06,100,71.78,71.78,30,21.53,PRODUCTION
EMP0034,QUALITY_RATE,2026-06,98,96.53,98.5,20,19.7,PRODUCTION
EMP0034,DEFECT_RATE,2026-06,2,3.47,57.61,10,5.76,PRODUCTION
EMP0034,SAFETY_INCIDENTS,2026-06,0,0,150,10,15,PRODUCTION
EMP0035,ATTENDANCE_RATE,2026-06,95,77.27,81.34,20,16.27,ATTENDANCE
EMP0035,PUNCTUALITY,2026-06,90,58.82,65.36,10,6.54,ATTENDANCE
EMP0035,PRODUCTION_TARGET_ACHIEVEMENT,2026-06,100,55.29,55.29,30,16.59,PRODUCTION
EMP0035,QUALITY_RATE,2026-06,98,91.78,93.65,20,18.73,PRODUCTION
EMP0035,DEFECT_RATE,2026-06,2,8.22,24.33,10,2.43,PRODUCTION
EMP0035,SAFETY_INCIDENTS,2026-06,0,0,150,10,15,PRODUCTION
EMP0036,ATTENDANCE_RATE,2026-06,95,77.27,81.34,20,16.27,ATTENDANCE
EMP0036,PUNCTUALITY,2026-06,90,41.18,45.75,10,4.58,ATTENDANCE
EMP0036,PRODUCTION_TARGET_ACHIEVEMENT,2026-06,100,73.15,73.15,30,21.95,PRODUCTION
EMP0036,QUALITY_RATE,2026-06,98,96.94,98.92,20,19.78,PRODUCTION
EMP0036,DEFECT_RATE,2026-06,2,3.06,65.3,10,6.53,PRODUCTION
EMP0036,SAFETY_INCIDENTS,2026-06,0,0,150,10,15,PRODUCTION
EMP0037,ATTENDANCE_RATE,2026-06,95,100,105.26,20,21.05,ATTENDANCE
EMP0037,PUNCTUALITY,2026-06,90,95.45,106.06,10,10.61,ATTENDANCE
EMP0037,PRODUCTION_TARGET_ACHIEVEMENT,2026-06,100,73.76,73.76,30,22.13,PRODUCTION
EMP0037,QUALITY_RATE,2026-06,98,97.33,99.31,20,19.86,PRODUCTION
EMP0037,DEFECT_RATE,2026-06,2,2.67,74.78,10,7.48,PRODUCTION
EMP0037,SAFETY_INCIDENTS,2026-06,0,0,150,10,15,PRODUCTION
EMP0038,ATTENDANCE_RATE,2026-06,95,90.91,95.69,20,19.14,ATTENDANCE
EMP0038,PUNCTUALITY,2026-06,90,50,55.56,10,5.56,ATTENDANCE
EMP0038,PRODUCTION_TARGET_ACHIEVEMENT,2026-06,100,73.04,73.04,30,21.91,PRODUCTION
EMP0038,QUALITY_RATE,2026-06,98,97.9,99.9,20,19.98,PRODUCTION
EMP0038,DEFECT_RATE,2026-06,2,2.1,95.44,10,9.54,PRODUCTION
EMP0038,SAFETY_INCIDENTS,2026-06,0,0,150,10,15,PRODUCTION
EMP0039,ATTENDANCE_RATE,2026-06,95,90.91,95.69,20,19.14,ATTENDANCE
EMP0039,PUNCTUALITY,2026-06,90,75,83.33,10,8.33,ATTENDANCE
EMP0039,PRODUCTION_TARGET_ACHIEVEMENT,2026-06,100,80.04,80.04,30,24.01,PRODUCTION
EMP0039,QUALITY_RATE,2026-06,98,96.6,98.57,20,19.71,PRODUCTION
EMP0039,DEFECT_RATE,2026-06,2,3.4,58.74,10,5.87,PRODUCTION
EMP0039,SAFETY_INCIDENTS,2026-06,0,1,100,10,10,PRODUCTION
EMP0040,ATTENDANCE_RATE,2026-06,95,68.18,71.77,20,14.35,ATTENDANCE
EMP0040,PUNCTUALITY,2026-06,90,40,44.44,10,4.44,ATTENDANCE
EMP0040,PRODUCTION_TARGET_ACHIEVEMENT,2026-06,100,76.16,76.16,30,22.85,PRODUCTION
EMP0040,QUALITY_RATE,2026-06,98,97.47,99.46,20,19.89,PRODUCTION
EMP0040,DEFECT_RATE,2026-06,2,2.53,79.07,10,7.91,PRODUCTION
EMP0040,SAFETY_INCIDENTS,2026-06,0,0,150,10,15,PRODUCTION
EMP0041,ATTENDANCE_RATE,2026-06,95,90.91,95.69,20,19.14,ATTENDANCE
EMP0041,PUNCTUALITY,2026-06,90,45,50,10,5,ATTENDANCE
EMP0041,PRODUCTION_TARGET_ACHIEVEMENT,2026-06,100,71.67,71.67,30,21.5,PRODUCTION
EMP0041,QUALITY_RATE,2026-06,98,96.78,98.75,20,19.75,PRODUCTION
EMP0041,DEFECT_RATE,2026-06,2,3.22,62.04,10,6.2,PRODUCTION
EMP0041,SAFETY_INCIDENTS,2026-06,0,0,150,10,15,PRODUCTION
EMP0042,ATTENDANCE_RATE,2026-06,95,81.82,86.12,20,17.22,ATTENDANCE
EMP0042,PUNCTUALITY,2026-06,90,55.56,61.73,10,6.17,ATTENDANCE
EMP0042,PRODUCTION_TARGET_ACHIEVEMENT,2026-06,100,68.55,68.55,30,20.57,PRODUCTION
EMP0042,QUALITY_RATE,2026-06,98,96.79,98.77,20,19.75,PRODUCTION
EMP0042,DEFECT_RATE,2026-06,2,3.21,62.31,10,6.23,PRODUCTION
EMP0042,SAFETY_INCIDENTS,2026-06,0,0,150,10,15,PRODUCTION
EMP0043,ATTENDANCE_RATE,2026-06,95,100,105.26,20,21.05,ATTENDANCE
EMP0043,PUNCTUALITY,2026-06,90,86.36,95.96,10,9.6,ATTENDANCE
EMP0043,PRODUCTION_TARGET_ACHIEVEMENT,2026-06,100,69.24,69.24,30,20.77,PRODUCTION
EMP0043,QUALITY_RATE,2026-06,98,96.6,98.57,20,19.71,PRODUCTION
EMP0043,DEFECT_RATE,2026-06,2,3.4,58.85,10,5.89,PRODUCTION
EMP0043,SAFETY_INCIDENTS,2026-06,0,0,150,10,15,PRODUCTION
EMP0044,ATTENDANCE_RATE,2026-06,95,86.36,90.91,20,18.18,ATTENDANCE
EMP0044,PUNCTUALITY,2026-06,90,63.16,70.18,10,7.02,ATTENDANCE
EMP0044,PRODUCTION_TARGET_ACHIEVEMENT,2026-06,100,116.92,116.92,30,35.08,PRODUCTION
EMP0044,QUALITY_RATE,2026-06,98,98.87,100.89,20,20.18,PRODUCTION
EMP0044,DEFECT_RATE,2026-06,2,1.13,150,10,15,PRODUCTION
EMP0044,SAFETY_INCIDENTS,2026-06,0,0,150,10,15,PRODUCTION
EMP0045,ATTENDANCE_RATE,2026-06,95,81.82,86.12,20,17.22,ATTENDANCE
EMP0045,PUNCTUALITY,2026-06,90,77.78,86.42,10,8.64,ATTENDANCE
EMP0045,PRODUCTION_TARGET_ACHIEVEMENT,2026-06,100,66.56,66.56,30,19.97,PRODUCTION
EMP0045,QUALITY_RATE,2026-06,98,96.59,98.56,20,19.71,PRODUCTION
EMP0045,DEFECT_RATE,2026-06,2,3.41,58.62,10,5.86,PRODUCTION
EMP0045,SAFETY_INCIDENTS,2026-06,0,1,100,10,10,PRODUCTION
EMP0046,ATTENDANCE_RATE,2026-06,95,100,105.26,20,21.05,ATTENDANCE
EMP0046,PUNCTUALITY,2026-06,90,95.45,106.06,10,10.61,ATTENDANCE
EMP0046,PRODUCTION_TARGET_ACHIEVEMENT,2026-06,100,48.51,48.51,30,14.55,PRODUCTION
EMP0046,QUALITY_RATE,2026-06,98,90.53,92.37,20,18.47,PRODUCTION
EMP0046,DEFECT_RATE,2026-06,2,9.47,21.11,10,2.11,PRODUCTION
EMP0046,SAFETY_INCIDENTS,2026-06,0,0,150,10,15,PRODUCTION
EMP0047,ATTENDANCE_RATE,2026-06,95,86.36,90.91,20,18.18,ATTENDANCE
EMP0047,PUNCTUALITY,2026-06,90,63.16,70.18,10,7.02,ATTENDANCE
EMP0047,PRODUCTION_TARGET_ACHIEVEMENT,2026-06,100,73.6,73.6,30,22.08,PRODUCTION
EMP0047,QUALITY_RATE,2026-06,98,96.85,98.82,20,19.76,PRODUCTION
EMP0047,DEFECT_RATE,2026-06,2,3.15,63.41,10,6.34,PRODUCTION
EMP0047,SAFETY_INCIDENTS,2026-06,0,0,150,10,15,PRODUCTION
EMP0049,ATTENDANCE_RATE,2026-06,95,86.36,90.91,15,13.64,ATTENDANCE
EMP0049,QUALITY_RATE,2026-06,98,0,0,25,0,PRODUCTION
EMP0049,DEFECT_RATE,2026-06,2,0,150,20,30,PRODUCTION
EMP0049,MANAGEMENT_EFFECTIVENESS,2026-06,90,50.49,56.1,40,22.44,MANUAL
EMP0050,ATTENDANCE_RATE,2026-06,95,81.82,86.12,20,17.22,ATTENDANCE
EMP0050,PUNCTUALITY,2026-06,90,66.67,74.07,15,11.11,ATTENDANCE
EMP0050,QUALITY_RATE,2026-06,98,0,0,35,0,PRODUCTION
EMP0050,DEFECT_RATE,2026-06,2,0,150,30,45,PRODUCTION
EMP0051,ATTENDANCE_RATE,2026-06,95,68.18,71.77,20,14.35,ATTENDANCE
EMP0051,PUNCTUALITY,2026-06,90,53.33,59.26,15,8.89,ATTENDANCE
EMP0051,QUALITY_RATE,2026-06,98,0,0,35,0,PRODUCTION
EMP0051,DEFECT_RATE,2026-06,2,0,150,30,45,PRODUCTION
EMP0052,ATTENDANCE_RATE,2026-06,95,95.45,100.48,20,20.1,ATTENDANCE
EMP0052,PUNCTUALITY,2026-06,90,66.67,74.07,15,11.11,ATTENDANCE
EMP0052,QUALITY_RATE,2026-06,98,0,0,35,0,PRODUCTION
EMP0052,DEFECT_RATE,2026-06,2,0,150,30,45,PRODUCTION
EMP0054,ATTENDANCE_RATE,2026-06,95,100,105.26,20,21.05,ATTENDANCE
EMP0054,PUNCTUALITY,2026-06,90,86.36,95.96,15,14.39,ATTENDANCE
EMP0054,QUALITY_RATE,2026-06,98,0,0,35,0,PRODUCTION
EMP0054,DEFECT_RATE,2026-06,2,0,150,30,45,PRODUCTION
EMP0055,ATTENDANCE_RATE,2026-06,95,81.82,86.12,20,17.22,ATTENDANCE
EMP0055,PUNCTUALITY,2026-06,90,72.22,80.25,15,12.04,ATTENDANCE
EMP0055,QUALITY_RATE,2026-06,98,0,0,35,0,PRODUCTION
EMP0055,DEFECT_RATE,2026-06,2,0,150,30,45,PRODUCTION
EMP0057,ATTENDANCE_RATE,2026-06,95,100,105.26,20,21.05,ATTENDANCE
EMP0057,PUNCTUALITY,2026-06,90,72.73,80.81,15,12.12,ATTENDANCE
EMP0057,QUALITY_RATE,2026-06,98,0,0,35,0,PRODUCTION
EMP0057,DEFECT_RATE,2026-06,2,0,150,30,45,PRODUCTION
EMP0059,ATTENDANCE_RATE,2026-06,95,90.91,95.69,20,19.14,ATTENDANCE
EMP0059,PUNCTUALITY,2026-06,90,75,83.33,15,12.5,ATTENDANCE
EMP0059,QUALITY_RATE,2026-06,98,0,0,35,0,PRODUCTION
EMP0059,DEFECT_RATE,2026-06,2,0,150,30,45,PRODUCTION
EMP0060,ATTENDANCE_RATE,2026-06,95,100,105.26,20,21.05,ATTENDANCE
EMP0060,PUNCTUALITY,2026-06,90,77.27,85.86,15,12.88,ATTENDANCE
EMP0060,QUALITY_RATE,2026-06,98,0,0,35,0,PRODUCTION
EMP0060,DEFECT_RATE,2026-06,2,0,150,30,45,PRODUCTION
EMP0061,ATTENDANCE_RATE,2026-06,95,90.91,95.69,15,14.35,ATTENDANCE
EMP0061,TASK_COMPLETION_RATE,2026-06,95,71.69,75.46,25,18.86,MANUAL
EMP0061,COST_EFFICIENCY,2026-06,90,72.07,80.08,20,16.02,MANUAL
EMP0061,MANAGEMENT_EFFECTIVENESS,2026-06,90,66.53,73.92,40,29.57,MANUAL
EMP0062,ATTENDANCE_RATE,2026-06,95,81.82,86.12,30,25.84,ATTENDANCE
EMP0062,PUNCTUALITY,2026-06,90,55.56,61.73,20,12.35,ATTENDANCE
EMP0062,TASK_COMPLETION_RATE,2026-06,95,67.72,71.28,30,21.38,MANUAL
EMP0062,COST_EFFICIENCY,2026-06,90,60.26,66.96,20,13.39,MANUAL
EMP0063,ATTENDANCE_RATE,2026-06,95,77.27,81.34,30,24.4,ATTENDANCE
EMP0063,PUNCTUALITY,2026-06,90,64.71,71.9,20,14.38,ATTENDANCE
EMP0063,TASK_COMPLETION_RATE,2026-06,95,49.85,52.47,30,15.74,MANUAL
EMP0063,COST_EFFICIENCY,2026-06,90,50.56,56.18,20,11.24,MANUAL
EMP0064,ATTENDANCE_RATE,2026-06,95,86.36,90.91,30,27.27,ATTENDANCE
EMP0064,PUNCTUALITY,2026-06,90,84.21,93.57,20,18.71,ATTENDANCE
EMP0064,TASK_COMPLETION_RATE,2026-06,95,67.96,71.54,30,21.46,MANUAL
EMP0064,COST_EFFICIENCY,2026-06,90,61.76,68.62,20,13.72,MANUAL
EMP0065,ATTENDANCE_RATE,2026-06,95,90.91,95.69,30,28.71,ATTENDANCE
EMP0065,PUNCTUALITY,2026-06,90,85,94.44,20,18.89,ATTENDANCE
EMP0065,TASK_COMPLETION_RATE,2026-06,95,96.87,101.97,30,30.59,MANUAL
EMP0065,COST_EFFICIENCY,2026-06,90,88.99,98.88,20,19.78,MANUAL
EMP0066,ATTENDANCE_RATE,2026-06,95,90.91,95.69,30,28.71,ATTENDANCE
EMP0066,PUNCTUALITY,2026-06,90,60,66.67,20,13.33,ATTENDANCE
EMP0066,TASK_COMPLETION_RATE,2026-06,95,52.36,55.12,30,16.54,MANUAL
EMP0066,COST_EFFICIENCY,2026-06,90,48.2,53.56,20,10.71,MANUAL
EMP0067,ATTENDANCE_RATE,2026-06,95,100,105.26,30,31.58,ATTENDANCE
EMP0067,PUNCTUALITY,2026-06,90,90.91,101.01,20,20.2,ATTENDANCE
EMP0067,TASK_COMPLETION_RATE,2026-06,95,72.2,76,30,22.8,MANUAL
EMP0067,COST_EFFICIENCY,2026-06,90,64.3,71.44,20,14.29,MANUAL
EMP0068,ATTENDANCE_RATE,2026-06,95,77.27,81.34,30,24.4,ATTENDANCE
EMP0068,PUNCTUALITY,2026-06,90,82.35,91.5,20,18.3,ATTENDANCE
EMP0068,TASK_COMPLETION_RATE,2026-06,95,75.41,79.38,30,23.81,MANUAL
EMP0068,COST_EFFICIENCY,2026-06,90,75.82,84.24,20,16.85,MANUAL
EMP0069,ATTENDANCE_RATE,2026-06,95,90.91,95.69,30,28.71,ATTENDANCE
EMP0069,PUNCTUALITY,2026-06,90,65,72.22,20,14.44,ATTENDANCE
EMP0069,TASK_COMPLETION_RATE,2026-06,95,70.82,74.55,30,22.37,MANUAL
EMP0069,COST_EFFICIENCY,2026-06,90,63.26,70.29,20,14.06,MANUAL
EMP0070,ATTENDANCE_RATE,2026-06,95,95.45,100.48,30,30.14,ATTENDANCE
EMP0070,PUNCTUALITY,2026-06,90,85.71,95.24,20,19.05,ATTENDANCE
EMP0070,TASK_COMPLETION_RATE,2026-06,95,70.74,74.46,30,22.34,MANUAL
EMP0070,COST_EFFICIENCY,2026-06,90,61.1,67.89,20,13.58,MANUAL
EMP0071,ATTENDANCE_RATE,2026-06,95,95.45,100.48,15,15.07,ATTENDANCE
EMP0071,TASK_COMPLETION_RATE,2026-06,95,78.28,82.4,25,20.6,MANUAL
EMP0071,COST_EFFICIENCY,2026-06,90,69.12,76.8,20,15.36,MANUAL
EMP0071,MANAGEMENT_EFFECTIVENESS,2026-06,90,70.56,78.4,40,31.36,MANUAL
EMP0072,ATTENDANCE_RATE,2026-06,95,100,105.26,30,31.58,ATTENDANCE
EMP0072,PUNCTUALITY,2026-06,90,59.09,65.66,20,13.13,ATTENDANCE
EMP0072,TASK_COMPLETION_RATE,2026-06,95,42.86,45.12,35,15.79,MANUAL
EMP0072,COST_EFFICIENCY,2026-06,90,45.36,50.4,15,7.56,MANUAL
EMP0073,ATTENDANCE_RATE,2026-06,95,95.45,100.48,30,30.14,ATTENDANCE
EMP0073,PUNCTUALITY,2026-06,90,61.9,68.78,20,13.76,ATTENDANCE
EMP0073,TASK_COMPLETION_RATE,2026-06,95,71.25,75,35,26.25,MANUAL
EMP0073,COST_EFFICIENCY,2026-06,90,64.13,71.25,15,10.69,MANUAL
EMP0075,ATTENDANCE_RATE,2026-06,95,95.45,100.48,30,30.14,ATTENDANCE
EMP0075,PUNCTUALITY,2026-06,90,61.9,68.78,20,13.76,ATTENDANCE
EMP0075,TASK_COMPLETION_RATE,2026-06,95,70.74,74.46,35,26.06,MANUAL
EMP0075,COST_EFFICIENCY,2026-06,90,68.33,75.92,15,11.39,MANUAL
EMP0076,ATTENDANCE_RATE,2026-06,95,95.45,100.48,30,30.14,ATTENDANCE
EMP0076,PUNCTUALITY,2026-06,90,66.67,74.07,20,14.81,ATTENDANCE
EMP0076,TASK_COMPLETION_RATE,2026-06,95,67.27,70.81,35,24.78,MANUAL
EMP0076,COST_EFFICIENCY,2026-06,90,63.07,70.08,15,10.51,MANUAL
EMP0077,ATTENDANCE_RATE,2026-06,95,90.91,95.69,30,28.71,ATTENDANCE
EMP0077,PUNCTUALITY,2026-06,90,65,72.22,20,14.44,ATTENDANCE
EMP0077,TASK_COMPLETION_RATE,2026-06,95,66.1,69.58,35,24.35,MANUAL
EMP0077,COST_EFFICIENCY,2026-06,90,64.54,71.71,15,10.76,MANUAL
EMP0078,ATTENDANCE_RATE,2026-06,95,100,105.26,30,31.58,ATTENDANCE
EMP0078,PUNCTUALITY,2026-06,90,95.45,106.06,20,21.21,ATTENDANCE
EMP0078,TASK_COMPLETION_RATE,2026-06,95,65.83,69.3,35,24.26,MANUAL
EMP0078,COST_EFFICIENCY,2026-06,90,62.37,69.3,15,10.4,MANUAL
EMP0079,ATTENDANCE_RATE,2026-06,95,86.36,90.91,30,27.27,ATTENDANCE
EMP0079,PUNCTUALITY,2026-06,90,73.68,81.87,20,16.37,ATTENDANCE
EMP0079,TASK_COMPLETION_RATE,2026-06,95,64.98,68.4,35,23.94,MANUAL
EMP0079,COST_EFFICIENCY,2026-06,90,68.04,75.6,15,11.34,MANUAL
EMP0080,ATTENDANCE_RATE,2026-06,95,95.45,100.48,30,30.14,ATTENDANCE
EMP0080,PUNCTUALITY,2026-06,90,71.43,79.37,20,15.87,ATTENDANCE
EMP0080,TASK_COMPLETION_RATE,2026-06,95,92.64,97.52,35,34.13,MANUAL
EMP0080,COST_EFFICIENCY,2026-06,90,88.72,98.58,15,14.79,MANUAL
EMP0081,ATTENDANCE_RATE,2026-06,95,81.82,86.12,30,25.84,ATTENDANCE
EMP0081,PUNCTUALITY,2026-06,90,72.22,80.25,20,16.05,ATTENDANCE
EMP0081,TASK_COMPLETION_RATE,2026-06,95,77.9,82,35,28.7,MANUAL
EMP0081,COST_EFFICIENCY,2026-06,90,71.59,79.54,15,11.93,MANUAL
EMP0082,ATTENDANCE_RATE,2026-06,95,77.27,81.34,30,24.4,ATTENDANCE
EMP0082,PUNCTUALITY,2026-06,90,88.24,98.04,20,19.61,ATTENDANCE
EMP0082,TASK_COMPLETION_RATE,2026-06,95,78.68,82.82,35,28.99,MANUAL
EMP0082,COST_EFFICIENCY,2026-06,90,76.01,84.46,15,12.67,MANUAL
EMP0083,ATTENDANCE_RATE,2026-06,95,100,105.26,15,15.79,ATTENDANCE
EMP0083,TASK_COMPLETION_RATE,2026-06,95,75.05,79,35,27.65,MANUAL
EMP0083,MANAGEMENT_EFFECTIVENESS,2026-06,90,66.83,74.26,50,37.13,MANUAL
EMP0084,ATTENDANCE_RATE,2026-06,95,72.73,76.56,30,22.97,ATTENDANCE
EMP0084,PUNCTUALITY,2026-06,90,62.5,69.44,20,13.89,ATTENDANCE
EMP0084,TASK_COMPLETION_RATE,2026-06,95,67.83,71.4,50,35.7,MANUAL
EMP0085,ATTENDANCE_RATE,2026-06,95,90.91,95.69,30,28.71,ATTENDANCE
EMP0085,PUNCTUALITY,2026-06,90,75,83.33,20,16.67,ATTENDANCE
EMP0085,TASK_COMPLETION_RATE,2026-06,95,78.55,82.68,50,41.34,MANUAL
EMP0086,ATTENDANCE_RATE,2026-06,95,95.45,100.48,30,30.14,ATTENDANCE
EMP0086,PUNCTUALITY,2026-06,90,100,111.11,20,22.22,ATTENDANCE
EMP0086,TASK_COMPLETION_RATE,2026-06,95,69.12,72.76,50,36.38,MANUAL
EMP0087,ATTENDANCE_RATE,2026-06,95,90.91,95.69,30,28.71,ATTENDANCE
EMP0087,PUNCTUALITY,2026-06,90,70,77.78,20,15.56,ATTENDANCE
EMP0087,TASK_COMPLETION_RATE,2026-06,95,77.06,81.12,50,40.56,MANUAL
EMP0088,ATTENDANCE_RATE,2026-06,95,95.45,100.48,30,30.14,ATTENDANCE
EMP0088,PUNCTUALITY,2026-06,90,57.14,63.49,20,12.7,ATTENDANCE
EMP0088,TASK_COMPLETION_RATE,2026-06,95,72.62,76.44,50,38.22,MANUAL
EMP0089,ATTENDANCE_RATE,2026-06,95,90.91,95.69,30,28.71,ATTENDANCE
EMP0089,PUNCTUALITY,2026-06,90,85,94.44,20,18.89,ATTENDANCE
EMP0089,TASK_COMPLETION_RATE,2026-06,95,62.73,66.03,50,33.02,MANUAL
EMP0090,ATTENDANCE_RATE,2026-06,95,86.36,90.91,30,27.27,ATTENDANCE
EMP0090,PUNCTUALITY,2026-06,90,73.68,81.87,20,16.37,ATTENDANCE
EMP0090,TASK_COMPLETION_RATE,2026-06,95,79.64,83.83,50,41.92,MANUAL
EMP0091,ATTENDANCE_RATE,2026-06,95,95.45,100.48,10,10.05,ATTENDANCE
EMP0091,TASK_COMPLETION_RATE,2026-06,95,70.14,73.83,20,14.77,MANUAL
EMP0091,COST_EFFICIENCY,2026-06,90,64.58,71.76,25,17.94,MANUAL
EMP0091,MANAGEMENT_EFFECTIVENESS,2026-06,90,63.96,71.07,45,31.98,MANUAL
EMP0092,ATTENDANCE_RATE,2026-06,95,100,105.26,25,26.32,ATTENDANCE
EMP0092,PUNCTUALITY,2026-06,90,95.45,106.06,15,15.91,ATTENDANCE
EMP0092,TASK_COMPLETION_RATE,2026-06,95,69.08,72.72,30,21.82,MANUAL
EMP0092,COST_EFFICIENCY,2026-06,90,60.26,66.96,30,20.09,MANUAL
EMP0093,ATTENDANCE_RATE,2026-06,95,90.91,95.69,25,23.92,ATTENDANCE
EMP0093,PUNCTUALITY,2026-06,90,80,88.89,15,13.33,ATTENDANCE
EMP0093,TASK_COMPLETION_RATE,2026-06,95,72.92,76.76,30,23.03,MANUAL
EMP0093,COST_EFFICIENCY,2026-06,90,66.35,73.72,30,22.12,MANUAL
EMP0094,ATTENDANCE_RATE,2026-06,95,86.36,90.91,25,22.73,ATTENDANCE
EMP0094,PUNCTUALITY,2026-06,90,73.68,81.87,15,12.28,ATTENDANCE
EMP0094,TASK_COMPLETION_RATE,2026-06,95,71.5,75.26,30,22.58,MANUAL
EMP0094,COST_EFFICIENCY,2026-06,90,63.9,71,30,21.3,MANUAL
EMP0095,ATTENDANCE_RATE,2026-06,95,95.45,100.48,25,25.12,ATTENDANCE
EMP0095,PUNCTUALITY,2026-06,90,90.48,100.53,15,15.08,ATTENDANCE
EMP0095,TASK_COMPLETION_RATE,2026-06,95,61.85,65.1,30,19.53,MANUAL
EMP0095,COST_EFFICIENCY,2026-06,90,61.11,67.9,30,20.37,MANUAL
EMP0096,ATTENDANCE_RATE,2026-06,95,77.27,81.34,25,20.34,ATTENDANCE
EMP0096,PUNCTUALITY,2026-06,90,58.82,65.36,15,9.8,ATTENDANCE
EMP0096,TASK_COMPLETION_RATE,2026-06,95,100,105.26,30,31.58,MANUAL
EMP0096,COST_EFFICIENCY,2026-06,90,95.4,106,30,31.8,MANUAL
EMP0097,ATTENDANCE_RATE,2026-06,95,100,105.26,25,26.32,ATTENDANCE
EMP0097,PUNCTUALITY,2026-06,90,72.73,80.81,15,12.12,ATTENDANCE
EMP0097,TASK_COMPLETION_RATE,2026-06,95,92.96,97.85,30,29.36,MANUAL
EMP0097,COST_EFFICIENCY,2026-06,90,90.85,100.94,30,30.28,MANUAL
EMP0098,ATTENDANCE_RATE,2026-06,95,100,105.26,25,26.32,ATTENDANCE
EMP0098,PUNCTUALITY,2026-06,90,100,111.11,15,16.67,ATTENDANCE
EMP0098,TASK_COMPLETION_RATE,2026-06,95,78.06,82.17,30,24.65,MANUAL
EMP0098,COST_EFFICIENCY,2026-06,90,77.69,86.32,30,25.9,MANUAL
EMP0099,ATTENDANCE_RATE,2026-06,95,95.45,100.48,25,25.12,ATTENDANCE
EMP0099,PUNCTUALITY,2026-06,90,76.19,84.66,15,12.7,ATTENDANCE
EMP0099,TASK_COMPLETION_RATE,2026-06,95,78.49,82.62,30,24.79,MANUAL
EMP0099,COST_EFFICIENCY,2026-06,90,76.55,85.05,30,25.52,MANUAL
EMP0100,ATTENDANCE_RATE,2026-06,95,95.45,100.48,25,25.12,ATTENDANCE
EMP0100,PUNCTUALITY,2026-06,90,61.9,68.78,15,10.32,ATTENDANCE
EMP0100,TASK_COMPLETION_RATE,2026-06,95,39.9,42,30,12.6,MANUAL
EMP0100,COST_EFFICIENCY,2026-06,90,38.18,42.42,30,12.73,MANUAL
EMP0001,ATTENDANCE_RATE,2026-07,95,91.3,96.11,10,9.61,ATTENDANCE
EMP0001,MANAGEMENT_EFFECTIVENESS,2026-07,90,71.38,79.31,90,71.38,MANUAL
EMP0002,ATTENDANCE_RATE,2026-07,95,73.91,77.8,15,11.67,ATTENDANCE
EMP0002,TASK_COMPLETION_RATE,2026-07,95,81.56,85.85,35,30.05,MANUAL
EMP0002,MANAGEMENT_EFFECTIVENESS,2026-07,90,80.33,89.25,50,44.63,MANUAL
EMP0003,ATTENDANCE_RATE,2026-07,95,82.61,86.96,35,30.44,ATTENDANCE
EMP0003,PUNCTUALITY,2026-07,90,52.63,58.48,25,14.62,ATTENDANCE
EMP0003,TASK_COMPLETION_RATE,2026-07,95,88.41,93.06,40,37.22,MANUAL
EMP0004,ATTENDANCE_RATE,2026-07,95,100,105.26,35,36.84,ATTENDANCE
EMP0004,PUNCTUALITY,2026-07,90,100,111.11,25,27.78,ATTENDANCE
EMP0004,TASK_COMPLETION_RATE,2026-07,95,82,86.32,40,34.53,MANUAL
EMP0005,ATTENDANCE_RATE,2026-07,95,100,105.26,35,36.84,ATTENDANCE
EMP0005,PUNCTUALITY,2026-07,90,65.22,72.46,25,18.11,ATTENDANCE
EMP0005,TASK_COMPLETION_RATE,2026-07,95,80.24,84.46,40,33.78,MANUAL
EMP0006,ATTENDANCE_RATE,2026-07,95,86.96,91.53,35,32.04,ATTENDANCE
EMP0006,PUNCTUALITY,2026-07,90,65,72.22,25,18.06,ATTENDANCE
EMP0006,TASK_COMPLETION_RATE,2026-07,95,92.77,97.65,40,39.06,MANUAL
EMP0007,ATTENDANCE_RATE,2026-07,95,100,105.26,35,36.84,ATTENDANCE
EMP0007,PUNCTUALITY,2026-07,90,95.65,106.28,25,26.57,ATTENDANCE
EMP0007,TASK_COMPLETION_RATE,2026-07,95,100,105.26,40,42.1,MANUAL
EMP0008,ATTENDANCE_RATE,2026-07,95,78.26,82.38,35,28.83,ATTENDANCE
EMP0008,PUNCTUALITY,2026-07,90,77.78,86.42,25,21.61,ATTENDANCE
EMP0008,TASK_COMPLETION_RATE,2026-07,95,71.3,75.05,40,30.02,MANUAL
EMP0009,ATTENDANCE_RATE,2026-07,95,95.65,100.69,15,15.1,ATTENDANCE
EMP0009,PRODUCTION_TARGET_ACHIEVEMENT,2026-07,100,82.4,82.4,25,20.6,PRODUCTION
EMP0009,QUALITY_RATE,2026-07,98,95.56,97.51,15,14.63,PRODUCTION
EMP0009,DEFECT_RATE,2026-07,2,4.44,45.05,10,4.51,PRODUCTION
EMP0009,SAFETY_INCIDENTS,2026-07,0,1,100,10,10,PRODUCTION
EMP0009,MANAGEMENT_EFFECTIVENESS,2026-07,90,50.11,55.68,25,13.92,MANUAL
EMP0010,ATTENDANCE_RATE,2026-07,95,91.3,96.11,20,19.22,ATTENDANCE
EMP0010,PUNCTUALITY,2026-07,90,66.67,74.07,10,7.41,ATTENDANCE
EMP0010,PRODUCTION_TARGET_ACHIEVEMENT,2026-07,100,56.34,56.34,30,16.9,PRODUCTION
EMP0010,QUALITY_RATE,2026-07,98,89.32,91.14,20,18.23,PRODUCTION
EMP0010,DEFECT_RATE,2026-07,2,10.68,18.73,10,1.87,PRODUCTION
EMP0010,SAFETY_INCIDENTS,2026-07,0,0,150,10,15,PRODUCTION
EMP0011,ATTENDANCE_RATE,2026-07,95,95.65,100.69,20,20.14,ATTENDANCE
EMP0011,PUNCTUALITY,2026-07,90,68.18,75.76,10,7.58,ATTENDANCE
EMP0011,PRODUCTION_TARGET_ACHIEVEMENT,2026-07,100,78.99,78.99,30,23.7,PRODUCTION
EMP0011,QUALITY_RATE,2026-07,98,97.98,99.98,20,20,PRODUCTION
EMP0011,DEFECT_RATE,2026-07,2,2.02,99.07,10,9.91,PRODUCTION
EMP0011,SAFETY_INCIDENTS,2026-07,0,0,150,10,15,PRODUCTION
EMP0012,ATTENDANCE_RATE,2026-07,95,86.96,91.53,20,18.31,ATTENDANCE
EMP0012,PUNCTUALITY,2026-07,90,85,94.44,10,9.44,ATTENDANCE
EMP0012,PRODUCTION_TARGET_ACHIEVEMENT,2026-07,100,73.46,73.46,30,22.04,PRODUCTION
EMP0012,QUALITY_RATE,2026-07,98,97.85,99.84,20,19.97,PRODUCTION
EMP0012,DEFECT_RATE,2026-07,2,2.15,92.84,10,9.28,PRODUCTION
EMP0012,SAFETY_INCIDENTS,2026-07,0,0,150,10,15,PRODUCTION
EMP0013,ATTENDANCE_RATE,2026-07,95,95.65,100.69,20,20.14,ATTENDANCE
EMP0013,PUNCTUALITY,2026-07,90,63.64,70.71,10,7.07,ATTENDANCE
EMP0013,PRODUCTION_TARGET_ACHIEVEMENT,2026-07,100,101.75,101.75,30,30.53,PRODUCTION
EMP0013,QUALITY_RATE,2026-07,98,99.66,101.69,20,20.34,PRODUCTION
EMP0013,DEFECT_RATE,2026-07,2,0.34,150,10,15,PRODUCTION
EMP0013,SAFETY_INCIDENTS,2026-07,0,0,150,10,15,PRODUCTION
EMP0014,ATTENDANCE_RATE,2026-07,95,86.96,91.53,20,18.31,ATTENDANCE
EMP0014,PUNCTUALITY,2026-07,90,85,94.44,10,9.44,ATTENDANCE
EMP0014,PRODUCTION_TARGET_ACHIEVEMENT,2026-07,100,77.45,77.45,30,23.24,PRODUCTION
EMP0014,QUALITY_RATE,2026-07,98,95.82,97.78,20,19.56,PRODUCTION
EMP0014,DEFECT_RATE,2026-07,2,4.18,47.89,10,4.79,PRODUCTION
EMP0014,SAFETY_INCIDENTS,2026-07,0,0,150,10,15,PRODUCTION
EMP0015,ATTENDANCE_RATE,2026-07,95,91.3,96.11,20,19.22,ATTENDANCE
EMP0015,PUNCTUALITY,2026-07,90,61.9,68.78,10,6.88,ATTENDANCE
EMP0015,PRODUCTION_TARGET_ACHIEVEMENT,2026-07,100,73.91,73.91,30,22.17,PRODUCTION
EMP0015,QUALITY_RATE,2026-07,98,96.49,98.46,20,19.69,PRODUCTION
EMP0015,DEFECT_RATE,2026-07,2,3.51,56.95,10,5.7,PRODUCTION
EMP0015,SAFETY_INCIDENTS,2026-07,0,0,150,10,15,PRODUCTION
EMP0016,ATTENDANCE_RATE,2026-07,95,91.3,96.11,20,19.22,ATTENDANCE
EMP0016,PUNCTUALITY,2026-07,90,57.14,63.49,10,6.35,ATTENDANCE
EMP0016,PRODUCTION_TARGET_ACHIEVEMENT,2026-07,100,70.32,70.32,30,21.1,PRODUCTION
EMP0016,QUALITY_RATE,2026-07,98,96.61,98.58,20,19.72,PRODUCTION
EMP0016,DEFECT_RATE,2026-07,2,3.39,59.04,10,5.9,PRODUCTION
EMP0016,SAFETY_INCIDENTS,2026-07,0,0,150,10,15,PRODUCTION
EMP0017,ATTENDANCE_RATE,2026-07,95,82.61,86.96,20,17.39,ATTENDANCE
EMP0017,PUNCTUALITY,2026-07,90,68.42,76.02,10,7.6,ATTENDANCE
EMP0017,PRODUCTION_TARGET_ACHIEVEMENT,2026-07,100,76.63,76.63,30,22.99,PRODUCTION
EMP0017,QUALITY_RATE,2026-07,98,95.56,97.51,20,19.5,PRODUCTION
EMP0017,DEFECT_RATE,2026-07,2,4.44,45.09,10,4.51,PRODUCTION
EMP0017,SAFETY_INCIDENTS,2026-07,0,0,150,10,15,PRODUCTION
EMP0018,ATTENDANCE_RATE,2026-07,95,95.65,100.69,20,20.14,ATTENDANCE
EMP0018,PUNCTUALITY,2026-07,90,86.36,95.96,10,9.6,ATTENDANCE
EMP0018,PRODUCTION_TARGET_ACHIEVEMENT,2026-07,100,62.6,62.6,30,18.78,PRODUCTION
EMP0018,QUALITY_RATE,2026-07,98,95.73,97.69,20,19.54,PRODUCTION
EMP0018,DEFECT_RATE,2026-07,2,4.27,46.87,10,4.69,PRODUCTION
EMP0018,SAFETY_INCIDENTS,2026-07,0,1,100,10,10,PRODUCTION
EMP0019,ATTENDANCE_RATE,2026-07,95,95.65,100.69,20,20.14,ATTENDANCE
EMP0019,PUNCTUALITY,2026-07,90,95.45,106.06,10,10.61,ATTENDANCE
EMP0019,PRODUCTION_TARGET_ACHIEVEMENT,2026-07,100,78.48,78.48,30,23.54,PRODUCTION
EMP0019,QUALITY_RATE,2026-07,98,96.63,98.6,20,19.72,PRODUCTION
EMP0019,DEFECT_RATE,2026-07,2,3.37,59.32,10,5.93,PRODUCTION
EMP0019,SAFETY_INCIDENTS,2026-07,0,1,100,10,10,PRODUCTION
EMP0020,ATTENDANCE_RATE,2026-07,95,91.3,96.11,20,19.22,ATTENDANCE
EMP0020,PUNCTUALITY,2026-07,90,80.95,89.95,10,8.99,ATTENDANCE
EMP0020,PRODUCTION_TARGET_ACHIEVEMENT,2026-07,100,68.81,68.81,30,20.64,PRODUCTION
EMP0020,QUALITY_RATE,2026-07,98,96.66,98.63,20,19.73,PRODUCTION
EMP0020,DEFECT_RATE,2026-07,2,3.34,59.82,10,5.98,PRODUCTION
EMP0020,SAFETY_INCIDENTS,2026-07,0,0,150,10,15,PRODUCTION
EMP0021,ATTENDANCE_RATE,2026-07,95,91.3,96.11,20,19.22,ATTENDANCE
EMP0021,PUNCTUALITY,2026-07,90,42.86,47.62,10,4.76,ATTENDANCE
EMP0021,PRODUCTION_TARGET_ACHIEVEMENT,2026-07,100,109.67,109.67,30,32.9,PRODUCTION
EMP0021,QUALITY_RATE,2026-07,98,98.53,100.54,20,20.11,PRODUCTION
EMP0021,DEFECT_RATE,2026-07,2,1.47,135.63,10,13.56,PRODUCTION
EMP0021,SAFETY_INCIDENTS,2026-07,0,0,150,10,15,PRODUCTION
EMP0022,ATTENDANCE_RATE,2026-07,95,95.65,100.69,20,20.14,ATTENDANCE
EMP0022,PUNCTUALITY,2026-07,90,100,111.11,10,11.11,ATTENDANCE
EMP0022,PRODUCTION_TARGET_ACHIEVEMENT,2026-07,100,66.1,66.1,30,19.83,PRODUCTION
EMP0022,QUALITY_RATE,2026-07,98,96.65,98.62,20,19.72,PRODUCTION
EMP0022,DEFECT_RATE,2026-07,2,3.35,59.67,10,5.97,PRODUCTION
EMP0022,SAFETY_INCIDENTS,2026-07,0,0,150,10,15,PRODUCTION
EMP0023,ATTENDANCE_RATE,2026-07,95,82.61,86.96,20,17.39,ATTENDANCE
EMP0023,PUNCTUALITY,2026-07,90,78.95,87.72,10,8.77,ATTENDANCE
EMP0023,PRODUCTION_TARGET_ACHIEVEMENT,2026-07,100,118.91,118.91,30,35.67,PRODUCTION
EMP0023,QUALITY_RATE,2026-07,98,99.6,101.64,20,20.33,PRODUCTION
EMP0023,DEFECT_RATE,2026-07,2,0.4,150,10,15,PRODUCTION
EMP0023,SAFETY_INCIDENTS,2026-07,0,0,150,10,15,PRODUCTION
EMP0024,ATTENDANCE_RATE,2026-07,95,95.65,100.69,20,20.14,ATTENDANCE
EMP0024,PUNCTUALITY,2026-07,90,90.91,101.01,10,10.1,ATTENDANCE
EMP0024,PRODUCTION_TARGET_ACHIEVEMENT,2026-07,100,75.27,75.27,30,22.58,PRODUCTION
EMP0024,QUALITY_RATE,2026-07,98,95.58,97.53,20,19.51,PRODUCTION
EMP0024,DEFECT_RATE,2026-07,2,4.42,45.22,10,4.52,PRODUCTION
EMP0024,SAFETY_INCIDENTS,2026-07,0,0,150,10,15,PRODUCTION
EMP0025,ATTENDANCE_RATE,2026-07,95,95.65,100.69,20,20.14,ATTENDANCE
EMP0025,PUNCTUALITY,2026-07,90,77.27,85.86,10,8.59,ATTENDANCE
EMP0025,PRODUCTION_TARGET_ACHIEVEMENT,2026-07,100,73.92,73.92,30,22.18,PRODUCTION
EMP0025,QUALITY_RATE,2026-07,98,95.61,97.56,20,19.51,PRODUCTION
EMP0025,DEFECT_RATE,2026-07,2,4.39,45.54,10,4.55,PRODUCTION
EMP0025,SAFETY_INCIDENTS,2026-07,0,0,150,10,15,PRODUCTION
EMP0026,ATTENDANCE_RATE,2026-07,95,95.65,100.69,20,20.14,ATTENDANCE
EMP0026,PUNCTUALITY,2026-07,90,63.64,70.71,10,7.07,ATTENDANCE
EMP0026,PRODUCTION_TARGET_ACHIEVEMENT,2026-07,100,109.95,109.95,30,32.99,PRODUCTION
EMP0026,QUALITY_RATE,2026-07,98,98.69,100.7,20,20.14,PRODUCTION
EMP0026,DEFECT_RATE,2026-07,2,1.31,150,10,15,PRODUCTION
EMP0026,SAFETY_INCIDENTS,2026-07,0,0,150,10,15,PRODUCTION
EMP0027,ATTENDANCE_RATE,2026-07,95,100,105.26,20,21.05,ATTENDANCE
EMP0027,PUNCTUALITY,2026-07,90,73.91,82.13,10,8.21,ATTENDANCE
EMP0027,PRODUCTION_TARGET_ACHIEVEMENT,2026-07,100,108.75,108.75,30,32.63,PRODUCTION
EMP0027,QUALITY_RATE,2026-07,98,98.81,100.82,20,20.16,PRODUCTION
EMP0027,DEFECT_RATE,2026-07,2,1.19,150,10,15,PRODUCTION
EMP0027,SAFETY_INCIDENTS,2026-07,0,0,150,10,15,PRODUCTION
EMP0028,ATTENDANCE_RATE,2026-07,95,91.3,96.11,20,19.22,ATTENDANCE
EMP0028,PUNCTUALITY,2026-07,90,76.19,84.66,10,8.47,ATTENDANCE
EMP0028,PRODUCTION_TARGET_ACHIEVEMENT,2026-07,100,76.25,76.25,30,22.88,PRODUCTION
EMP0028,QUALITY_RATE,2026-07,98,96.53,98.5,20,19.7,PRODUCTION
EMP0028,DEFECT_RATE,2026-07,2,3.47,57.71,10,5.77,PRODUCTION
EMP0028,SAFETY_INCIDENTS,2026-07,0,1,100,10,10,PRODUCTION
EMP0029,ATTENDANCE_RATE,2026-07,95,86.96,91.53,20,18.31,ATTENDANCE
EMP0029,PUNCTUALITY,2026-07,90,65,72.22,10,7.22,ATTENDANCE
EMP0029,PRODUCTION_TARGET_ACHIEVEMENT,2026-07,100,45.32,45.32,30,13.6,PRODUCTION
EMP0029,QUALITY_RATE,2026-07,98,92.7,94.6,20,18.92,PRODUCTION
EMP0029,DEFECT_RATE,2026-07,2,7.3,27.41,10,2.74,PRODUCTION
EMP0029,SAFETY_INCIDENTS,2026-07,0,0,150,10,15,PRODUCTION
EMP0030,ATTENDANCE_RATE,2026-07,95,86.96,91.53,20,18.31,ATTENDANCE
EMP0030,PUNCTUALITY,2026-07,90,70,77.78,10,7.78,ATTENDANCE
EMP0030,PRODUCTION_TARGET_ACHIEVEMENT,2026-07,100,47.78,47.78,30,14.33,PRODUCTION
EMP0030,QUALITY_RATE,2026-07,98,93.58,95.49,20,19.1,PRODUCTION
EMP0030,DEFECT_RATE,2026-07,2,6.42,31.15,10,3.12,PRODUCTION
EMP0030,SAFETY_INCIDENTS,2026-07,0,0,150,10,15,PRODUCTION
EMP0031,ATTENDANCE_RATE,2026-07,95,100,105.26,20,21.05,ATTENDANCE
EMP0031,PUNCTUALITY,2026-07,90,91.3,101.45,10,10.15,ATTENDANCE
EMP0031,PRODUCTION_TARGET_ACHIEVEMENT,2026-07,100,71.11,71.11,30,21.33,PRODUCTION
EMP0031,QUALITY_RATE,2026-07,98,96.68,98.66,20,19.73,PRODUCTION
EMP0031,DEFECT_RATE,2026-07,2,3.32,60.31,10,6.03,PRODUCTION
EMP0031,SAFETY_INCIDENTS,2026-07,0,0,150,10,15,PRODUCTION
EMP0032,ATTENDANCE_RATE,2026-07,95,95.65,100.69,20,20.14,ATTENDANCE
EMP0032,PUNCTUALITY,2026-07,90,72.73,80.81,10,8.08,ATTENDANCE
EMP0032,PRODUCTION_TARGET_ACHIEVEMENT,2026-07,100,111.23,111.23,30,33.37,PRODUCTION
EMP0032,QUALITY_RATE,2026-07,98,98.69,100.7,20,20.14,PRODUCTION
EMP0032,DEFECT_RATE,2026-07,2,1.31,150,10,15,PRODUCTION
EMP0032,SAFETY_INCIDENTS,2026-07,0,0,150,10,15,PRODUCTION
EMP0033,ATTENDANCE_RATE,2026-07,95,73.91,77.8,20,15.56,ATTENDANCE
EMP0033,PUNCTUALITY,2026-07,90,47.06,52.29,10,5.23,ATTENDANCE
EMP0033,PRODUCTION_TARGET_ACHIEVEMENT,2026-07,100,83.43,83.43,30,25.03,PRODUCTION
EMP0033,QUALITY_RATE,2026-07,98,96.67,98.64,20,19.73,PRODUCTION
EMP0033,DEFECT_RATE,2026-07,2,3.33,60.05,10,6.01,PRODUCTION
EMP0033,SAFETY_INCIDENTS,2026-07,0,0,150,10,15,PRODUCTION
EMP0034,ATTENDANCE_RATE,2026-07,95,82.61,86.96,20,17.39,ATTENDANCE
EMP0034,PUNCTUALITY,2026-07,90,57.89,64.33,10,6.43,ATTENDANCE
EMP0034,PRODUCTION_TARGET_ACHIEVEMENT,2026-07,100,74.42,74.42,30,22.33,PRODUCTION
EMP0034,QUALITY_RATE,2026-07,98,96.72,98.7,20,19.74,PRODUCTION
EMP0034,DEFECT_RATE,2026-07,2,3.28,61.04,10,6.1,PRODUCTION
EMP0034,SAFETY_INCIDENTS,2026-07,0,0,150,10,15,PRODUCTION
EMP0035,ATTENDANCE_RATE,2026-07,95,95.65,100.69,20,20.14,ATTENDANCE
EMP0035,PUNCTUALITY,2026-07,90,72.73,80.81,10,8.08,ATTENDANCE
EMP0035,PRODUCTION_TARGET_ACHIEVEMENT,2026-07,100,54.14,54.14,30,16.24,PRODUCTION
EMP0035,QUALITY_RATE,2026-07,98,91.47,93.33,20,18.67,PRODUCTION
EMP0035,DEFECT_RATE,2026-07,2,8.53,23.44,10,2.34,PRODUCTION
EMP0035,SAFETY_INCIDENTS,2026-07,0,0,150,10,15,PRODUCTION
EMP0036,ATTENDANCE_RATE,2026-07,95,82.61,86.96,20,17.39,ATTENDANCE
EMP0036,PUNCTUALITY,2026-07,90,52.63,58.48,10,5.85,ATTENDANCE
EMP0036,PRODUCTION_TARGET_ACHIEVEMENT,2026-07,100,71.18,71.18,30,21.35,PRODUCTION
EMP0036,QUALITY_RATE,2026-07,98,96.73,98.7,20,19.74,PRODUCTION
EMP0036,DEFECT_RATE,2026-07,2,3.27,61.14,10,6.11,PRODUCTION
EMP0036,SAFETY_INCIDENTS,2026-07,0,1,100,10,10,PRODUCTION
EMP0037,ATTENDANCE_RATE,2026-07,95,91.3,96.11,20,19.22,ATTENDANCE
EMP0037,PUNCTUALITY,2026-07,90,90.48,100.53,10,10.05,ATTENDANCE
EMP0037,PRODUCTION_TARGET_ACHIEVEMENT,2026-07,100,72.88,72.88,30,21.86,PRODUCTION
EMP0037,QUALITY_RATE,2026-07,98,97.56,99.55,20,19.91,PRODUCTION
EMP0037,DEFECT_RATE,2026-07,2,2.44,82.04,10,8.2,PRODUCTION
EMP0037,SAFETY_INCIDENTS,2026-07,0,0,150,10,15,PRODUCTION
EMP0038,ATTENDANCE_RATE,2026-07,95,82.61,86.96,20,17.39,ATTENDANCE
EMP0038,PUNCTUALITY,2026-07,90,73.68,81.87,10,8.19,ATTENDANCE
EMP0038,PRODUCTION_TARGET_ACHIEVEMENT,2026-07,100,71.92,71.92,30,21.58,PRODUCTION
EMP0038,QUALITY_RATE,2026-07,98,97.78,99.78,20,19.96,PRODUCTION
EMP0038,DEFECT_RATE,2026-07,2,2.22,90.26,10,9.03,PRODUCTION
EMP0038,SAFETY_INCIDENTS,2026-07,0,0,150,10,15,PRODUCTION
EMP0039,ATTENDANCE_RATE,2026-07,95,95.65,100.69,20,20.14,ATTENDANCE
EMP0039,PUNCTUALITY,2026-07,90,68.18,75.76,10,7.58,ATTENDANCE
EMP0039,PRODUCTION_TARGET_ACHIEVEMENT,2026-07,100,78.39,78.39,30,23.52,PRODUCTION
EMP0039,QUALITY_RATE,2026-07,98,96.84,98.82,20,19.76,PRODUCTION
EMP0039,DEFECT_RATE,2026-07,2,3.16,63.33,10,6.33,PRODUCTION
EMP0039,SAFETY_INCIDENTS,2026-07,0,1,100,10,10,PRODUCTION
EMP0040,ATTENDANCE_RATE,2026-07,95,73.91,77.8,20,15.56,ATTENDANCE
EMP0040,PUNCTUALITY,2026-07,90,52.94,58.82,10,5.88,ATTENDANCE
EMP0040,PRODUCTION_TARGET_ACHIEVEMENT,2026-07,100,76.96,76.96,30,23.09,PRODUCTION
EMP0040,QUALITY_RATE,2026-07,98,97.57,99.56,20,19.91,PRODUCTION
EMP0040,DEFECT_RATE,2026-07,2,2.43,82.35,10,8.24,PRODUCTION
EMP0040,SAFETY_INCIDENTS,2026-07,0,0,150,10,15,PRODUCTION
EMP0041,ATTENDANCE_RATE,2026-07,95,100,105.26,20,21.05,ATTENDANCE
EMP0041,PUNCTUALITY,2026-07,90,78.26,86.96,10,8.7,ATTENDANCE
EMP0041,PRODUCTION_TARGET_ACHIEVEMENT,2026-07,100,71.31,71.31,30,21.39,PRODUCTION
EMP0041,QUALITY_RATE,2026-07,98,96.4,98.37,20,19.67,PRODUCTION
EMP0041,DEFECT_RATE,2026-07,2,3.6,55.6,10,5.56,PRODUCTION
EMP0041,SAFETY_INCIDENTS,2026-07,0,0,150,10,15,PRODUCTION
EMP0042,ATTENDANCE_RATE,2026-07,95,86.96,91.53,20,18.31,ATTENDANCE
EMP0042,PUNCTUALITY,2026-07,90,60,66.67,10,6.67,ATTENDANCE
EMP0042,PRODUCTION_TARGET_ACHIEVEMENT,2026-07,100,70.1,70.1,30,21.03,PRODUCTION
EMP0042,QUALITY_RATE,2026-07,98,96.74,98.71,20,19.74,PRODUCTION
EMP0042,DEFECT_RATE,2026-07,2,3.26,61.3,10,6.13,PRODUCTION
EMP0042,SAFETY_INCIDENTS,2026-07,0,1,100,10,10,PRODUCTION
EMP0043,ATTENDANCE_RATE,2026-07,95,100,105.26,20,21.05,ATTENDANCE
EMP0043,PUNCTUALITY,2026-07,90,95.65,106.28,10,10.63,ATTENDANCE
EMP0043,PRODUCTION_TARGET_ACHIEVEMENT,2026-07,100,69.6,69.6,30,20.88,PRODUCTION
EMP0043,QUALITY_RATE,2026-07,98,97,98.98,20,19.8,PRODUCTION
EMP0043,DEFECT_RATE,2026-07,2,3,66.58,10,6.66,PRODUCTION
EMP0043,SAFETY_INCIDENTS,2026-07,0,1,100,10,10,PRODUCTION
EMP0044,ATTENDANCE_RATE,2026-07,95,95.65,100.69,20,20.14,ATTENDANCE
EMP0044,PUNCTUALITY,2026-07,90,77.27,85.86,10,8.59,ATTENDANCE
EMP0044,PRODUCTION_TARGET_ACHIEVEMENT,2026-07,100,114.21,114.21,30,34.26,PRODUCTION
EMP0044,QUALITY_RATE,2026-07,98,98.88,100.9,20,20.18,PRODUCTION
EMP0044,DEFECT_RATE,2026-07,2,1.12,150,10,15,PRODUCTION
EMP0044,SAFETY_INCIDENTS,2026-07,0,0,150,10,15,PRODUCTION
EMP0045,ATTENDANCE_RATE,2026-07,95,91.3,96.11,20,19.22,ATTENDANCE
EMP0045,PUNCTUALITY,2026-07,90,76.19,84.66,10,8.47,ATTENDANCE
EMP0045,PRODUCTION_TARGET_ACHIEVEMENT,2026-07,100,66.39,66.39,30,19.92,PRODUCTION
EMP0045,QUALITY_RATE,2026-07,98,96.63,98.6,20,19.72,PRODUCTION
EMP0045,DEFECT_RATE,2026-07,2,3.37,59.32,10,5.93,PRODUCTION
EMP0045,SAFETY_INCIDENTS,2026-07,0,0,150,10,15,PRODUCTION
EMP0046,ATTENDANCE_RATE,2026-07,95,95.65,100.69,20,20.14,ATTENDANCE
EMP0046,PUNCTUALITY,2026-07,90,100,111.11,10,11.11,ATTENDANCE
EMP0046,PRODUCTION_TARGET_ACHIEVEMENT,2026-07,100,48.47,48.47,30,14.54,PRODUCTION
EMP0046,QUALITY_RATE,2026-07,98,90.68,92.53,20,18.51,PRODUCTION
EMP0046,DEFECT_RATE,2026-07,2,9.32,21.46,10,2.15,PRODUCTION
EMP0046,SAFETY_INCIDENTS,2026-07,0,0,150,10,15,PRODUCTION
EMP0047,ATTENDANCE_RATE,2026-07,95,86.96,91.53,20,18.31,ATTENDANCE
EMP0047,PUNCTUALITY,2026-07,90,75,83.33,10,8.33,ATTENDANCE
EMP0047,PRODUCTION_TARGET_ACHIEVEMENT,2026-07,100,73.52,73.52,30,22.06,PRODUCTION
EMP0047,QUALITY_RATE,2026-07,98,97.24,99.23,20,19.85,PRODUCTION
EMP0047,DEFECT_RATE,2026-07,2,2.76,72.57,10,7.26,PRODUCTION
EMP0047,SAFETY_INCIDENTS,2026-07,0,0,150,10,15,PRODUCTION
EMP0049,ATTENDANCE_RATE,2026-07,95,86.96,91.53,15,13.73,ATTENDANCE
EMP0049,QUALITY_RATE,2026-07,98,0,0,25,0,PRODUCTION
EMP0049,DEFECT_RATE,2026-07,2,0,150,20,30,PRODUCTION
EMP0049,MANAGEMENT_EFFECTIVENESS,2026-07,90,49.5,55,40,22,MANUAL
EMP0050,ATTENDANCE_RATE,2026-07,95,86.96,91.53,20,18.31,ATTENDANCE
EMP0050,PUNCTUALITY,2026-07,90,70,77.78,15,11.67,ATTENDANCE
EMP0050,QUALITY_RATE,2026-07,98,0,0,35,0,PRODUCTION
EMP0050,DEFECT_RATE,2026-07,2,0,150,30,45,PRODUCTION
EMP0051,ATTENDANCE_RATE,2026-07,95,78.26,82.38,20,16.48,ATTENDANCE
EMP0051,PUNCTUALITY,2026-07,90,55.56,61.73,15,9.26,ATTENDANCE
EMP0051,QUALITY_RATE,2026-07,98,0,0,35,0,PRODUCTION
EMP0051,DEFECT_RATE,2026-07,2,0,150,30,45,PRODUCTION
EMP0052,ATTENDANCE_RATE,2026-07,95,91.3,96.11,20,19.22,ATTENDANCE
EMP0052,PUNCTUALITY,2026-07,90,61.9,68.78,15,10.32,ATTENDANCE
EMP0052,QUALITY_RATE,2026-07,98,0,0,35,0,PRODUCTION
EMP0052,DEFECT_RATE,2026-07,2,0,150,30,45,PRODUCTION
EMP0054,ATTENDANCE_RATE,2026-07,95,95.65,100.69,20,20.14,ATTENDANCE
EMP0054,PUNCTUALITY,2026-07,90,81.82,90.91,15,13.64,ATTENDANCE
EMP0054,QUALITY_RATE,2026-07,98,0,0,35,0,PRODUCTION
EMP0054,DEFECT_RATE,2026-07,2,0,150,30,45,PRODUCTION
EMP0055,ATTENDANCE_RATE,2026-07,95,91.3,96.11,20,19.22,ATTENDANCE
EMP0055,PUNCTUALITY,2026-07,90,71.43,79.37,15,11.91,ATTENDANCE
EMP0055,QUALITY_RATE,2026-07,98,0,0,35,0,PRODUCTION
EMP0055,DEFECT_RATE,2026-07,2,0,150,30,45,PRODUCTION
EMP0056,ATTENDANCE_RATE,2026-07,95,88.89,93.57,20,18.71,ATTENDANCE
EMP0056,PUNCTUALITY,2026-07,90,68.75,76.39,15,11.46,ATTENDANCE
EMP0056,QUALITY_RATE,2026-07,98,0,0,35,0,PRODUCTION
EMP0056,DEFECT_RATE,2026-07,2,0,150,30,45,PRODUCTION
EMP0057,ATTENDANCE_RATE,2026-07,95,78.26,82.38,20,16.48,ATTENDANCE
EMP0057,PUNCTUALITY,2026-07,90,66.67,74.07,15,11.11,ATTENDANCE
EMP0057,QUALITY_RATE,2026-07,98,0,0,35,0,PRODUCTION
EMP0057,DEFECT_RATE,2026-07,2,0,150,30,45,PRODUCTION
EMP0058,ATTENDANCE_RATE,2026-07,95,100,105.26,20,21.05,ATTENDANCE
EMP0058,PUNCTUALITY,2026-07,90,75,83.33,15,12.5,ATTENDANCE
EMP0058,QUALITY_RATE,2026-07,98,0,0,35,0,PRODUCTION
EMP0058,DEFECT_RATE,2026-07,2,0,150,30,45,PRODUCTION
EMP0059,ATTENDANCE_RATE,2026-07,95,82.61,86.96,20,17.39,ATTENDANCE
EMP0059,PUNCTUALITY,2026-07,90,84.21,93.57,15,14.04,ATTENDANCE
EMP0059,QUALITY_RATE,2026-07,98,0,0,35,0,PRODUCTION
EMP0059,DEFECT_RATE,2026-07,2,0,150,30,45,PRODUCTION
EMP0060,ATTENDANCE_RATE,2026-07,95,86.96,91.53,20,18.31,ATTENDANCE
EMP0060,PUNCTUALITY,2026-07,90,85,94.44,15,14.17,ATTENDANCE
EMP0060,QUALITY_RATE,2026-07,98,0,0,35,0,PRODUCTION
EMP0060,DEFECT_RATE,2026-07,2,0,150,30,45,PRODUCTION
EMP0061,ATTENDANCE_RATE,2026-07,95,86.96,91.53,15,13.73,ATTENDANCE
EMP0061,TASK_COMPLETION_RATE,2026-07,95,76.08,80.08,25,20.02,MANUAL
EMP0061,COST_EFFICIENCY,2026-07,90,64.45,71.61,20,14.32,MANUAL
EMP0061,MANAGEMENT_EFFECTIVENESS,2026-07,90,68.61,76.23,40,30.49,MANUAL
EMP0062,ATTENDANCE_RATE,2026-07,95,86.96,91.53,30,27.46,ATTENDANCE
EMP0062,PUNCTUALITY,2026-07,90,55,61.11,20,12.22,ATTENDANCE
EMP0062,TASK_COMPLETION_RATE,2026-07,95,62.93,66.24,30,19.87,MANUAL
EMP0062,COST_EFFICIENCY,2026-07,90,60.91,67.68,20,13.54,MANUAL
EMP0063,ATTENDANCE_RATE,2026-07,95,86.96,91.53,30,27.46,ATTENDANCE
EMP0063,PUNCTUALITY,2026-07,90,80,88.89,20,17.78,ATTENDANCE
EMP0063,TASK_COMPLETION_RATE,2026-07,95,48.34,50.88,30,15.26,MANUAL
EMP0063,COST_EFFICIENCY,2026-07,90,44.36,49.29,20,9.86,MANUAL
EMP0064,ATTENDANCE_RATE,2026-07,95,100,105.26,30,31.58,ATTENDANCE
EMP0064,PUNCTUALITY,2026-07,90,0,0,20,0,ATTENDANCE
EMP0064,TASK_COMPLETION_RATE,2026-07,95,74.9,78.84,30,23.65,MANUAL
EMP0064,COST_EFFICIENCY,2026-07,90,61.1,67.89,20,13.58,MANUAL
EMP0065,ATTENDANCE_RATE,2026-07,95,86.96,91.53,30,27.46,ATTENDANCE
EMP0065,PUNCTUALITY,2026-07,90,75,83.33,20,16.67,ATTENDANCE
EMP0065,TASK_COMPLETION_RATE,2026-07,95,100,105.26,30,31.58,MANUAL
EMP0065,COST_EFFICIENCY,2026-07,90,88.07,97.85,20,19.57,MANUAL
EMP0066,ATTENDANCE_RATE,2026-07,95,82.61,86.96,30,26.09,ATTENDANCE
EMP0066,PUNCTUALITY,2026-07,90,42.11,46.78,20,9.36,ATTENDANCE
EMP0066,TASK_COMPLETION_RATE,2026-07,95,49.89,52.52,30,15.76,MANUAL
EMP0066,COST_EFFICIENCY,2026-07,90,50.08,55.64,20,11.13,MANUAL
EMP0067,ATTENDANCE_RATE,2026-07,95,100,105.26,30,31.58,ATTENDANCE
EMP0067,PUNCTUALITY,2026-07,90,91.3,101.45,20,20.29,ATTENDANCE
EMP0067,TASK_COMPLETION_RATE,2026-07,95,76.53,80.56,30,24.17,MANUAL
EMP0067,COST_EFFICIENCY,2026-07,90,70.45,78.28,20,15.66,MANUAL
EMP0068,ATTENDANCE_RATE,2026-07,95,91.3,96.11,30,28.83,ATTENDANCE
EMP0068,PUNCTUALITY,2026-07,90,76.19,84.66,20,16.93,ATTENDANCE
EMP0068,TASK_COMPLETION_RATE,2026-07,95,83.11,87.48,30,26.24,MANUAL
EMP0068,COST_EFFICIENCY,2026-07,90,73.63,81.81,20,16.36,MANUAL
EMP0069,ATTENDANCE_RATE,2026-07,95,86.96,91.53,30,27.46,ATTENDANCE
EMP0069,PUNCTUALITY,2026-07,90,65,72.22,20,14.44,ATTENDANCE
EMP0069,TASK_COMPLETION_RATE,2026-07,95,66.1,69.58,30,20.87,MANUAL
EMP0069,COST_EFFICIENCY,2026-07,90,61.98,68.87,20,13.77,MANUAL
EMP0070,ATTENDANCE_RATE,2026-07,95,82.61,86.96,30,26.09,ATTENDANCE
EMP0070,PUNCTUALITY,2026-07,90,68.42,76.02,20,15.2,ATTENDANCE
EMP0070,TASK_COMPLETION_RATE,2026-07,95,72.12,75.92,30,22.78,MANUAL
EMP0070,COST_EFFICIENCY,2026-07,90,65.04,72.27,20,14.45,MANUAL
EMP0071,ATTENDANCE_RATE,2026-07,95,91.3,96.11,15,14.42,ATTENDANCE
EMP0071,TASK_COMPLETION_RATE,2026-07,95,76,80,25,20,MANUAL
EMP0071,COST_EFFICIENCY,2026-07,90,74.16,82.4,20,16.48,MANUAL
EMP0071,MANAGEMENT_EFFECTIVENESS,2026-07,90,71.28,79.2,40,31.68,MANUAL
EMP0072,ATTENDANCE_RATE,2026-07,95,95.65,100.69,30,30.21,ATTENDANCE
EMP0072,PUNCTUALITY,2026-07,90,77.27,85.86,20,17.17,ATTENDANCE
EMP0072,TASK_COMPLETION_RATE,2026-07,95,44.69,47.04,35,16.46,MANUAL
EMP0072,COST_EFFICIENCY,2026-07,90,44.06,48.96,15,7.34,MANUAL
EMP0073,ATTENDANCE_RATE,2026-07,95,91.3,96.11,30,28.83,ATTENDANCE
EMP0073,PUNCTUALITY,2026-07,90,71.43,79.37,20,15.87,ATTENDANCE
EMP0073,TASK_COMPLETION_RATE,2026-07,95,73.39,77.25,35,27.04,MANUAL
EMP0073,COST_EFFICIENCY,2026-07,90,69.53,77.25,15,11.59,MANUAL
EMP0074,ATTENDANCE_RATE,2026-07,95,66.67,70.18,30,21.05,ATTENDANCE
EMP0074,PUNCTUALITY,2026-07,90,80,88.89,20,17.78,ATTENDANCE
EMP0074,TASK_COMPLETION_RATE,2026-07,95,63.61,66.96,35,23.44,MANUAL
EMP0074,COST_EFFICIENCY,2026-07,90,64.15,71.28,15,10.69,MANUAL
EMP0075,ATTENDANCE_RATE,2026-07,95,91.3,96.11,30,28.83,ATTENDANCE
EMP0075,PUNCTUALITY,2026-07,90,85.71,95.24,20,19.05,ATTENDANCE
EMP0075,TASK_COMPLETION_RATE,2026-07,95,72.12,75.92,35,26.57,MANUAL
EMP0075,COST_EFFICIENCY,2026-07,90,64.39,71.54,15,10.73,MANUAL
EMP0076,ATTENDANCE_RATE,2026-07,95,91.3,96.11,30,28.83,ATTENDANCE
EMP0076,PUNCTUALITY,2026-07,90,61.9,68.78,20,13.76,ATTENDANCE
EMP0076,TASK_COMPLETION_RATE,2026-07,95,65.19,68.62,35,24.02,MANUAL
EMP0076,COST_EFFICIENCY,2026-07,90,65.04,72.27,15,10.84,MANUAL
EMP0077,ATTENDANCE_RATE,2026-07,95,86.96,91.53,30,27.46,ATTENDANCE
EMP0077,PUNCTUALITY,2026-07,90,85,94.44,20,18.89,ATTENDANCE
EMP0077,TASK_COMPLETION_RATE,2026-07,95,71.5,75.26,35,26.34,MANUAL
EMP0077,COST_EFFICIENCY,2026-07,90,66.46,73.84,15,11.08,MANUAL
EMP0078,ATTENDANCE_RATE,2026-07,95,100,105.26,30,31.58,ATTENDANCE
EMP0078,PUNCTUALITY,2026-07,90,91.3,101.45,20,20.29,ATTENDANCE
EMP0078,TASK_COMPLETION_RATE,2026-07,95,62.51,65.8,35,23.03,MANUAL
EMP0078,COST_EFFICIENCY,2026-07,90,64.26,71.4,15,10.71,MANUAL
EMP0079,ATTENDANCE_RATE,2026-07,95,100,105.26,30,31.58,ATTENDANCE
EMP0079,PUNCTUALITY,2026-07,90,60.87,67.63,20,13.53,ATTENDANCE
EMP0079,TASK_COMPLETION_RATE,2026-07,95,72.5,76.32,35,26.71,MANUAL
EMP0079,COST_EFFICIENCY,2026-07,90,66.74,74.16,15,11.12,MANUAL
EMP0080,ATTENDANCE_RATE,2026-07,95,100,105.26,30,31.58,ATTENDANCE
EMP0080,PUNCTUALITY,2026-07,90,82.61,91.79,20,18.36,ATTENDANCE
EMP0080,TASK_COMPLETION_RATE,2026-07,95,100,105.26,35,36.84,MANUAL
EMP0080,COST_EFFICIENCY,2026-07,90,91.58,101.76,15,15.26,MANUAL
EMP0081,ATTENDANCE_RATE,2026-07,95,100,105.26,30,31.58,ATTENDANCE
EMP0081,PUNCTUALITY,2026-07,90,73.91,82.13,20,16.43,ATTENDANCE
EMP0081,TASK_COMPLETION_RATE,2026-07,95,77.12,81.18,35,28.41,MANUAL
EMP0081,COST_EFFICIENCY,2026-07,90,68.63,76.26,15,11.44,MANUAL
EMP0082,ATTENDANCE_RATE,2026-07,95,78.26,82.38,30,24.71,ATTENDANCE
EMP0082,PUNCTUALITY,2026-07,90,55.56,61.73,20,12.35,ATTENDANCE
EMP0082,TASK_COMPLETION_RATE,2026-07,95,79.46,83.64,35,29.27,MANUAL
EMP0082,COST_EFFICIENCY,2026-07,90,72.32,80.36,15,12.05,MANUAL
EMP0083,ATTENDANCE_RATE,2026-07,95,82.61,86.96,15,13.04,ATTENDANCE
EMP0083,TASK_COMPLETION_RATE,2026-07,95,75.05,79,35,27.65,MANUAL
EMP0083,MANAGEMENT_EFFECTIVENESS,2026-07,90,72.52,80.58,50,40.29,MANUAL
EMP0084,ATTENDANCE_RATE,2026-07,95,95.65,100.69,30,30.21,ATTENDANCE
EMP0084,PUNCTUALITY,2026-07,90,68.18,75.76,20,15.15,ATTENDANCE
EMP0084,TASK_COMPLETION_RATE,2026-07,95,60.72,63.92,50,31.96,MANUAL
EMP0085,ATTENDANCE_RATE,2026-07,95,82.61,86.96,30,26.09,ATTENDANCE
EMP0085,PUNCTUALITY,2026-07,90,73.68,81.87,20,16.37,ATTENDANCE
EMP0085,TASK_COMPLETION_RATE,2026-07,95,74.1,78,50,39,MANUAL
EMP0086,ATTENDANCE_RATE,2026-07,95,100,105.26,30,31.58,ATTENDANCE
EMP0086,PUNCTUALITY,2026-07,90,95.65,106.28,20,21.26,ATTENDANCE
EMP0086,TASK_COMPLETION_RATE,2026-07,95,62.02,65.28,50,32.64,MANUAL
EMP0087,ATTENDANCE_RATE,2026-07,95,86.96,91.53,30,27.46,ATTENDANCE
EMP0087,PUNCTUALITY,2026-07,90,80,88.89,20,17.78,ATTENDANCE
EMP0087,TASK_COMPLETION_RATE,2026-07,95,79.29,83.46,50,41.73,MANUAL
EMP0088,ATTENDANCE_RATE,2026-07,95,95.65,100.69,30,30.21,ATTENDANCE
EMP0088,PUNCTUALITY,2026-07,90,81.82,90.91,20,18.18,ATTENDANCE
EMP0088,TASK_COMPLETION_RATE,2026-07,95,74.1,78,50,39,MANUAL
EMP0089,ATTENDANCE_RATE,2026-07,95,91.3,96.11,30,28.83,ATTENDANCE
EMP0089,PUNCTUALITY,2026-07,90,76.19,84.66,20,16.93,ATTENDANCE
EMP0089,TASK_COMPLETION_RATE,2026-07,95,70.15,73.84,50,36.92,MANUAL
EMP0090,ATTENDANCE_RATE,2026-07,95,95.65,100.69,30,30.21,ATTENDANCE
EMP0090,PUNCTUALITY,2026-07,90,81.82,90.91,20,18.18,ATTENDANCE
EMP0090,TASK_COMPLETION_RATE,2026-07,95,72.54,76.36,50,38.18,MANUAL
EMP0091,ATTENDANCE_RATE,2026-07,95,91.3,96.11,10,9.61,ATTENDANCE
EMP0091,TASK_COMPLETION_RATE,2026-07,95,61.62,64.86,20,12.97,MANUAL
EMP0091,COST_EFFICIENCY,2026-07,90,60.24,66.93,25,16.73,MANUAL
EMP0091,MANAGEMENT_EFFECTIVENESS,2026-07,90,62.1,69,45,31.05,MANUAL
EMP0092,ATTENDANCE_RATE,2026-07,95,95.65,100.69,25,25.17,ATTENDANCE
EMP0092,PUNCTUALITY,2026-07,90,90.91,101.01,15,15.15,ATTENDANCE
EMP0092,TASK_COMPLETION_RATE,2026-07,95,67.03,70.56,30,21.17,MANUAL
EMP0092,COST_EFFICIENCY,2026-07,90,65.45,72.72,30,21.82,MANUAL
EMP0093,ATTENDANCE_RATE,2026-07,95,91.3,96.11,25,24.03,ATTENDANCE
EMP0093,PUNCTUALITY,2026-07,90,85.71,95.24,15,14.29,ATTENDANCE
EMP0093,TASK_COMPLETION_RATE,2026-07,95,66.42,69.92,30,20.98,MANUAL
EMP0093,COST_EFFICIENCY,2026-07,90,62.93,69.92,30,20.98,MANUAL
EMP0094,ATTENDANCE_RATE,2026-07,95,95.65,100.69,25,25.17,ATTENDANCE
EMP0094,PUNCTUALITY,2026-07,90,59.09,65.66,15,9.85,ATTENDANCE
EMP0094,TASK_COMPLETION_RATE,2026-07,95,68.12,71.71,30,21.51,MANUAL
EMP0094,COST_EFFICIENCY,2026-07,90,67.73,75.26,30,22.58,MANUAL
EMP0095,ATTENDANCE_RATE,2026-07,95,91.3,96.11,25,24.03,ATTENDANCE
EMP0095,PUNCTUALITY,2026-07,90,100,111.11,15,16.67,ATTENDANCE
EMP0095,TASK_COMPLETION_RATE,2026-07,95,71.16,74.9,30,22.47,MANUAL
EMP0095,COST_EFFICIENCY,2026-07,90,58.59,65.1,30,19.53,MANUAL
EMP0096,ATTENDANCE_RATE,2026-07,95,82.61,86.96,25,21.74,ATTENDANCE
EMP0096,PUNCTUALITY,2026-07,90,36.84,40.94,15,6.14,ATTENDANCE
EMP0096,TASK_COMPLETION_RATE,2026-07,95,97.85,103,30,30.9,MANUAL
EMP0096,COST_EFFICIENCY,2026-07,90,84.6,94,30,28.2,MANUAL
EMP0097,ATTENDANCE_RATE,2026-07,95,91.3,96.11,25,24.03,ATTENDANCE
EMP0097,PUNCTUALITY,2026-07,90,76.19,84.66,15,12.7,ATTENDANCE
EMP0097,TASK_COMPLETION_RATE,2026-07,95,98.83,104.03,30,31.21,MANUAL
EMP0097,COST_EFFICIENCY,2026-07,90,95.48,106.09,30,31.83,MANUAL
EMP0098,ATTENDANCE_RATE,2026-07,95,100,105.26,25,26.32,ATTENDANCE
EMP0098,PUNCTUALITY,2026-07,90,100,111.11,15,16.67,ATTENDANCE
EMP0098,TASK_COMPLETION_RATE,2026-07,95,74.12,78.02,30,23.41,MANUAL
EMP0098,COST_EFFICIENCY,2026-07,90,78.44,87.15,30,26.15,MANUAL
EMP0099,ATTENDANCE_RATE,2026-07,95,95.65,100.69,25,25.17,ATTENDANCE
EMP0099,PUNCTUALITY,2026-07,90,50,55.56,15,8.33,ATTENDANCE
EMP0099,TASK_COMPLETION_RATE,2026-07,95,83.11,87.48,30,26.24,MANUAL
EMP0099,COST_EFFICIENCY,2026-07,90,76.55,85.05,30,25.52,MANUAL
EMP0100,ATTENDANCE_RATE,2026-07,95,95.65,100.69,25,25.17,ATTENDANCE
EMP0100,PUNCTUALITY,2026-07,90,59.09,65.66,15,9.85,ATTENDANCE
EMP0100,TASK_COMPLETION_RATE,2026-07,95,41.5,43.68,30,13.1,MANUAL
EMP0100,COST_EFFICIENCY,2026-07,90,35.53,39.48,30,11.84,MANUAL
EMP0001,ATTENDANCE_RATE,2026-08,95,95.24,100.25,10,10.03,ATTENDANCE
EMP0001,MANAGEMENT_EFFECTIVENESS,2026-08,90,67.22,74.69,90,67.22,MANUAL
EMP0002,ATTENDANCE_RATE,2026-08,95,80.95,85.21,15,12.78,ATTENDANCE
EMP0002,TASK_COMPLETION_RATE,2026-08,95,86.4,90.95,35,31.83,MANUAL
EMP0002,MANAGEMENT_EFFECTIVENESS,2026-08,90,77.27,85.85,50,42.93,MANUAL
EMP0003,ATTENDANCE_RATE,2026-08,95,66.67,70.18,35,24.56,ATTENDANCE
EMP0003,PUNCTUALITY,2026-08,90,50,55.56,25,13.89,ATTENDANCE
EMP0003,TASK_COMPLETION_RATE,2026-08,95,100,105.26,40,42.1,MANUAL
EMP0004,ATTENDANCE_RATE,2026-08,95,100,105.26,35,36.84,ATTENDANCE
EMP0004,PUNCTUALITY,2026-08,90,90.48,100.53,25,25.13,ATTENDANCE
EMP0004,TASK_COMPLETION_RATE,2026-08,95,72.54,76.36,40,30.54,MANUAL
EMP0005,ATTENDANCE_RATE,2026-08,95,90.48,95.24,35,33.33,ATTENDANCE
EMP0005,PUNCTUALITY,2026-08,90,78.95,87.72,25,21.93,ATTENDANCE
EMP0005,TASK_COMPLETION_RATE,2026-08,95,82.57,86.92,40,34.77,MANUAL
EMP0006,ATTENDANCE_RATE,2026-08,95,95.24,100.25,35,35.09,ATTENDANCE
EMP0006,PUNCTUALITY,2026-08,90,80,88.89,25,22.22,ATTENDANCE
EMP0006,TASK_COMPLETION_RATE,2026-08,95,100,105.26,40,42.1,MANUAL
EMP0007,ATTENDANCE_RATE,2026-08,95,100,105.26,35,36.84,ATTENDANCE
EMP0007,PUNCTUALITY,2026-08,90,95.24,105.82,25,26.46,ATTENDANCE
EMP0007,TASK_COMPLETION_RATE,2026-08,95,97.89,103.04,40,41.22,MANUAL
EMP0008,ATTENDANCE_RATE,2026-08,95,76.19,80.2,35,28.07,ATTENDANCE
EMP0008,PUNCTUALITY,2026-08,90,93.75,104.17,25,26.04,ATTENDANCE
EMP0008,TASK_COMPLETION_RATE,2026-08,95,77.3,81.37,40,32.55,MANUAL
EMP0009,ATTENDANCE_RATE,2026-08,95,80.95,85.21,15,12.78,ATTENDANCE
EMP0009,PRODUCTION_TARGET_ACHIEVEMENT,2026-08,100,82.52,82.52,25,20.63,PRODUCTION
EMP0009,QUALITY_RATE,2026-08,98,95.71,97.67,15,14.65,PRODUCTION
EMP0009,DEFECT_RATE,2026-08,2,4.29,46.65,10,4.67,PRODUCTION
EMP0009,SAFETY_INCIDENTS,2026-08,0,0,150,10,15,PRODUCTION
EMP0009,MANAGEMENT_EFFECTIVENESS,2026-08,90,55.33,61.48,25,15.37,MANUAL
EMP0010,ATTENDANCE_RATE,2026-08,95,80.95,85.21,20,17.04,ATTENDANCE
EMP0010,PUNCTUALITY,2026-08,90,70.59,78.43,10,7.84,ATTENDANCE
EMP0010,PRODUCTION_TARGET_ACHIEVEMENT,2026-08,100,55.43,55.43,30,16.63,PRODUCTION
EMP0010,QUALITY_RATE,2026-08,98,89.72,91.55,20,18.31,PRODUCTION
EMP0010,DEFECT_RATE,2026-08,2,10.28,19.46,10,1.95,PRODUCTION
EMP0010,SAFETY_INCIDENTS,2026-08,0,0,150,10,15,PRODUCTION
EMP0011,ATTENDANCE_RATE,2026-08,95,90.48,95.24,20,19.05,ATTENDANCE
EMP0011,PUNCTUALITY,2026-08,90,78.95,87.72,10,8.77,ATTENDANCE
EMP0011,PRODUCTION_TARGET_ACHIEVEMENT,2026-08,100,79.23,79.23,30,23.77,PRODUCTION
EMP0011,QUALITY_RATE,2026-08,98,97.75,99.75,20,19.95,PRODUCTION
EMP0011,DEFECT_RATE,2026-08,2,2.25,88.9,10,8.89,PRODUCTION
EMP0011,SAFETY_INCIDENTS,2026-08,0,0,150,10,15,PRODUCTION
EMP0012,ATTENDANCE_RATE,2026-08,95,100,105.26,20,21.05,ATTENDANCE
EMP0012,PUNCTUALITY,2026-08,90,85.71,95.24,10,9.52,ATTENDANCE
EMP0012,PRODUCTION_TARGET_ACHIEVEMENT,2026-08,100,74.99,74.99,30,22.5,PRODUCTION
EMP0012,QUALITY_RATE,2026-08,98,97.82,99.81,20,19.96,PRODUCTION
EMP0012,DEFECT_RATE,2026-08,2,2.18,91.59,10,9.16,PRODUCTION
EMP0012,SAFETY_INCIDENTS,2026-08,0,0,150,10,15,PRODUCTION
EMP0013,ATTENDANCE_RATE,2026-08,95,80.95,85.21,20,17.04,ATTENDANCE
EMP0013,PUNCTUALITY,2026-08,90,88.24,98.04,10,9.8,ATTENDANCE
EMP0013,PRODUCTION_TARGET_ACHIEVEMENT,2026-08,100,100.71,100.71,30,30.21,PRODUCTION
EMP0013,QUALITY_RATE,2026-08,98,99.72,101.75,20,20.35,PRODUCTION
EMP0013,DEFECT_RATE,2026-08,2,0.28,150,10,15,PRODUCTION
EMP0013,SAFETY_INCIDENTS,2026-08,0,0,150,10,15,PRODUCTION
EMP0014,ATTENDANCE_RATE,2026-08,95,85.71,90.23,20,18.05,ATTENDANCE
EMP0014,PUNCTUALITY,2026-08,90,50,55.56,10,5.56,ATTENDANCE
EMP0014,PRODUCTION_TARGET_ACHIEVEMENT,2026-08,100,75.7,75.7,30,22.71,PRODUCTION
EMP0014,QUALITY_RATE,2026-08,98,95.61,97.56,20,19.51,PRODUCTION
EMP0014,DEFECT_RATE,2026-08,2,4.39,45.59,10,4.56,PRODUCTION
EMP0014,SAFETY_INCIDENTS,2026-08,0,0,150,10,15,PRODUCTION
EMP0015,ATTENDANCE_RATE,2026-08,95,100,105.26,20,21.05,ATTENDANCE
EMP0015,PUNCTUALITY,2026-08,90,85.71,95.24,10,9.52,ATTENDANCE
EMP0015,PRODUCTION_TARGET_ACHIEVEMENT,2026-08,100,70.61,70.61,30,21.18,PRODUCTION
EMP0015,QUALITY_RATE,2026-08,98,96.78,98.76,20,19.75,PRODUCTION
EMP0015,DEFECT_RATE,2026-08,2,3.22,62.17,10,6.22,PRODUCTION
EMP0015,SAFETY_INCIDENTS,2026-08,0,0,150,10,15,PRODUCTION
EMP0016,ATTENDANCE_RATE,2026-08,95,90.48,95.24,20,19.05,ATTENDANCE
EMP0016,PUNCTUALITY,2026-08,90,78.95,87.72,10,8.77,ATTENDANCE
EMP0016,PRODUCTION_TARGET_ACHIEVEMENT,2026-08,100,69.84,69.84,30,20.95,PRODUCTION
EMP0016,QUALITY_RATE,2026-08,98,96.57,98.54,20,19.71,PRODUCTION
EMP0016,DEFECT_RATE,2026-08,2,3.43,58.33,10,5.83,PRODUCTION
EMP0016,SAFETY_INCIDENTS,2026-08,0,0,150,10,15,PRODUCTION
EMP0017,ATTENDANCE_RATE,2026-08,95,80.95,85.21,20,17.04,ATTENDANCE
EMP0017,PUNCTUALITY,2026-08,90,52.94,58.82,10,5.88,ATTENDANCE
EMP0017,PRODUCTION_TARGET_ACHIEVEMENT,2026-08,100,76.59,76.59,30,22.98,PRODUCTION
EMP0017,QUALITY_RATE,2026-08,98,95.48,97.43,20,19.49,PRODUCTION
EMP0017,DEFECT_RATE,2026-08,2,4.52,44.28,10,4.43,PRODUCTION
EMP0017,SAFETY_INCIDENTS,2026-08,0,0,150,10,15,PRODUCTION
EMP0018,ATTENDANCE_RATE,2026-08,95,90.48,95.24,20,19.05,ATTENDANCE
EMP0018,PUNCTUALITY,2026-08,90,63.16,70.18,10,7.02,ATTENDANCE
EMP0018,PRODUCTION_TARGET_ACHIEVEMENT,2026-08,100,62.38,62.38,30,18.71,PRODUCTION
EMP0018,QUALITY_RATE,2026-08,98,95.56,97.51,20,19.5,PRODUCTION
EMP0018,DEFECT_RATE,2026-08,2,4.44,45.06,10,4.51,PRODUCTION
EMP0018,SAFETY_INCIDENTS,2026-08,0,0,150,10,15,PRODUCTION
EMP0019,ATTENDANCE_RATE,2026-08,95,95.24,100.25,20,20.05,ATTENDANCE
EMP0019,PUNCTUALITY,2026-08,90,95,105.56,10,10.56,ATTENDANCE
EMP0019,PRODUCTION_TARGET_ACHIEVEMENT,2026-08,100,79.26,79.26,30,23.78,PRODUCTION
EMP0019,QUALITY_RATE,2026-08,98,96.61,98.58,20,19.72,PRODUCTION
EMP0019,DEFECT_RATE,2026-08,2,3.39,58.99,10,5.9,PRODUCTION
EMP0019,SAFETY_INCIDENTS,2026-08,0,0,150,10,15,PRODUCTION
EMP0020,ATTENDANCE_RATE,2026-08,95,100,105.26,20,21.05,ATTENDANCE
EMP0020,PUNCTUALITY,2026-08,90,95.24,105.82,10,10.58,ATTENDANCE
EMP0020,PRODUCTION_TARGET_ACHIEVEMENT,2026-08,100,67.46,67.46,30,20.24,PRODUCTION
EMP0020,QUALITY_RATE,2026-08,98,96.49,98.46,20,19.69,PRODUCTION
EMP0020,DEFECT_RATE,2026-08,2,3.51,56.97,10,5.7,PRODUCTION
EMP0020,SAFETY_INCIDENTS,2026-08,0,1,100,10,10,PRODUCTION
EMP0021,ATTENDANCE_RATE,2026-08,95,76.19,80.2,20,16.04,ATTENDANCE
EMP0021,PUNCTUALITY,2026-08,90,37.5,41.67,10,4.17,ATTENDANCE
EMP0021,PRODUCTION_TARGET_ACHIEVEMENT,2026-08,100,107.52,107.52,30,32.26,PRODUCTION
EMP0021,QUALITY_RATE,2026-08,98,98.62,100.64,20,20.13,PRODUCTION
EMP0021,DEFECT_RATE,2026-08,2,1.38,145.39,10,14.54,PRODUCTION
EMP0021,SAFETY_INCIDENTS,2026-08,0,1,100,10,10,PRODUCTION
EMP0022,ATTENDANCE_RATE,2026-08,95,100,105.26,20,21.05,ATTENDANCE
EMP0022,PUNCTUALITY,2026-08,90,95.24,105.82,10,10.58,ATTENDANCE
EMP0022,PRODUCTION_TARGET_ACHIEVEMENT,2026-08,100,66.96,66.96,30,20.09,PRODUCTION
EMP0022,QUALITY_RATE,2026-08,98,96.56,98.53,20,19.71,PRODUCTION
EMP0022,DEFECT_RATE,2026-08,2,3.44,58.14,10,5.81,PRODUCTION
EMP0022,SAFETY_INCIDENTS,2026-08,0,0,150,10,15,PRODUCTION
EMP0023,ATTENDANCE_RATE,2026-08,95,95.24,100.25,20,20.05,ATTENDANCE
EMP0023,PUNCTUALITY,2026-08,90,80,88.89,10,8.89,ATTENDANCE
EMP0023,PRODUCTION_TARGET_ACHIEVEMENT,2026-08,100,116.89,116.89,30,35.07,PRODUCTION
EMP0023,QUALITY_RATE,2026-08,98,99.71,101.74,20,20.35,PRODUCTION
EMP0023,DEFECT_RATE,2026-08,2,0.29,150,10,15,PRODUCTION
EMP0023,SAFETY_INCIDENTS,2026-08,0,0,150,10,15,PRODUCTION
EMP0024,ATTENDANCE_RATE,2026-08,95,100,105.26,20,21.05,ATTENDANCE
EMP0024,PUNCTUALITY,2026-08,90,80.95,89.95,10,8.99,ATTENDANCE
EMP0024,PRODUCTION_TARGET_ACHIEVEMENT,2026-08,100,75.66,75.66,30,22.7,PRODUCTION
EMP0024,QUALITY_RATE,2026-08,98,95.54,97.49,20,19.5,PRODUCTION
EMP0024,DEFECT_RATE,2026-08,2,4.46,44.86,10,4.49,PRODUCTION
EMP0024,SAFETY_INCIDENTS,2026-08,0,0,150,10,15,PRODUCTION
EMP0025,ATTENDANCE_RATE,2026-08,95,100,105.26,20,21.05,ATTENDANCE
EMP0025,PUNCTUALITY,2026-08,90,80.95,89.95,10,8.99,ATTENDANCE
EMP0025,PRODUCTION_TARGET_ACHIEVEMENT,2026-08,100,74.09,74.09,30,22.23,PRODUCTION
EMP0025,QUALITY_RATE,2026-08,98,95.72,97.67,20,19.53,PRODUCTION
EMP0025,DEFECT_RATE,2026-08,2,4.28,46.73,10,4.67,PRODUCTION
EMP0025,SAFETY_INCIDENTS,2026-08,0,1,100,10,10,PRODUCTION
EMP0026,ATTENDANCE_RATE,2026-08,95,100,105.26,20,21.05,ATTENDANCE
EMP0026,PUNCTUALITY,2026-08,90,80.95,89.95,10,8.99,ATTENDANCE
EMP0026,PRODUCTION_TARGET_ACHIEVEMENT,2026-08,100,107.77,107.77,30,32.33,PRODUCTION
EMP0026,QUALITY_RATE,2026-08,98,98.68,100.7,20,20.14,PRODUCTION
EMP0026,DEFECT_RATE,2026-08,2,1.32,150,10,15,PRODUCTION
EMP0026,SAFETY_INCIDENTS,2026-08,0,0,150,10,15,PRODUCTION
EMP0027,ATTENDANCE_RATE,2026-08,95,95.24,100.25,20,20.05,ATTENDANCE
EMP0027,PUNCTUALITY,2026-08,90,75,83.33,10,8.33,ATTENDANCE
EMP0027,PRODUCTION_TARGET_ACHIEVEMENT,2026-08,100,107.11,107.11,30,32.13,PRODUCTION
EMP0027,QUALITY_RATE,2026-08,98,98.59,100.6,20,20.12,PRODUCTION
EMP0027,DEFECT_RATE,2026-08,2,1.41,142,10,14.2,PRODUCTION
EMP0027,SAFETY_INCIDENTS,2026-08,0,0,150,10,15,PRODUCTION
EMP0028,ATTENDANCE_RATE,2026-08,95,95.24,100.25,20,20.05,ATTENDANCE
EMP0028,PUNCTUALITY,2026-08,90,70,77.78,10,7.78,ATTENDANCE
EMP0028,PRODUCTION_TARGET_ACHIEVEMENT,2026-08,100,74.83,74.83,30,22.45,PRODUCTION
EMP0028,QUALITY_RATE,2026-08,98,96.6,98.57,20,19.71,PRODUCTION
EMP0028,DEFECT_RATE,2026-08,2,3.4,58.74,10,5.87,PRODUCTION
EMP0028,SAFETY_INCIDENTS,2026-08,0,0,150,10,15,PRODUCTION
EMP0029,ATTENDANCE_RATE,2026-08,95,80.95,85.21,20,17.04,ATTENDANCE
EMP0029,PUNCTUALITY,2026-08,90,58.82,65.36,10,6.54,ATTENDANCE
EMP0029,PRODUCTION_TARGET_ACHIEVEMENT,2026-08,100,44.9,44.9,30,13.47,PRODUCTION
EMP0029,QUALITY_RATE,2026-08,98,92.98,94.88,20,18.98,PRODUCTION
EMP0029,DEFECT_RATE,2026-08,2,7.02,28.49,10,2.85,PRODUCTION
EMP0029,SAFETY_INCIDENTS,2026-08,0,0,150,10,15,PRODUCTION
EMP0030,ATTENDANCE_RATE,2026-08,95,95.24,100.25,20,20.05,ATTENDANCE
EMP0030,PUNCTUALITY,2026-08,90,50,55.56,10,5.56,ATTENDANCE
EMP0030,PRODUCTION_TARGET_ACHIEVEMENT,2026-08,100,47.92,47.92,30,14.38,PRODUCTION
EMP0030,QUALITY_RATE,2026-08,98,93.81,95.73,20,19.15,PRODUCTION
EMP0030,DEFECT_RATE,2026-08,2,6.19,32.32,10,3.23,PRODUCTION
EMP0030,SAFETY_INCIDENTS,2026-08,0,0,150,10,15,PRODUCTION
EMP0031,ATTENDANCE_RATE,2026-08,95,95.24,100.25,20,20.05,ATTENDANCE
EMP0031,PUNCTUALITY,2026-08,90,100,111.11,10,11.11,ATTENDANCE
EMP0031,PRODUCTION_TARGET_ACHIEVEMENT,2026-08,100,69.99,69.99,30,21,PRODUCTION
EMP0031,QUALITY_RATE,2026-08,98,96.66,98.64,20,19.73,PRODUCTION
EMP0031,DEFECT_RATE,2026-08,2,3.34,59.97,10,6,PRODUCTION
EMP0031,SAFETY_INCIDENTS,2026-08,0,0,150,10,15,PRODUCTION
EMP0032,ATTENDANCE_RATE,2026-08,95,100,105.26,20,21.05,ATTENDANCE
EMP0032,PUNCTUALITY,2026-08,90,66.67,74.07,10,7.41,ATTENDANCE
EMP0032,PRODUCTION_TARGET_ACHIEVEMENT,2026-08,100,110.11,110.11,30,33.03,PRODUCTION
EMP0032,QUALITY_RATE,2026-08,98,98.6,100.61,20,20.12,PRODUCTION
EMP0032,DEFECT_RATE,2026-08,2,1.4,142.67,10,14.27,PRODUCTION
EMP0032,SAFETY_INCIDENTS,2026-08,0,0,150,10,15,PRODUCTION
EMP0033,ATTENDANCE_RATE,2026-08,95,76.19,80.2,20,16.04,ATTENDANCE
EMP0033,PUNCTUALITY,2026-08,90,50,55.56,10,5.56,ATTENDANCE
EMP0033,PRODUCTION_TARGET_ACHIEVEMENT,2026-08,100,83.56,83.56,30,25.07,PRODUCTION
EMP0033,QUALITY_RATE,2026-08,98,96.78,98.76,20,19.75,PRODUCTION
EMP0033,DEFECT_RATE,2026-08,2,3.22,62.14,10,6.21,PRODUCTION
EMP0033,SAFETY_INCIDENTS,2026-08,0,0,150,10,15,PRODUCTION
EMP0034,ATTENDANCE_RATE,2026-08,95,95.24,100.25,20,20.05,ATTENDANCE
EMP0034,PUNCTUALITY,2026-08,90,75,83.33,10,8.33,ATTENDANCE
EMP0034,PRODUCTION_TARGET_ACHIEVEMENT,2026-08,100,72.08,72.08,30,21.62,PRODUCTION
EMP0034,QUALITY_RATE,2026-08,98,96.57,98.54,20,19.71,PRODUCTION
EMP0034,DEFECT_RATE,2026-08,2,3.43,58.37,10,5.84,PRODUCTION
EMP0034,SAFETY_INCIDENTS,2026-08,0,0,150,10,15,PRODUCTION
EMP0035,ATTENDANCE_RATE,2026-08,95,90.48,95.24,20,19.05,ATTENDANCE
EMP0035,PUNCTUALITY,2026-08,90,68.42,76.02,10,7.6,ATTENDANCE
EMP0035,PRODUCTION_TARGET_ACHIEVEMENT,2026-08,100,54.97,54.97,30,16.49,PRODUCTION
EMP0035,QUALITY_RATE,2026-08,98,91.8,93.67,20,18.73,PRODUCTION
EMP0035,DEFECT_RATE,2026-08,2,8.2,24.39,10,2.44,PRODUCTION
EMP0035,SAFETY_INCIDENTS,2026-08,0,0,150,10,15,PRODUCTION
EMP0036,ATTENDANCE_RATE,2026-08,95,85.71,90.23,20,18.05,ATTENDANCE
EMP0036,PUNCTUALITY,2026-08,90,72.22,80.25,10,8.03,ATTENDANCE
EMP0036,PRODUCTION_TARGET_ACHIEVEMENT,2026-08,100,71.98,71.98,30,21.59,PRODUCTION
EMP0036,QUALITY_RATE,2026-08,98,96.6,98.57,20,19.71,PRODUCTION
EMP0036,DEFECT_RATE,2026-08,2,3.4,58.81,10,5.88,PRODUCTION
EMP0036,SAFETY_INCIDENTS,2026-08,0,0,150,10,15,PRODUCTION
EMP0037,ATTENDANCE_RATE,2026-08,95,100,105.26,20,21.05,ATTENDANCE
EMP0037,PUNCTUALITY,2026-08,90,100,111.11,10,11.11,ATTENDANCE
EMP0037,PRODUCTION_TARGET_ACHIEVEMENT,2026-08,100,72.66,72.66,30,21.8,PRODUCTION
EMP0037,QUALITY_RATE,2026-08,98,97.66,99.65,20,19.93,PRODUCTION
EMP0037,DEFECT_RATE,2026-08,2,2.34,85.47,10,8.55,PRODUCTION
EMP0037,SAFETY_INCIDENTS,2026-08,0,1,100,10,10,PRODUCTION
EMP0038,ATTENDANCE_RATE,2026-08,95,90.48,95.24,20,19.05,ATTENDANCE
EMP0038,PUNCTUALITY,2026-08,90,73.68,81.87,10,8.19,ATTENDANCE
EMP0038,PRODUCTION_TARGET_ACHIEVEMENT,2026-08,100,73.88,73.88,30,22.16,PRODUCTION
EMP0038,QUALITY_RATE,2026-08,98,97.92,99.92,20,19.98,PRODUCTION
EMP0038,DEFECT_RATE,2026-08,2,2.08,96.18,10,9.62,PRODUCTION
EMP0038,SAFETY_INCIDENTS,2026-08,0,0,150,10,15,PRODUCTION
EMP0039,ATTENDANCE_RATE,2026-08,95,80.95,85.21,20,17.04,ATTENDANCE
EMP0039,PUNCTUALITY,2026-08,90,64.71,71.9,10,7.19,ATTENDANCE
EMP0039,PRODUCTION_TARGET_ACHIEVEMENT,2026-08,100,79.01,79.01,30,23.7,PRODUCTION
EMP0039,QUALITY_RATE,2026-08,98,96.58,98.55,20,19.71,PRODUCTION
EMP0039,DEFECT_RATE,2026-08,2,3.42,58.42,10,5.84,PRODUCTION
EMP0039,SAFETY_INCIDENTS,2026-08,0,0,150,10,15,PRODUCTION
EMP0040,ATTENDANCE_RATE,2026-08,95,76.19,80.2,20,16.04,ATTENDANCE
EMP0040,PUNCTUALITY,2026-08,90,37.5,41.67,10,4.17,ATTENDANCE
EMP0040,PRODUCTION_TARGET_ACHIEVEMENT,2026-08,100,74.53,74.53,30,22.36,PRODUCTION
EMP0040,QUALITY_RATE,2026-08,98,97.42,99.4,20,19.88,PRODUCTION
EMP0040,DEFECT_RATE,2026-08,2,2.58,77.4,10,7.74,PRODUCTION
EMP0040,SAFETY_INCIDENTS,2026-08,0,1,100,10,10,PRODUCTION
EMP0041,ATTENDANCE_RATE,2026-08,95,90.48,95.24,20,19.05,ATTENDANCE
EMP0041,PUNCTUALITY,2026-08,90,73.68,81.87,10,8.19,ATTENDANCE
EMP0041,PRODUCTION_TARGET_ACHIEVEMENT,2026-08,100,72.22,72.22,30,21.67,PRODUCTION
EMP0041,QUALITY_RATE,2026-08,98,96.72,98.7,20,19.74,PRODUCTION
EMP0041,DEFECT_RATE,2026-08,2,3.28,61.02,10,6.1,PRODUCTION
EMP0041,SAFETY_INCIDENTS,2026-08,0,0,150,10,15,PRODUCTION
EMP0042,ATTENDANCE_RATE,2026-08,95,90.48,95.24,20,19.05,ATTENDANCE
EMP0042,PUNCTUALITY,2026-08,90,36.84,40.94,10,4.09,ATTENDANCE
EMP0042,PRODUCTION_TARGET_ACHIEVEMENT,2026-08,100,71.51,71.51,30,21.45,PRODUCTION
EMP0042,QUALITY_RATE,2026-08,98,96.45,98.42,20,19.68,PRODUCTION
EMP0042,DEFECT_RATE,2026-08,2,3.55,56.38,10,5.64,PRODUCTION
EMP0042,SAFETY_INCIDENTS,2026-08,0,0,150,10,15,PRODUCTION
EMP0043,ATTENDANCE_RATE,2026-08,95,95.24,100.25,20,20.05,ATTENDANCE
EMP0043,PUNCTUALITY,2026-08,90,85,94.44,10,9.44,ATTENDANCE
EMP0043,PRODUCTION_TARGET_ACHIEVEMENT,2026-08,100,67.56,67.56,30,20.27,PRODUCTION
EMP0043,QUALITY_RATE,2026-08,98,96.93,98.91,20,19.78,PRODUCTION
EMP0043,DEFECT_RATE,2026-08,2,3.07,65.23,10,6.52,PRODUCTION
EMP0043,SAFETY_INCIDENTS,2026-08,0,0,150,10,15,PRODUCTION
EMP0044,ATTENDANCE_RATE,2026-08,95,80.95,85.21,20,17.04,ATTENDANCE
EMP0044,PUNCTUALITY,2026-08,90,88.24,98.04,10,9.8,ATTENDANCE
EMP0044,PRODUCTION_TARGET_ACHIEVEMENT,2026-08,100,116.74,116.74,30,35.02,PRODUCTION
EMP0044,QUALITY_RATE,2026-08,98,98.85,100.86,20,20.17,PRODUCTION
EMP0044,DEFECT_RATE,2026-08,2,1.15,150,10,15,PRODUCTION
EMP0044,SAFETY_INCIDENTS,2026-08,0,0,150,10,15,PRODUCTION
EMP0045,ATTENDANCE_RATE,2026-08,95,90.48,95.24,20,19.05,ATTENDANCE
EMP0045,PUNCTUALITY,2026-08,90,73.68,81.87,10,8.19,ATTENDANCE
EMP0045,PRODUCTION_TARGET_ACHIEVEMENT,2026-08,100,67.73,67.73,30,20.32,PRODUCTION
EMP0045,QUALITY_RATE,2026-08,98,96.58,98.55,20,19.71,PRODUCTION
EMP0045,DEFECT_RATE,2026-08,2,3.42,58.55,10,5.86,PRODUCTION
EMP0045,SAFETY_INCIDENTS,2026-08,0,1,100,10,10,PRODUCTION
EMP0046,ATTENDANCE_RATE,2026-08,95,100,105.26,20,21.05,ATTENDANCE
EMP0046,PUNCTUALITY,2026-08,90,95.24,105.82,10,10.58,ATTENDANCE
EMP0046,PRODUCTION_TARGET_ACHIEVEMENT,2026-08,100,47.01,47.01,30,14.1,PRODUCTION
EMP0046,QUALITY_RATE,2026-08,98,90.62,92.46,20,18.49,PRODUCTION
EMP0046,DEFECT_RATE,2026-08,2,9.38,21.31,10,2.13,PRODUCTION
EMP0046,SAFETY_INCIDENTS,2026-08,0,0,150,10,15,PRODUCTION
EMP0047,ATTENDANCE_RATE,2026-08,95,80.95,85.21,20,17.04,ATTENDANCE
EMP0047,PUNCTUALITY,2026-08,90,82.35,91.5,10,9.15,ATTENDANCE
EMP0047,PRODUCTION_TARGET_ACHIEVEMENT,2026-08,100,73.13,73.13,30,21.94,PRODUCTION
EMP0047,QUALITY_RATE,2026-08,98,96.89,98.87,20,19.77,PRODUCTION
EMP0047,DEFECT_RATE,2026-08,2,3.11,64.36,10,6.44,PRODUCTION
EMP0047,SAFETY_INCIDENTS,2026-08,0,0,150,10,15,PRODUCTION
EMP0048,ATTENDANCE_RATE,2026-08,95,100,105.26,20,21.05,ATTENDANCE
EMP0048,PUNCTUALITY,2026-08,90,100,111.11,10,11.11,ATTENDANCE
EMP0048,PRODUCTION_TARGET_ACHIEVEMENT,2026-08,100,76.47,76.47,30,22.94,PRODUCTION
EMP0048,QUALITY_RATE,2026-08,98,96.15,98.12,20,19.62,PRODUCTION
EMP0048,DEFECT_RATE,2026-08,2,3.85,52,10,5.2,PRODUCTION
EMP0048,SAFETY_INCIDENTS,2026-08,0,0,150,10,15,PRODUCTION
EMP0049,ATTENDANCE_RATE,2026-08,95,85.71,90.23,15,13.53,ATTENDANCE
EMP0049,QUALITY_RATE,2026-08,98,0,0,25,0,PRODUCTION
EMP0049,DEFECT_RATE,2026-08,2,0,150,20,30,PRODUCTION
EMP0049,MANAGEMENT_EFFECTIVENESS,2026-08,90,49.5,55,40,22,MANUAL
EMP0050,ATTENDANCE_RATE,2026-08,95,90.48,95.24,20,19.05,ATTENDANCE
EMP0050,PUNCTUALITY,2026-08,90,78.95,87.72,15,13.16,ATTENDANCE
EMP0050,QUALITY_RATE,2026-08,98,0,0,35,0,PRODUCTION
EMP0050,DEFECT_RATE,2026-08,2,0,150,30,45,PRODUCTION
EMP0051,ATTENDANCE_RATE,2026-08,95,80.95,85.21,20,17.04,ATTENDANCE
EMP0051,PUNCTUALITY,2026-08,90,47.06,52.29,15,7.84,ATTENDANCE
EMP0051,QUALITY_RATE,2026-08,98,0,0,35,0,PRODUCTION
EMP0051,DEFECT_RATE,2026-08,2,0,150,30,45,PRODUCTION
EMP0052,ATTENDANCE_RATE,2026-08,95,85.71,90.23,20,18.05,ATTENDANCE
EMP0052,PUNCTUALITY,2026-08,90,66.67,74.07,15,11.11,ATTENDANCE
EMP0052,QUALITY_RATE,2026-08,98,0,0,35,0,PRODUCTION
EMP0052,DEFECT_RATE,2026-08,2,0,150,30,45,PRODUCTION
EMP0053,ATTENDANCE_RATE,2026-08,95,100,105.26,20,21.05,ATTENDANCE
EMP0053,PUNCTUALITY,2026-08,90,76.47,84.97,15,12.75,ATTENDANCE
EMP0053,QUALITY_RATE,2026-08,98,0,0,35,0,PRODUCTION
EMP0053,DEFECT_RATE,2026-08,2,0,150,30,45,PRODUCTION
EMP0054,ATTENDANCE_RATE,2026-08,95,85.71,90.23,20,18.05,ATTENDANCE
EMP0054,PUNCTUALITY,2026-08,90,83.33,92.59,15,13.89,ATTENDANCE
EMP0054,QUALITY_RATE,2026-08,98,0,0,35,0,PRODUCTION
EMP0054,DEFECT_RATE,2026-08,2,0,150,30,45,PRODUCTION
EMP0055,ATTENDANCE_RATE,2026-08,95,95.24,100.25,20,20.05,ATTENDANCE
EMP0055,PUNCTUALITY,2026-08,90,100,111.11,15,16.67,ATTENDANCE
EMP0055,QUALITY_RATE,2026-08,98,0,0,35,0,PRODUCTION
EMP0055,DEFECT_RATE,2026-08,2,0,150,30,45,PRODUCTION
EMP0056,ATTENDANCE_RATE,2026-08,95,90.48,95.24,20,19.05,ATTENDANCE
EMP0056,PUNCTUALITY,2026-08,90,57.89,64.33,15,9.65,ATTENDANCE
EMP0056,QUALITY_RATE,2026-08,98,0,0,35,0,PRODUCTION
EMP0056,DEFECT_RATE,2026-08,2,0,150,30,45,PRODUCTION
EMP0057,ATTENDANCE_RATE,2026-08,95,100,105.26,20,21.05,ATTENDANCE
EMP0057,PUNCTUALITY,2026-08,90,66.67,74.07,15,11.11,ATTENDANCE
EMP0057,QUALITY_RATE,2026-08,98,0,0,35,0,PRODUCTION
EMP0057,DEFECT_RATE,2026-08,2,0,150,30,45,PRODUCTION
EMP0058,ATTENDANCE_RATE,2026-08,95,80.95,85.21,20,17.04,ATTENDANCE
EMP0058,PUNCTUALITY,2026-08,90,70.59,78.43,15,11.76,ATTENDANCE
EMP0058,QUALITY_RATE,2026-08,98,0,0,35,0,PRODUCTION
EMP0058,DEFECT_RATE,2026-08,2,0,150,30,45,PRODUCTION
EMP0059,ATTENDANCE_RATE,2026-08,95,90.48,95.24,20,19.05,ATTENDANCE
EMP0059,PUNCTUALITY,2026-08,90,89.47,99.42,15,14.91,ATTENDANCE
EMP0059,QUALITY_RATE,2026-08,98,0,0,35,0,PRODUCTION
EMP0059,DEFECT_RATE,2026-08,2,0,150,30,45,PRODUCTION
EMP0060,ATTENDANCE_RATE,2026-08,95,100,105.26,20,21.05,ATTENDANCE
EMP0060,PUNCTUALITY,2026-08,90,85.71,95.24,15,14.29,ATTENDANCE
EMP0060,QUALITY_RATE,2026-08,98,0,0,35,0,PRODUCTION
EMP0060,DEFECT_RATE,2026-08,2,0,150,30,45,PRODUCTION
EMP0061,ATTENDANCE_RATE,2026-08,95,90.48,95.24,15,14.29,ATTENDANCE
EMP0061,TASK_COMPLETION_RATE,2026-08,95,76.08,80.08,25,20.02,MANUAL
EMP0061,COST_EFFICIENCY,2026-08,90,70.69,78.54,20,15.71,MANUAL
EMP0061,MANAGEMENT_EFFECTIVENESS,2026-08,90,72.77,80.85,40,32.34,MANUAL
EMP0062,ATTENDANCE_RATE,2026-08,95,80.95,85.21,30,25.56,ATTENDANCE
EMP0062,PUNCTUALITY,2026-08,90,64.71,71.9,20,14.38,ATTENDANCE
EMP0062,TASK_COMPLETION_RATE,2026-08,95,72.5,76.32,30,22.9,MANUAL
EMP0062,COST_EFFICIENCY,2026-08,90,60.91,67.68,20,13.54,MANUAL
EMP0063,ATTENDANCE_RATE,2026-08,95,85.71,90.23,30,27.07,ATTENDANCE
EMP0063,PUNCTUALITY,2026-08,90,66.67,74.07,20,14.81,ATTENDANCE
EMP0063,TASK_COMPLETION_RATE,2026-08,95,46.32,48.76,30,14.63,MANUAL
EMP0063,COST_EFFICIENCY,2026-08,90,50.56,56.18,20,11.24,MANUAL
EMP0064,ATTENDANCE_RATE,2026-08,95,0,0,30,0,ATTENDANCE
EMP0064,PUNCTUALITY,2026-08,90,0,0,20,0,ATTENDANCE
EMP0064,TASK_COMPLETION_RATE,2026-08,95,67.27,70.81,30,21.24,MANUAL
EMP0064,COST_EFFICIENCY,2026-08,90,65.04,72.27,20,14.45,MANUAL
EMP0065,ATTENDANCE_RATE,2026-08,95,95.24,100.25,30,30.08,ATTENDANCE
EMP0065,PUNCTUALITY,2026-08,90,65,72.22,20,14.44,ATTENDANCE
EMP0065,TASK_COMPLETION_RATE,2026-08,95,96.87,101.97,30,30.59,MANUAL
EMP0065,COST_EFFICIENCY,2026-08,90,86.21,95.79,20,19.16,MANUAL
EMP0066,ATTENDANCE_RATE,2026-08,95,85.71,90.23,30,27.07,ATTENDANCE
EMP0066,PUNCTUALITY,2026-08,90,33.33,37.04,20,7.41,ATTENDANCE
EMP0066,TASK_COMPLETION_RATE,2026-08,95,52.86,55.64,30,16.69,MANUAL
EMP0066,COST_EFFICIENCY,2026-08,90,46.8,52,20,10.4,MANUAL
EMP0067,ATTENDANCE_RATE,2026-08,95,100,105.26,30,31.58,ATTENDANCE
EMP0067,PUNCTUALITY,2026-08,90,85.71,95.24,20,19.05,ATTENDANCE
EMP0067,TASK_COMPLETION_RATE,2026-08,95,75.09,79.04,30,23.71,MANUAL
EMP0067,COST_EFFICIENCY,2026-08,90,63.61,70.68,20,14.14,MANUAL
EMP0068,ATTENDANCE_RATE,2026-08,95,95.24,100.25,30,30.08,ATTENDANCE
EMP0068,PUNCTUALITY,2026-08,90,85,94.44,20,18.89,ATTENDANCE
EMP0068,TASK_COMPLETION_RATE,2026-08,95,80.8,85.05,30,25.52,MANUAL
EMP0068,COST_EFFICIENCY,2026-08,90,67.07,74.52,20,14.9,MANUAL
EMP0069,ATTENDANCE_RATE,2026-08,95,90.48,95.24,30,28.57,ATTENDANCE
EMP0069,PUNCTUALITY,2026-08,90,73.68,81.87,20,16.37,ATTENDANCE
EMP0069,TASK_COMPLETION_RATE,2026-08,95,68.8,72.42,30,21.73,MANUAL
EMP0069,COST_EFFICIENCY,2026-08,90,61.34,68.16,20,13.63,MANUAL
EMP0070,ATTENDANCE_RATE,2026-08,95,100,105.26,30,31.58,ATTENDANCE
EMP0070,PUNCTUALITY,2026-08,90,90.48,100.53,20,20.11,ATTENDANCE
EMP0070,TASK_COMPLETION_RATE,2026-08,95,73.51,77.38,30,23.21,MANUAL
EMP0070,COST_EFFICIENCY,2026-08,90,61.1,67.89,20,13.58,MANUAL
EMP0071,ATTENDANCE_RATE,2026-08,95,100,105.26,15,15.79,ATTENDANCE
EMP0071,TASK_COMPLETION_RATE,2026-08,95,77.52,81.6,25,20.4,MANUAL
EMP0071,COST_EFFICIENCY,2026-08,90,77.76,86.4,20,17.28,MANUAL
EMP0071,MANAGEMENT_EFFECTIVENESS,2026-08,90,74.16,82.4,40,32.96,MANUAL
EMP0072,ATTENDANCE_RATE,2026-08,95,90.48,95.24,30,28.57,ATTENDANCE
EMP0072,PUNCTUALITY,2026-08,90,78.95,87.72,20,17.54,ATTENDANCE
EMP0072,TASK_COMPLETION_RATE,2026-08,95,48.34,50.88,35,17.81,MANUAL
EMP0072,COST_EFFICIENCY,2026-08,90,46.22,51.36,15,7.7,MANUAL
EMP0073,ATTENDANCE_RATE,2026-08,95,90.48,95.24,30,28.57,ATTENDANCE
EMP0073,PUNCTUALITY,2026-08,90,73.68,81.87,20,16.37,ATTENDANCE
EMP0073,TASK_COMPLETION_RATE,2026-08,95,74.81,78.75,35,27.56,MANUAL
EMP0073,COST_EFFICIENCY,2026-08,90,68.18,75.75,15,11.36,MANUAL
EMP0074,ATTENDANCE_RATE,2026-08,95,95.24,100.25,30,30.08,ATTENDANCE
EMP0074,PUNCTUALITY,2026-08,90,80,88.89,20,17.78,ATTENDANCE
EMP0074,TASK_COMPLETION_RATE,2026-08,95,64.3,67.68,35,23.69,MANUAL
EMP0074,COST_EFFICIENCY,2026-08,90,64.8,72,15,10.8,MANUAL
EMP0075,ATTENDANCE_RATE,2026-08,95,95.24,100.25,30,30.08,ATTENDANCE
EMP0075,PUNCTUALITY,2026-08,90,80,88.89,20,17.78,ATTENDANCE
EMP0075,TASK_COMPLETION_RATE,2026-08,95,69.35,73,35,25.55,MANUAL
EMP0075,COST_EFFICIENCY,2026-08,90,67.67,75.19,15,11.28,MANUAL
EMP0076,ATTENDANCE_RATE,2026-08,95,95.24,100.25,30,30.08,ATTENDANCE
EMP0076,PUNCTUALITY,2026-08,90,70,77.78,20,15.56,ATTENDANCE
EMP0076,TASK_COMPLETION_RATE,2026-08,95,71.43,75.19,35,26.32,MANUAL
EMP0076,COST_EFFICIENCY,2026-08,90,70.96,78.84,15,11.83,MANUAL
EMP0077,ATTENDANCE_RATE,2026-08,95,90.48,95.24,30,28.57,ATTENDANCE
EMP0077,PUNCTUALITY,2026-08,90,63.16,70.18,20,14.04,ATTENDANCE
EMP0077,TASK_COMPLETION_RATE,2026-08,95,72.17,75.97,35,26.59,MANUAL
EMP0077,COST_EFFICIENCY,2026-08,90,67.73,75.26,15,11.29,MANUAL
EMP0078,ATTENDANCE_RATE,2026-08,95,95.24,100.25,30,30.08,ATTENDANCE
EMP0078,PUNCTUALITY,2026-08,90,90,100,20,20,ATTENDANCE
EMP0078,TASK_COMPLETION_RATE,2026-08,95,69.83,73.5,35,25.73,MANUAL
EMP0078,COST_EFFICIENCY,2026-08,90,66.15,73.5,15,11.03,MANUAL
EMP0079,ATTENDANCE_RATE,2026-08,95,90.48,95.24,30,28.57,ATTENDANCE
EMP0079,PUNCTUALITY,2026-08,90,42.11,46.78,20,9.36,ATTENDANCE
EMP0079,TASK_COMPLETION_RATE,2026-08,95,71.82,75.6,35,26.46,MANUAL
EMP0079,COST_EFFICIENCY,2026-08,90,69.34,77.04,15,11.56,MANUAL
EMP0080,ATTENDANCE_RATE,2026-08,95,90.48,95.24,30,28.57,ATTENDANCE
EMP0080,PUNCTUALITY,2026-08,90,84.21,93.57,20,18.71,ATTENDANCE
EMP0080,TASK_COMPLETION_RATE,2026-08,95,100,105.26,35,36.84,MANUAL
EMP0080,COST_EFFICIENCY,2026-08,90,96.35,107.06,15,16.06,MANUAL
EMP0081,ATTENDANCE_RATE,2026-08,95,71.43,75.19,30,22.56,ATTENDANCE
EMP0081,PUNCTUALITY,2026-08,90,86.67,96.3,20,19.26,ATTENDANCE
EMP0081,TASK_COMPLETION_RATE,2026-08,95,79.46,83.64,35,29.27,MANUAL
EMP0081,COST_EFFICIENCY,2026-08,90,75.28,83.64,15,12.55,MANUAL
EMP0082,ATTENDANCE_RATE,2026-08,95,66.67,70.18,30,21.05,ATTENDANCE
EMP0082,PUNCTUALITY,2026-08,90,78.57,87.3,20,17.46,ATTENDANCE
EMP0082,TASK_COMPLETION_RATE,2026-08,95,81.79,86.1,35,30.14,MANUAL
EMP0082,COST_EFFICIENCY,2026-08,90,72.32,80.36,15,12.05,MANUAL
EMP0083,ATTENDANCE_RATE,2026-08,95,95.24,100.25,15,15.04,ATTENDANCE
EMP0083,TASK_COMPLETION_RATE,2026-08,95,69.8,73.47,35,25.71,MANUAL
EMP0083,MANAGEMENT_EFFECTIVENESS,2026-08,90,71.1,79,50,39.5,MANUAL
EMP0084,ATTENDANCE_RATE,2026-08,95,80.95,85.21,30,25.56,ATTENDANCE
EMP0084,PUNCTUALITY,2026-08,90,47.06,52.29,20,10.46,ATTENDANCE
EMP0084,TASK_COMPLETION_RATE,2026-08,95,63.31,66.64,50,33.32,MANUAL
EMP0085,ATTENDANCE_RATE,2026-08,95,80.95,85.21,30,25.56,ATTENDANCE
EMP0085,PUNCTUALITY,2026-08,90,76.47,84.97,20,16.99,ATTENDANCE
EMP0085,TASK_COMPLETION_RATE,2026-08,95,71.14,74.88,50,37.44,MANUAL
EMP0086,ATTENDANCE_RATE,2026-08,95,95.24,100.25,30,30.08,ATTENDANCE
EMP0086,PUNCTUALITY,2026-08,90,90,100,20,20,ATTENDANCE
EMP0086,TASK_COMPLETION_RATE,2026-08,95,69.12,72.76,50,36.38,MANUAL
EMP0087,ATTENDANCE_RATE,2026-08,95,85.71,90.23,30,27.07,ATTENDANCE
EMP0087,PUNCTUALITY,2026-08,90,72.22,80.25,20,16.05,ATTENDANCE
EMP0087,TASK_COMPLETION_RATE,2026-08,95,68.17,71.76,50,35.88,MANUAL
EMP0088,ATTENDANCE_RATE,2026-08,95,90.48,95.24,30,28.57,ATTENDANCE
EMP0088,PUNCTUALITY,2026-08,90,84.21,93.57,20,18.71,ATTENDANCE
EMP0088,TASK_COMPLETION_RATE,2026-08,95,77.81,81.9,50,40.95,MANUAL
EMP0089,ATTENDANCE_RATE,2026-08,95,90.48,95.24,30,28.57,ATTENDANCE
EMP0089,PUNCTUALITY,2026-08,90,73.68,81.87,20,16.37,ATTENDANCE
EMP0089,TASK_COMPLETION_RATE,2026-08,95,71.5,75.26,50,37.63,MANUAL
EMP0090,ATTENDANCE_RATE,2026-08,95,90.48,95.24,30,28.57,ATTENDANCE
EMP0090,PUNCTUALITY,2026-08,90,68.42,76.02,20,15.2,ATTENDANCE
EMP0090,TASK_COMPLETION_RATE,2026-08,95,74.12,78.02,50,39.01,MANUAL
EMP0091,ATTENDANCE_RATE,2026-08,95,95.24,100.25,10,10.03,ATTENDANCE
EMP0091,TASK_COMPLETION_RATE,2026-08,95,63.58,66.93,20,13.39,MANUAL
EMP0091,COST_EFFICIENCY,2026-08,90,60.24,66.93,25,16.73,MANUAL
EMP0091,MANAGEMENT_EFFECTIVENESS,2026-08,90,63.96,71.07,45,31.98,MANUAL
EMP0092,ATTENDANCE_RATE,2026-08,95,100,105.26,25,26.32,ATTENDANCE
EMP0092,PUNCTUALITY,2026-08,90,90.48,100.53,15,15.08,ATTENDANCE
EMP0092,TASK_COMPLETION_RATE,2026-08,95,73.87,77.76,30,23.33,MANUAL
EMP0092,COST_EFFICIENCY,2026-08,90,63.5,70.56,30,21.17,MANUAL
EMP0093,ATTENDANCE_RATE,2026-08,95,90.48,95.24,25,23.81,ATTENDANCE
EMP0093,PUNCTUALITY,2026-08,90,84.21,93.57,15,14.04,ATTENDANCE
EMP0093,TASK_COMPLETION_RATE,2026-08,95,67.87,71.44,30,21.43,MANUAL
EMP0093,COST_EFFICIENCY,2026-08,90,63.61,70.68,30,21.2,MANUAL
EMP0094,ATTENDANCE_RATE,2026-08,95,85.71,90.23,25,22.56,ATTENDANCE
EMP0094,PUNCTUALITY,2026-08,90,72.22,80.25,15,12.04,ATTENDANCE
EMP0094,TASK_COMPLETION_RATE,2026-08,95,63.4,66.74,30,20.02,MANUAL
EMP0094,COST_EFFICIENCY,2026-08,90,60.07,66.74,30,20.02,MANUAL
EMP0095,ATTENDANCE_RATE,2026-08,95,95.24,100.25,25,25.06,ATTENDANCE
EMP0095,PUNCTUALITY,2026-08,90,95,105.56,15,15.83,ATTENDANCE
EMP0095,TASK_COMPLETION_RATE,2026-08,95,68.5,72.1,30,21.63,MANUAL
EMP0095,COST_EFFICIENCY,2026-08,90,64.89,72.1,30,21.63,MANUAL
EMP0096,ATTENDANCE_RATE,2026-08,95,85.71,90.23,25,22.56,ATTENDANCE
EMP0096,PUNCTUALITY,2026-08,90,66.67,74.07,15,11.11,ATTENDANCE
EMP0096,TASK_COMPLETION_RATE,2026-08,95,91.2,96,30,28.8,MANUAL
EMP0096,COST_EFFICIENCY,2026-08,90,83.7,93,30,27.9,MANUAL
EMP0097,ATTENDANCE_RATE,2026-08,95,85.71,90.23,25,22.56,ATTENDANCE
EMP0097,PUNCTUALITY,2026-08,90,77.78,86.42,15,12.96,ATTENDANCE
EMP0097,TASK_COMPLETION_RATE,2026-08,95,100,105.26,30,31.58,MANUAL
EMP0097,COST_EFFICIENCY,2026-08,90,88.99,98.88,30,29.66,MANUAL
EMP0098,ATTENDANCE_RATE,2026-08,95,90.48,95.24,25,23.81,ATTENDANCE
EMP0098,PUNCTUALITY,2026-08,90,100,111.11,15,16.67,ATTENDANCE
EMP0098,TASK_COMPLETION_RATE,2026-08,95,77.27,81.34,30,24.4,MANUAL
EMP0098,COST_EFFICIENCY,2026-08,90,70.97,78.85,30,23.66,MANUAL
EMP0099,ATTENDANCE_RATE,2026-08,95,90.48,95.24,25,23.81,ATTENDANCE
EMP0099,PUNCTUALITY,2026-08,90,78.95,87.72,15,13.16,ATTENDANCE
EMP0099,TASK_COMPLETION_RATE,2026-08,95,71.56,75.33,30,22.6,MANUAL
EMP0099,COST_EFFICIENCY,2026-08,90,77.27,85.86,30,25.76,MANUAL
EMP0100,ATTENDANCE_RATE,2026-08,95,95.24,100.25,25,25.06,ATTENDANCE
EMP0100,PUNCTUALITY,2026-08,90,70,77.78,15,11.67,ATTENDANCE
EMP0100,TASK_COMPLETION_RATE,2026-08,95,39.1,41.16,30,12.35,MANUAL
EMP0100,COST_EFFICIENCY,2026-08,90,38.18,42.42,30,12.73,MANUAL
EMP0001,ATTENDANCE_RATE,2026-09,95,88.89,93.57,10,9.36,ATTENDANCE
EMP0001,MANAGEMENT_EFFECTIVENESS,2026-09,90,71.38,79.31,90,71.38,MANUAL
EMP0002,ATTENDANCE_RATE,2026-09,95,66.67,70.18,15,10.53,ATTENDANCE
EMP0002,TASK_COMPLETION_RATE,2026-09,95,76.71,80.75,35,28.26,MANUAL
EMP0002,MANAGEMENT_EFFECTIVENESS,2026-09,90,71.91,79.9,50,39.95,MANUAL
EMP0003,ATTENDANCE_RATE,2026-09,95,55.56,58.48,35,20.47,ATTENDANCE
EMP0003,PUNCTUALITY,2026-09,90,80,88.89,25,22.22,ATTENDANCE
EMP0003,TASK_COMPLETION_RATE,2026-09,95,92.17,97.02,40,38.81,MANUAL
EMP0004,ATTENDANCE_RATE,2026-09,95,100,105.26,35,36.84,ATTENDANCE
EMP0004,PUNCTUALITY,2026-09,90,100,111.11,25,27.78,ATTENDANCE
EMP0004,TASK_COMPLETION_RATE,2026-09,95,79.64,83.83,40,33.53,MANUAL
EMP0005,ATTENDANCE_RATE,2026-09,95,100,105.26,35,36.84,ATTENDANCE
EMP0005,PUNCTUALITY,2026-09,90,55.56,61.73,25,15.43,ATTENDANCE
EMP0005,TASK_COMPLETION_RATE,2026-09,95,76.34,80.36,40,32.14,MANUAL
EMP0006,ATTENDANCE_RATE,2026-09,95,77.78,81.87,35,28.65,ATTENDANCE
EMP0006,PUNCTUALITY,2026-09,90,71.43,79.37,25,19.84,ATTENDANCE
EMP0006,TASK_COMPLETION_RATE,2026-09,95,96.76,101.85,40,40.74,MANUAL
EMP0007,ATTENDANCE_RATE,2026-09,95,88.89,93.57,35,32.75,ATTENDANCE
EMP0007,PUNCTUALITY,2026-09,90,87.5,97.22,25,24.31,ATTENDANCE
EMP0007,TASK_COMPLETION_RATE,2026-09,95,100,105.26,40,42.1,MANUAL
EMP0008,ATTENDANCE_RATE,2026-09,95,100,105.26,35,36.84,ATTENDANCE
EMP0008,PUNCTUALITY,2026-09,90,55.56,61.73,25,15.43,ATTENDANCE
EMP0008,TASK_COMPLETION_RATE,2026-09,95,72.8,76.63,40,30.65,MANUAL
EMP0009,ATTENDANCE_RATE,2026-09,95,88.89,93.57,15,14.04,ATTENDANCE
EMP0009,PRODUCTION_TARGET_ACHIEVEMENT,2026-09,100,82.96,82.96,25,20.74,PRODUCTION
EMP0009,QUALITY_RATE,2026-09,98,95.2,97.14,15,14.57,PRODUCTION
EMP0009,DEFECT_RATE,2026-09,2,4.8,41.67,10,4.17,PRODUCTION
EMP0009,SAFETY_INCIDENTS,2026-09,0,0,150,10,15,PRODUCTION
EMP0009,MANAGEMENT_EFFECTIVENESS,2026-09,90,49.59,55.1,25,13.78,MANUAL
EMP0010,ATTENDANCE_RATE,2026-09,95,100,105.26,20,21.05,ATTENDANCE
EMP0010,PUNCTUALITY,2026-09,90,88.89,98.77,10,9.88,ATTENDANCE
EMP0010,PRODUCTION_TARGET_ACHIEVEMENT,2026-09,100,56.78,56.78,30,17.03,PRODUCTION
EMP0010,QUALITY_RATE,2026-09,98,89.74,91.57,20,18.31,PRODUCTION
EMP0010,DEFECT_RATE,2026-09,2,10.26,19.49,10,1.95,PRODUCTION
EMP0010,SAFETY_INCIDENTS,2026-09,0,0,150,10,15,PRODUCTION
EMP0011,ATTENDANCE_RATE,2026-09,95,100,105.26,20,21.05,ATTENDANCE
EMP0011,PUNCTUALITY,2026-09,90,66.67,74.07,10,7.41,ATTENDANCE
EMP0011,PRODUCTION_TARGET_ACHIEVEMENT,2026-09,100,79.43,79.43,30,23.83,PRODUCTION
EMP0011,QUALITY_RATE,2026-09,98,97.9,99.9,20,19.98,PRODUCTION
EMP0011,DEFECT_RATE,2026-09,2,2.1,95.45,10,9.55,PRODUCTION
EMP0011,SAFETY_INCIDENTS,2026-09,0,0,150,10,15,PRODUCTION
EMP0012,ATTENDANCE_RATE,2026-09,95,88.89,93.57,20,18.71,ATTENDANCE
EMP0012,PUNCTUALITY,2026-09,90,87.5,97.22,10,9.72,ATTENDANCE
EMP0012,PRODUCTION_TARGET_ACHIEVEMENT,2026-09,100,73.04,73.04,30,21.91,PRODUCTION
EMP0012,QUALITY_RATE,2026-09,98,97.99,99.99,20,20,PRODUCTION
EMP0012,DEFECT_RATE,2026-09,2,2.01,99.33,10,9.93,PRODUCTION
EMP0012,SAFETY_INCIDENTS,2026-09,0,0,150,10,15,PRODUCTION
EMP0013,ATTENDANCE_RATE,2026-09,95,88.89,93.57,20,18.71,ATTENDANCE
EMP0013,PUNCTUALITY,2026-09,90,62.5,69.44,10,6.94,ATTENDANCE
EMP0013,PRODUCTION_TARGET_ACHIEVEMENT,2026-09,100,100.56,100.56,30,30.17,PRODUCTION
EMP0013,QUALITY_RATE,2026-09,98,99.67,101.7,20,20.34,PRODUCTION
EMP0013,DEFECT_RATE,2026-09,2,0.33,150,10,15,PRODUCTION
EMP0013,SAFETY_INCIDENTS,2026-09,0,0,150,10,15,PRODUCTION
EMP0014,ATTENDANCE_RATE,2026-09,95,88.89,93.57,20,18.71,ATTENDANCE
EMP0014,PUNCTUALITY,2026-09,90,50,55.56,10,5.56,ATTENDANCE
EMP0014,PRODUCTION_TARGET_ACHIEVEMENT,2026-09,100,74.68,74.68,30,22.4,PRODUCTION
EMP0014,QUALITY_RATE,2026-09,98,95.82,97.78,20,19.56,PRODUCTION
EMP0014,DEFECT_RATE,2026-09,2,4.18,47.85,10,4.79,PRODUCTION
EMP0014,SAFETY_INCIDENTS,2026-09,0,0,150,10,15,PRODUCTION
EMP0015,ATTENDANCE_RATE,2026-09,95,88.89,93.57,20,18.71,ATTENDANCE
EMP0015,PUNCTUALITY,2026-09,90,62.5,69.44,10,6.94,ATTENDANCE
EMP0015,PRODUCTION_TARGET_ACHIEVEMENT,2026-09,100,73.92,73.92,30,22.18,PRODUCTION
EMP0015,QUALITY_RATE,2026-09,98,97.01,98.99,20,19.8,PRODUCTION
EMP0015,DEFECT_RATE,2026-09,2,2.99,66.84,10,6.68,PRODUCTION
EMP0015,SAFETY_INCIDENTS,2026-09,0,0,150,10,15,PRODUCTION
EMP0016,ATTENDANCE_RATE,2026-09,95,88.89,93.57,20,18.71,ATTENDANCE
EMP0016,PUNCTUALITY,2026-09,90,100,111.11,10,11.11,ATTENDANCE
EMP0016,PRODUCTION_TARGET_ACHIEVEMENT,2026-09,100,69.56,69.56,30,20.87,PRODUCTION
EMP0016,QUALITY_RATE,2026-09,98,96.81,98.78,20,19.76,PRODUCTION
EMP0016,DEFECT_RATE,2026-09,2,3.19,62.6,10,6.26,PRODUCTION
EMP0016,SAFETY_INCIDENTS,2026-09,0,1,100,10,10,PRODUCTION
EMP0017,ATTENDANCE_RATE,2026-09,95,77.78,81.87,20,16.37,ATTENDANCE
EMP0017,PUNCTUALITY,2026-09,90,14.29,15.87,10,1.59,ATTENDANCE
EMP0017,PRODUCTION_TARGET_ACHIEVEMENT,2026-09,100,72.84,72.84,30,21.85,PRODUCTION
EMP0017,QUALITY_RATE,2026-09,98,95.76,97.72,20,19.54,PRODUCTION
EMP0017,DEFECT_RATE,2026-09,2,4.24,47.22,10,4.72,PRODUCTION
EMP0017,SAFETY_INCIDENTS,2026-09,0,0,150,10,15,PRODUCTION
EMP0018,ATTENDANCE_RATE,2026-09,95,88.89,93.57,20,18.71,ATTENDANCE
EMP0018,PUNCTUALITY,2026-09,90,50,55.56,10,5.56,ATTENDANCE
EMP0018,PRODUCTION_TARGET_ACHIEVEMENT,2026-09,100,62.61,62.61,30,18.78,PRODUCTION
EMP0018,QUALITY_RATE,2026-09,98,95.78,97.74,20,19.55,PRODUCTION
EMP0018,DEFECT_RATE,2026-09,2,4.22,47.42,10,4.74,PRODUCTION
EMP0018,SAFETY_INCIDENTS,2026-09,0,0,150,10,15,PRODUCTION
EMP0019,ATTENDANCE_RATE,2026-09,95,100,105.26,20,21.05,ATTENDANCE
EMP0019,PUNCTUALITY,2026-09,90,100,111.11,10,11.11,ATTENDANCE
EMP0019,PRODUCTION_TARGET_ACHIEVEMENT,2026-09,100,78.29,78.29,30,23.49,PRODUCTION
EMP0019,QUALITY_RATE,2026-09,98,96.74,98.72,20,19.74,PRODUCTION
EMP0019,DEFECT_RATE,2026-09,2,3.26,61.42,10,6.14,PRODUCTION
EMP0019,SAFETY_INCIDENTS,2026-09,0,0,150,10,15,PRODUCTION
EMP0020,ATTENDANCE_RATE,2026-09,95,100,105.26,20,21.05,ATTENDANCE
EMP0020,PUNCTUALITY,2026-09,90,100,111.11,10,11.11,ATTENDANCE
EMP0020,PRODUCTION_TARGET_ACHIEVEMENT,2026-09,100,66.98,66.98,30,20.09,PRODUCTION
EMP0020,QUALITY_RATE,2026-09,98,96.78,98.75,20,19.75,PRODUCTION
EMP0020,DEFECT_RATE,2026-09,2,3.22,62.09,10,6.21,PRODUCTION
EMP0020,SAFETY_INCIDENTS,2026-09,0,0,150,10,15,PRODUCTION
EMP0021,ATTENDANCE_RATE,2026-09,95,77.78,81.87,20,16.37,ATTENDANCE
EMP0021,PUNCTUALITY,2026-09,90,71.43,79.37,10,7.94,ATTENDANCE
EMP0021,PRODUCTION_TARGET_ACHIEVEMENT,2026-09,100,110.02,110.02,30,33.01,PRODUCTION
EMP0021,QUALITY_RATE,2026-09,98,98.85,100.87,20,20.17,PRODUCTION
EMP0021,DEFECT_RATE,2026-09,2,1.15,150,10,15,PRODUCTION
EMP0021,SAFETY_INCIDENTS,2026-09,0,0,150,10,15,PRODUCTION
EMP0022,ATTENDANCE_RATE,2026-09,95,100,105.26,20,21.05,ATTENDANCE
EMP0022,PUNCTUALITY,2026-09,90,100,111.11,10,11.11,ATTENDANCE
EMP0022,PRODUCTION_TARGET_ACHIEVEMENT,2026-09,100,65.12,65.12,30,19.54,PRODUCTION
EMP0022,QUALITY_RATE,2026-09,98,96.69,98.67,20,19.73,PRODUCTION
EMP0022,DEFECT_RATE,2026-09,2,3.31,60.48,10,6.05,PRODUCTION
EMP0022,SAFETY_INCIDENTS,2026-09,0,0,150,10,15,PRODUCTION
EMP0023,ATTENDANCE_RATE,2026-09,95,100,105.26,20,21.05,ATTENDANCE
EMP0023,PUNCTUALITY,2026-09,90,88.89,98.77,10,9.88,ATTENDANCE
EMP0023,PRODUCTION_TARGET_ACHIEVEMENT,2026-09,100,118.14,118.14,30,35.44,PRODUCTION
EMP0023,QUALITY_RATE,2026-09,98,99.64,101.67,20,20.33,PRODUCTION
EMP0023,DEFECT_RATE,2026-09,2,0.36,150,10,15,PRODUCTION
EMP0023,SAFETY_INCIDENTS,2026-09,0,0,150,10,15,PRODUCTION
EMP0024,ATTENDANCE_RATE,2026-09,95,100,105.26,20,21.05,ATTENDANCE
EMP0024,PUNCTUALITY,2026-09,90,100,111.11,10,11.11,ATTENDANCE
EMP0024,PRODUCTION_TARGET_ACHIEVEMENT,2026-09,100,75.47,75.47,30,22.64,PRODUCTION
EMP0024,QUALITY_RATE,2026-09,98,95.64,97.59,20,19.52,PRODUCTION
EMP0024,DEFECT_RATE,2026-09,2,4.36,45.89,10,4.59,PRODUCTION
EMP0024,SAFETY_INCIDENTS,2026-09,0,0,150,10,15,PRODUCTION
EMP0025,ATTENDANCE_RATE,2026-09,95,100,105.26,20,21.05,ATTENDANCE
EMP0025,PUNCTUALITY,2026-09,90,66.67,74.07,10,7.41,ATTENDANCE
EMP0025,PRODUCTION_TARGET_ACHIEVEMENT,2026-09,100,76.92,76.92,30,23.08,PRODUCTION
EMP0025,QUALITY_RATE,2026-09,98,95.52,97.47,20,19.49,PRODUCTION
EMP0025,DEFECT_RATE,2026-09,2,4.48,44.61,10,4.46,PRODUCTION
EMP0025,SAFETY_INCIDENTS,2026-09,0,1,100,10,10,PRODUCTION
EMP0026,ATTENDANCE_RATE,2026-09,95,88.89,93.57,20,18.71,ATTENDANCE
EMP0026,PUNCTUALITY,2026-09,90,75,83.33,10,8.33,ATTENDANCE
EMP0026,PRODUCTION_TARGET_ACHIEVEMENT,2026-09,100,110.13,110.13,30,33.04,PRODUCTION
EMP0026,QUALITY_RATE,2026-09,98,98.45,100.46,20,20.09,PRODUCTION
EMP0026,DEFECT_RATE,2026-09,2,1.55,129.4,10,12.94,PRODUCTION
EMP0026,SAFETY_INCIDENTS,2026-09,0,0,150,10,15,PRODUCTION
EMP0027,ATTENDANCE_RATE,2026-09,95,100,105.26,20,21.05,ATTENDANCE
EMP0027,PUNCTUALITY,2026-09,90,88.89,98.77,10,9.88,ATTENDANCE
EMP0027,PRODUCTION_TARGET_ACHIEVEMENT,2026-09,100,106.91,106.91,30,32.07,PRODUCTION
EMP0027,QUALITY_RATE,2026-09,98,98.72,100.74,20,20.15,PRODUCTION
EMP0027,DEFECT_RATE,2026-09,2,1.28,150,10,15,PRODUCTION
EMP0027,SAFETY_INCIDENTS,2026-09,0,0,150,10,15,PRODUCTION
EMP0028,ATTENDANCE_RATE,2026-09,95,100,105.26,20,21.05,ATTENDANCE
EMP0028,PUNCTUALITY,2026-09,90,55.56,61.73,10,6.17,ATTENDANCE
EMP0028,PRODUCTION_TARGET_ACHIEVEMENT,2026-09,100,73.88,73.88,30,22.16,PRODUCTION
EMP0028,QUALITY_RATE,2026-09,98,96.67,98.64,20,19.73,PRODUCTION
EMP0028,DEFECT_RATE,2026-09,2,3.33,60,10,6,PRODUCTION
EMP0028,SAFETY_INCIDENTS,2026-09,0,0,150,10,15,PRODUCTION
EMP0029,ATTENDANCE_RATE,2026-09,95,88.89,93.57,20,18.71,ATTENDANCE
EMP0029,PUNCTUALITY,2026-09,90,62.5,69.44,10,6.94,ATTENDANCE
EMP0029,PRODUCTION_TARGET_ACHIEVEMENT,2026-09,100,46.64,46.64,30,13.99,PRODUCTION
EMP0029,QUALITY_RATE,2026-09,98,92.79,94.69,20,18.94,PRODUCTION
EMP0029,DEFECT_RATE,2026-09,2,7.21,27.75,10,2.78,PRODUCTION
EMP0029,SAFETY_INCIDENTS,2026-09,0,0,150,10,15,PRODUCTION
EMP0030,ATTENDANCE_RATE,2026-09,95,88.89,93.57,20,18.71,ATTENDANCE
EMP0030,PUNCTUALITY,2026-09,90,62.5,69.44,10,6.94,ATTENDANCE
EMP0030,PRODUCTION_TARGET_ACHIEVEMENT,2026-09,100,49.44,49.44,30,14.83,PRODUCTION
EMP0030,QUALITY_RATE,2026-09,98,93.96,95.87,20,19.17,PRODUCTION
EMP0030,DEFECT_RATE,2026-09,2,6.04,33.09,10,3.31,PRODUCTION
EMP0030,SAFETY_INCIDENTS,2026-09,0,0,150,10,15,PRODUCTION
EMP0031,ATTENDANCE_RATE,2026-09,95,100,105.26,20,21.05,ATTENDANCE
EMP0031,PUNCTUALITY,2026-09,90,100,111.11,10,11.11,ATTENDANCE
EMP0031,PRODUCTION_TARGET_ACHIEVEMENT,2026-09,100,72,72,30,21.6,PRODUCTION
EMP0031,QUALITY_RATE,2026-09,98,96.55,98.52,20,19.7,PRODUCTION
EMP0031,DEFECT_RATE,2026-09,2,3.45,57.93,10,5.79,PRODUCTION
EMP0031,SAFETY_INCIDENTS,2026-09,0,0,150,10,15,PRODUCTION
EMP0032,ATTENDANCE_RATE,2026-09,95,100,105.26,20,21.05,ATTENDANCE
EMP0032,PUNCTUALITY,2026-09,90,55.56,61.73,10,6.17,ATTENDANCE
EMP0032,PRODUCTION_TARGET_ACHIEVEMENT,2026-09,100,108.65,108.65,30,32.6,PRODUCTION
EMP0032,QUALITY_RATE,2026-09,98,98.95,100.97,20,20.19,PRODUCTION
EMP0032,DEFECT_RATE,2026-09,2,1.05,150,10,15,PRODUCTION
EMP0032,SAFETY_INCIDENTS,2026-09,0,0,150,10,15,PRODUCTION
EMP0033,ATTENDANCE_RATE,2026-09,95,77.78,81.87,20,16.37,ATTENDANCE
EMP0033,PUNCTUALITY,2026-09,90,57.14,63.49,10,6.35,ATTENDANCE
EMP0033,PRODUCTION_TARGET_ACHIEVEMENT,2026-09,100,83.33,83.33,30,25,PRODUCTION
EMP0033,QUALITY_RATE,2026-09,98,96.6,98.57,20,19.71,PRODUCTION
EMP0033,DEFECT_RATE,2026-09,2,3.4,58.75,10,5.88,PRODUCTION
EMP0033,SAFETY_INCIDENTS,2026-09,0,0,150,10,15,PRODUCTION
EMP0034,ATTENDANCE_RATE,2026-09,95,100,105.26,20,21.05,ATTENDANCE
EMP0034,PUNCTUALITY,2026-09,90,66.67,74.07,10,7.41,ATTENDANCE
EMP0034,PRODUCTION_TARGET_ACHIEVEMENT,2026-09,100,70.79,70.79,30,21.24,PRODUCTION
EMP0034,QUALITY_RATE,2026-09,98,96.6,98.57,20,19.71,PRODUCTION
EMP0034,DEFECT_RATE,2026-09,2,3.4,58.86,10,5.89,PRODUCTION
EMP0034,SAFETY_INCIDENTS,2026-09,0,0,150,10,15,PRODUCTION
EMP0035,ATTENDANCE_RATE,2026-09,95,88.89,93.57,20,18.71,ATTENDANCE
EMP0035,PUNCTUALITY,2026-09,90,75,83.33,10,8.33,ATTENDANCE
EMP0035,PRODUCTION_TARGET_ACHIEVEMENT,2026-09,100,55.89,55.89,30,16.77,PRODUCTION
EMP0035,QUALITY_RATE,2026-09,98,91.72,93.59,20,18.72,PRODUCTION
EMP0035,DEFECT_RATE,2026-09,2,8.28,24.15,10,2.42,PRODUCTION
EMP0035,SAFETY_INCIDENTS,2026-09,0,0,150,10,15,PRODUCTION
EMP0036,ATTENDANCE_RATE,2026-09,95,100,105.26,20,21.05,ATTENDANCE
EMP0036,PUNCTUALITY,2026-09,90,77.78,86.42,10,8.64,ATTENDANCE
EMP0036,PRODUCTION_TARGET_ACHIEVEMENT,2026-09,100,71.03,71.03,30,21.31,PRODUCTION
EMP0036,QUALITY_RATE,2026-09,98,96.23,98.19,20,19.64,PRODUCTION
EMP0036,DEFECT_RATE,2026-09,2,3.77,53.04,10,5.3,PRODUCTION
EMP0036,SAFETY_INCIDENTS,2026-09,0,0,150,10,15,PRODUCTION
EMP0037,ATTENDANCE_RATE,2026-09,95,100,105.26,20,21.05,ATTENDANCE
EMP0037,PUNCTUALITY,2026-09,90,100,111.11,10,11.11,ATTENDANCE
EMP0037,PRODUCTION_TARGET_ACHIEVEMENT,2026-09,100,70.86,70.86,30,21.26,PRODUCTION
EMP0037,QUALITY_RATE,2026-09,98,97.62,99.61,20,19.92,PRODUCTION
EMP0037,DEFECT_RATE,2026-09,2,2.38,84.12,10,8.41,PRODUCTION
EMP0037,SAFETY_INCIDENTS,2026-09,0,0,150,10,15,PRODUCTION
EMP0038,ATTENDANCE_RATE,2026-09,95,100,105.26,20,21.05,ATTENDANCE
EMP0038,PUNCTUALITY,2026-09,90,100,111.11,10,11.11,ATTENDANCE
EMP0038,PRODUCTION_TARGET_ACHIEVEMENT,2026-09,100,74.46,74.46,30,22.34,PRODUCTION
EMP0038,QUALITY_RATE,2026-09,98,97.51,99.5,20,19.9,PRODUCTION
EMP0038,DEFECT_RATE,2026-09,2,2.49,80.33,10,8.03,PRODUCTION
EMP0038,SAFETY_INCIDENTS,2026-09,0,1,100,10,10,PRODUCTION
EMP0039,ATTENDANCE_RATE,2026-09,95,88.89,93.57,20,18.71,ATTENDANCE
EMP0039,PUNCTUALITY,2026-09,90,87.5,97.22,10,9.72,ATTENDANCE
EMP0039,PRODUCTION_TARGET_ACHIEVEMENT,2026-09,100,81.56,81.56,30,24.47,PRODUCTION
EMP0039,QUALITY_RATE,2026-09,98,96.89,98.87,20,19.77,PRODUCTION
EMP0039,DEFECT_RATE,2026-09,2,3.11,64.4,10,6.44,PRODUCTION
EMP0039,SAFETY_INCIDENTS,2026-09,0,0,150,10,15,PRODUCTION
EMP0040,ATTENDANCE_RATE,2026-09,95,88.89,93.57,20,18.71,ATTENDANCE
EMP0040,PUNCTUALITY,2026-09,90,62.5,69.44,10,6.94,ATTENDANCE
EMP0040,PRODUCTION_TARGET_ACHIEVEMENT,2026-09,100,76.44,76.44,30,22.93,PRODUCTION
EMP0040,QUALITY_RATE,2026-09,98,97.95,99.94,20,19.99,PRODUCTION
EMP0040,DEFECT_RATE,2026-09,2,2.05,97.33,10,9.73,PRODUCTION
EMP0040,SAFETY_INCIDENTS,2026-09,0,0,150,10,15,PRODUCTION
EMP0041,ATTENDANCE_RATE,2026-09,95,100,105.26,20,21.05,ATTENDANCE
EMP0041,PUNCTUALITY,2026-09,90,88.89,98.77,10,9.88,ATTENDANCE
EMP0041,PRODUCTION_TARGET_ACHIEVEMENT,2026-09,100,72.93,72.93,30,21.88,PRODUCTION
EMP0041,QUALITY_RATE,2026-09,98,96.64,98.61,20,19.72,PRODUCTION
EMP0041,DEFECT_RATE,2026-09,2,3.36,59.5,10,5.95,PRODUCTION
EMP0041,SAFETY_INCIDENTS,2026-09,0,0,150,10,15,PRODUCTION
EMP0042,ATTENDANCE_RATE,2026-09,95,77.78,81.87,20,16.37,ATTENDANCE
EMP0042,PUNCTUALITY,2026-09,90,28.57,31.75,10,3.18,ATTENDANCE
EMP0042,PRODUCTION_TARGET_ACHIEVEMENT,2026-09,100,72.52,72.52,30,21.76,PRODUCTION
EMP0042,QUALITY_RATE,2026-09,98,96.72,98.7,20,19.74,PRODUCTION
EMP0042,DEFECT_RATE,2026-09,2,3.28,61.04,10,6.1,PRODUCTION
EMP0042,SAFETY_INCIDENTS,2026-09,0,0,150,10,15,PRODUCTION
EMP0043,ATTENDANCE_RATE,2026-09,95,100,105.26,20,21.05,ATTENDANCE
EMP0043,PUNCTUALITY,2026-09,90,100,111.11,10,11.11,ATTENDANCE
EMP0043,PRODUCTION_TARGET_ACHIEVEMENT,2026-09,100,71.99,71.99,30,21.6,PRODUCTION
EMP0043,QUALITY_RATE,2026-09,98,97.03,99.01,20,19.8,PRODUCTION
EMP0043,DEFECT_RATE,2026-09,2,2.97,67.37,10,6.74,PRODUCTION
EMP0043,SAFETY_INCIDENTS,2026-09,0,0,150,10,15,PRODUCTION
EMP0044,ATTENDANCE_RATE,2026-09,95,88.89,93.57,20,18.71,ATTENDANCE
EMP0044,PUNCTUALITY,2026-09,90,62.5,69.44,10,6.94,ATTENDANCE
EMP0044,PRODUCTION_TARGET_ACHIEVEMENT,2026-09,100,116.71,116.71,30,35.01,PRODUCTION
EMP0044,QUALITY_RATE,2026-09,98,98.78,100.8,20,20.16,PRODUCTION
EMP0044,DEFECT_RATE,2026-09,2,1.22,150,10,15,PRODUCTION
EMP0044,SAFETY_INCIDENTS,2026-09,0,1,100,10,10,PRODUCTION
EMP0045,ATTENDANCE_RATE,2026-09,95,77.78,81.87,20,16.37,ATTENDANCE
EMP0045,PUNCTUALITY,2026-09,90,85.71,95.24,10,9.52,ATTENDANCE
EMP0045,PRODUCTION_TARGET_ACHIEVEMENT,2026-09,100,67.9,67.9,30,20.37,PRODUCTION
EMP0045,QUALITY_RATE,2026-09,98,96.43,98.4,20,19.68,PRODUCTION
EMP0045,DEFECT_RATE,2026-09,2,3.57,56,10,5.6,PRODUCTION
EMP0045,SAFETY_INCIDENTS,2026-09,0,0,150,10,15,PRODUCTION
EMP0046,ATTENDANCE_RATE,2026-09,95,100,105.26,20,21.05,ATTENDANCE
EMP0046,PUNCTUALITY,2026-09,90,88.89,98.77,10,9.88,ATTENDANCE
EMP0046,PRODUCTION_TARGET_ACHIEVEMENT,2026-09,100,47.47,47.47,30,14.24,PRODUCTION
EMP0046,QUALITY_RATE,2026-09,98,90.44,92.29,20,18.46,PRODUCTION
EMP0046,DEFECT_RATE,2026-09,2,9.56,20.93,10,2.09,PRODUCTION
EMP0046,SAFETY_INCIDENTS,2026-09,0,0,150,10,15,PRODUCTION
EMP0047,ATTENDANCE_RATE,2026-09,95,100,105.26,20,21.05,ATTENDANCE
EMP0047,PUNCTUALITY,2026-09,90,77.78,86.42,10,8.64,ATTENDANCE
EMP0047,PRODUCTION_TARGET_ACHIEVEMENT,2026-09,100,74.28,74.28,30,22.28,PRODUCTION
EMP0047,QUALITY_RATE,2026-09,98,96.9,98.88,20,19.78,PRODUCTION
EMP0047,DEFECT_RATE,2026-09,2,3.1,64.5,10,6.45,PRODUCTION
EMP0047,SAFETY_INCIDENTS,2026-09,0,0,150,10,15,PRODUCTION
EMP0048,ATTENDANCE_RATE,2026-09,95,100,105.26,20,21.05,ATTENDANCE
EMP0048,PUNCTUALITY,2026-09,90,100,111.11,10,11.11,ATTENDANCE
EMP0048,PRODUCTION_TARGET_ACHIEVEMENT,2026-09,100,80.81,80.81,30,24.24,PRODUCTION
EMP0048,QUALITY_RATE,2026-09,98,96.8,98.78,20,19.76,PRODUCTION
EMP0048,DEFECT_RATE,2026-09,2,3.2,62.57,10,6.26,PRODUCTION
EMP0048,SAFETY_INCIDENTS,2026-09,0,0,150,10,15,PRODUCTION
EMP0049,ATTENDANCE_RATE,2026-09,95,88.89,93.57,15,14.04,ATTENDANCE
EMP0049,QUALITY_RATE,2026-09,98,0,0,25,0,PRODUCTION
EMP0049,DEFECT_RATE,2026-09,2,0,150,20,30,PRODUCTION
EMP0049,MANAGEMENT_EFFECTIVENESS,2026-09,90,48.51,53.9,40,21.56,MANUAL
EMP0050,ATTENDANCE_RATE,2026-09,95,88.89,93.57,20,18.71,ATTENDANCE
EMP0050,PUNCTUALITY,2026-09,90,25,27.78,15,4.17,ATTENDANCE
EMP0050,QUALITY_RATE,2026-09,98,0,0,35,0,PRODUCTION
EMP0050,DEFECT_RATE,2026-09,2,0,150,30,45,PRODUCTION
EMP0051,ATTENDANCE_RATE,2026-09,95,88.89,93.57,20,18.71,ATTENDANCE
EMP0051,PUNCTUALITY,2026-09,90,37.5,41.67,15,6.25,ATTENDANCE
EMP0051,QUALITY_RATE,2026-09,98,0,0,35,0,PRODUCTION
EMP0051,DEFECT_RATE,2026-09,2,0,150,30,45,PRODUCTION
EMP0052,ATTENDANCE_RATE,2026-09,95,100,105.26,20,21.05,ATTENDANCE
EMP0052,PUNCTUALITY,2026-09,90,88.89,98.77,15,14.82,ATTENDANCE
EMP0052,QUALITY_RATE,2026-09,98,0,0,35,0,PRODUCTION
EMP0052,DEFECT_RATE,2026-09,2,0,150,30,45,PRODUCTION
EMP0053,ATTENDANCE_RATE,2026-09,95,100,105.26,20,21.05,ATTENDANCE
EMP0053,PUNCTUALITY,2026-09,90,77.78,86.42,15,12.96,ATTENDANCE
EMP0053,QUALITY_RATE,2026-09,98,0,0,35,0,PRODUCTION
EMP0053,DEFECT_RATE,2026-09,2,0,150,30,45,PRODUCTION
EMP0054,ATTENDANCE_RATE,2026-09,95,88.89,93.57,20,18.71,ATTENDANCE
EMP0054,PUNCTUALITY,2026-09,90,100,111.11,15,16.67,ATTENDANCE
EMP0054,QUALITY_RATE,2026-09,98,0,0,35,0,PRODUCTION
EMP0054,DEFECT_RATE,2026-09,2,0,150,30,45,PRODUCTION
EMP0055,ATTENDANCE_RATE,2026-09,95,100,105.26,20,21.05,ATTENDANCE
EMP0055,PUNCTUALITY,2026-09,90,55.56,61.73,15,9.26,ATTENDANCE
EMP0055,QUALITY_RATE,2026-09,98,0,0,35,0,PRODUCTION
EMP0055,DEFECT_RATE,2026-09,2,0,150,30,45,PRODUCTION
EMP0056,ATTENDANCE_RATE,2026-09,95,66.67,70.18,20,14.04,ATTENDANCE
EMP0056,PUNCTUALITY,2026-09,90,50,55.56,15,8.33,ATTENDANCE
EMP0056,QUALITY_RATE,2026-09,98,0,0,35,0,PRODUCTION
EMP0056,DEFECT_RATE,2026-09,2,0,150,30,45,PRODUCTION
EMP0057,ATTENDANCE_RATE,2026-09,95,88.89,93.57,20,18.71,ATTENDANCE
EMP0057,PUNCTUALITY,2026-09,90,75,83.33,15,12.5,ATTENDANCE
EMP0057,QUALITY_RATE,2026-09,98,0,0,35,0,PRODUCTION
EMP0057,DEFECT_RATE,2026-09,2,0,150,30,45,PRODUCTION
EMP0058,ATTENDANCE_RATE,2026-09,95,77.78,81.87,20,16.37,ATTENDANCE
EMP0058,PUNCTUALITY,2026-09,90,85.71,95.24,15,14.29,ATTENDANCE
EMP0058,QUALITY_RATE,2026-09,98,0,0,35,0,PRODUCTION
EMP0058,DEFECT_RATE,2026-09,2,0,150,30,45,PRODUCTION
EMP0059,ATTENDANCE_RATE,2026-09,95,66.67,70.18,20,14.04,ATTENDANCE
EMP0059,PUNCTUALITY,2026-09,90,66.67,74.07,15,11.11,ATTENDANCE
EMP0059,QUALITY_RATE,2026-09,98,0,0,35,0,PRODUCTION
EMP0059,DEFECT_RATE,2026-09,2,0,150,30,45,PRODUCTION
EMP0060,ATTENDANCE_RATE,2026-09,95,77.78,81.87,20,16.37,ATTENDANCE
EMP0060,PUNCTUALITY,2026-09,90,100,111.11,15,16.67,ATTENDANCE
EMP0060,QUALITY_RATE,2026-09,98,0,0,35,0,PRODUCTION
EMP0060,DEFECT_RATE,2026-09,2,0,150,30,45,PRODUCTION
EMP0061,ATTENDANCE_RATE,2026-09,95,77.78,81.87,15,12.28,ATTENDANCE
EMP0061,TASK_COMPLETION_RATE,2026-09,95,71.69,75.46,25,18.86,MANUAL
EMP0061,COST_EFFICIENCY,2026-09,90,65.14,72.38,20,14.48,MANUAL
EMP0061,MANAGEMENT_EFFECTIVENESS,2026-09,90,65.83,73.15,40,29.26,MANUAL
EMP0062,ATTENDANCE_RATE,2026-09,95,88.89,93.57,30,28.07,ATTENDANCE
EMP0062,PUNCTUALITY,2026-09,90,37.5,41.67,20,8.33,ATTENDANCE
EMP0062,TASK_COMPLETION_RATE,2026-09,95,63.61,66.96,30,20.09,MANUAL
EMP0062,COST_EFFICIENCY,2026-09,90,69.34,77.04,20,15.41,MANUAL
EMP0063,ATTENDANCE_RATE,2026-09,95,100,105.26,30,31.58,ATTENDANCE
EMP0063,PUNCTUALITY,2026-09,90,55.56,61.73,20,12.35,ATTENDANCE
EMP0063,TASK_COMPLETION_RATE,2026-09,95,48.34,50.88,30,15.26,MANUAL
EMP0063,COST_EFFICIENCY,2026-09,90,50.09,55.65,20,11.13,MANUAL
EMP0064,ATTENDANCE_RATE,2026-09,95,0,0,30,0,ATTENDANCE
EMP0064,PUNCTUALITY,2026-09,90,0,0,20,0,ATTENDANCE
EMP0064,TASK_COMPLETION_RATE,2026-09,95,68.66,72.27,30,21.68,MANUAL
EMP0064,COST_EFFICIENCY,2026-09,90,69.64,77.38,20,15.48,MANUAL
EMP0065,ATTENDANCE_RATE,2026-09,95,100,105.26,30,31.58,ATTENDANCE
EMP0065,PUNCTUALITY,2026-09,90,55.56,61.73,20,12.35,ATTENDANCE
EMP0065,TASK_COMPLETION_RATE,2026-09,95,100,105.26,30,31.58,MANUAL
EMP0065,COST_EFFICIENCY,2026-09,90,93.63,104.03,20,20.81,MANUAL
EMP0066,ATTENDANCE_RATE,2026-09,95,88.89,93.57,30,28.07,ATTENDANCE
EMP0066,PUNCTUALITY,2026-09,90,50,55.56,20,11.11,ATTENDANCE
EMP0066,TASK_COMPLETION_RATE,2026-09,95,47.92,50.44,30,15.13,MANUAL
EMP0066,COST_EFFICIENCY,2026-09,90,43.06,47.84,20,9.57,MANUAL
EMP0067,ATTENDANCE_RATE,2026-09,95,88.89,93.57,30,28.07,ATTENDANCE
EMP0067,PUNCTUALITY,2026-09,90,100,111.11,20,22.22,ATTENDANCE
EMP0067,TASK_COMPLETION_RATE,2026-09,95,73.64,77.52,30,23.26,MANUAL
EMP0067,COST_EFFICIENCY,2026-09,90,68.4,76,20,15.2,MANUAL
EMP0068,ATTENDANCE_RATE,2026-09,95,88.89,93.57,30,28.07,ATTENDANCE
EMP0068,PUNCTUALITY,2026-09,90,75,83.33,20,16.67,ATTENDANCE
EMP0068,TASK_COMPLETION_RATE,2026-09,95,79.26,83.43,30,25.03,MANUAL
EMP0068,COST_EFFICIENCY,2026-09,90,73.63,81.81,20,16.36,MANUAL
EMP0069,ATTENDANCE_RATE,2026-09,95,100,105.26,30,31.58,ATTENDANCE
EMP0069,PUNCTUALITY,2026-09,90,66.67,74.07,20,14.81,ATTENDANCE
EMP0069,TASK_COMPLETION_RATE,2026-09,95,64.75,68.16,30,20.45,MANUAL
EMP0069,COST_EFFICIENCY,2026-09,90,68.37,75.97,20,15.19,MANUAL
EMP0070,ATTENDANCE_RATE,2026-09,95,100,105.26,30,31.58,ATTENDANCE
EMP0070,PUNCTUALITY,2026-09,90,55.56,61.73,20,12.35,ATTENDANCE
EMP0070,TASK_COMPLETION_RATE,2026-09,95,70.04,73.73,30,22.12,MANUAL
EMP0070,COST_EFFICIENCY,2026-09,90,67.01,74.46,20,14.89,MANUAL
EMP0071,ATTENDANCE_RATE,2026-09,95,100,105.26,15,15.79,ATTENDANCE
EMP0071,TASK_COMPLETION_RATE,2026-09,95,78.28,82.4,25,20.6,MANUAL
EMP0071,COST_EFFICIENCY,2026-09,90,68.4,76,20,15.2,MANUAL
EMP0071,MANAGEMENT_EFFECTIVENESS,2026-09,90,69.12,76.8,40,30.72,MANUAL
EMP0072,ATTENDANCE_RATE,2026-09,95,77.78,81.87,30,24.56,ATTENDANCE
EMP0072,PUNCTUALITY,2026-09,90,85.71,95.24,20,19.05,ATTENDANCE
EMP0072,TASK_COMPLETION_RATE,2026-09,95,43.78,46.08,35,16.13,MANUAL
EMP0072,COST_EFFICIENCY,2026-09,90,42.77,47.52,15,7.13,MANUAL
EMP0073,ATTENDANCE_RATE,2026-09,95,88.89,93.57,30,28.07,ATTENDANCE
EMP0073,PUNCTUALITY,2026-09,90,62.5,69.44,20,13.89,ATTENDANCE
EMP0073,TASK_COMPLETION_RATE,2026-09,95,66.26,69.75,35,24.41,MANUAL
EMP0073,COST_EFFICIENCY,2026-09,90,64.8,72,15,10.8,MANUAL
EMP0074,ATTENDANCE_RATE,2026-09,95,88.89,93.57,30,28.07,ATTENDANCE
EMP0074,PUNCTUALITY,2026-09,90,75,83.33,20,16.67,ATTENDANCE
EMP0074,TASK_COMPLETION_RATE,2026-09,95,73.87,77.76,35,27.22,MANUAL
EMP0074,COST_EFFICIENCY,2026-09,90,62.86,69.84,15,10.48,MANUAL
EMP0075,ATTENDANCE_RATE,2026-09,95,100,105.26,30,31.58,ATTENDANCE
EMP0075,PUNCTUALITY,2026-09,90,66.67,74.07,20,14.81,ATTENDANCE
EMP0075,TASK_COMPLETION_RATE,2026-09,95,70.04,73.73,35,25.81,MANUAL
EMP0075,COST_EFFICIENCY,2026-09,90,66.36,73.73,15,11.06,MANUAL
EMP0076,ATTENDANCE_RATE,2026-09,95,88.89,93.57,30,28.07,ATTENDANCE
EMP0076,PUNCTUALITY,2026-09,90,87.5,97.22,20,19.44,ATTENDANCE
EMP0076,TASK_COMPLETION_RATE,2026-09,95,71.43,75.19,35,26.32,MANUAL
EMP0076,COST_EFFICIENCY,2026-09,90,63.07,70.08,15,10.51,MANUAL
EMP0077,ATTENDANCE_RATE,2026-09,95,88.89,93.57,30,28.07,ATTENDANCE
EMP0077,PUNCTUALITY,2026-09,90,100,111.11,20,22.22,ATTENDANCE
EMP0077,TASK_COMPLETION_RATE,2026-09,95,72.17,75.97,35,26.59,MANUAL
EMP0077,COST_EFFICIENCY,2026-09,90,67.73,75.26,15,11.29,MANUAL
EMP0078,ATTENDANCE_RATE,2026-09,95,100,105.26,30,31.58,ATTENDANCE
EMP0078,PUNCTUALITY,2026-09,90,100,111.11,20,22.22,ATTENDANCE
EMP0078,TASK_COMPLETION_RATE,2026-09,95,69.83,73.5,35,25.73,MANUAL
EMP0078,COST_EFFICIENCY,2026-09,90,64.26,71.4,15,10.71,MANUAL
EMP0079,ATTENDANCE_RATE,2026-09,95,88.89,93.57,30,28.07,ATTENDANCE
EMP0079,PUNCTUALITY,2026-09,90,50,55.56,20,11.11,ATTENDANCE
EMP0079,TASK_COMPLETION_RATE,2026-09,95,68.4,72,35,25.2,MANUAL
EMP0079,COST_EFFICIENCY,2026-09,90,64.8,72,15,10.8,MANUAL
EMP0080,ATTENDANCE_RATE,2026-09,95,100,105.26,30,31.58,ATTENDANCE
EMP0080,PUNCTUALITY,2026-09,90,33.33,37.04,20,7.41,ATTENDANCE
EMP0080,TASK_COMPLETION_RATE,2026-09,95,100,105.26,35,36.84,MANUAL
EMP0080,COST_EFFICIENCY,2026-09,90,90.63,100.7,15,15.11,MANUAL
EMP0081,ATTENDANCE_RATE,2026-09,95,77.78,81.87,30,24.56,ATTENDANCE
EMP0081,PUNCTUALITY,2026-09,90,71.43,79.37,20,15.87,ATTENDANCE
EMP0081,TASK_COMPLETION_RATE,2026-09,95,81.02,85.28,35,29.85,MANUAL
EMP0081,COST_EFFICIENCY,2026-09,90,70.85,78.72,15,11.81,MANUAL
EMP0082,ATTENDANCE_RATE,2026-09,95,88.89,93.57,30,28.07,ATTENDANCE
EMP0082,PUNCTUALITY,2026-09,90,75,83.33,20,16.67,ATTENDANCE
EMP0082,TASK_COMPLETION_RATE,2026-09,95,74.78,78.72,35,27.55,MANUAL
EMP0082,COST_EFFICIENCY,2026-09,90,73.8,82,15,12.3,MANUAL
EMP0083,ATTENDANCE_RATE,2026-09,95,100,105.26,15,15.79,ATTENDANCE
EMP0083,TASK_COMPLETION_RATE,2026-09,95,70.55,74.26,35,25.99,MANUAL
EMP0083,MANAGEMENT_EFFECTIVENESS,2026-09,90,65.41,72.68,50,36.34,MANUAL
EMP0084,ATTENDANCE_RATE,2026-09,95,77.78,81.87,30,24.56,ATTENDANCE
EMP0084,PUNCTUALITY,2026-09,90,100,111.11,20,22.22,ATTENDANCE
EMP0084,TASK_COMPLETION_RATE,2026-09,95,61.37,64.6,50,32.3,MANUAL
EMP0085,ATTENDANCE_RATE,2026-09,95,100,105.26,30,31.58,ATTENDANCE
EMP0085,PUNCTUALITY,2026-09,90,55.56,61.73,20,12.35,ATTENDANCE
EMP0085,TASK_COMPLETION_RATE,2026-09,95,72.62,76.44,50,38.22,MANUAL
EMP0086,ATTENDANCE_RATE,2026-09,95,100,105.26,30,31.58,ATTENDANCE
EMP0086,PUNCTUALITY,2026-09,90,77.78,86.42,20,17.28,ATTENDANCE
EMP0086,TASK_COMPLETION_RATE,2026-09,95,63.31,66.64,50,33.32,MANUAL
EMP0087,ATTENDANCE_RATE,2026-09,95,77.78,81.87,30,24.56,ATTENDANCE
EMP0087,PUNCTUALITY,2026-09,90,71.43,79.37,20,15.87,ATTENDANCE
EMP0087,TASK_COMPLETION_RATE,2026-09,95,71.88,75.66,50,37.83,MANUAL
EMP0088,ATTENDANCE_RATE,2026-09,95,88.89,93.57,30,28.07,ATTENDANCE
EMP0088,PUNCTUALITY,2026-09,90,75,83.33,20,16.67,ATTENDANCE
EMP0088,TASK_COMPLETION_RATE,2026-09,95,68.17,71.76,50,35.88,MANUAL
EMP0089,ATTENDANCE_RATE,2026-09,95,88.89,93.57,30,28.07,ATTENDANCE
EMP0089,PUNCTUALITY,2026-09,90,50,55.56,20,11.11,ATTENDANCE
EMP0089,TASK_COMPLETION_RATE,2026-09,95,62.73,66.03,50,33.02,MANUAL
EMP0090,ATTENDANCE_RATE,2026-09,95,88.89,93.57,30,28.07,ATTENDANCE
EMP0090,PUNCTUALITY,2026-09,90,75,83.33,20,16.67,ATTENDANCE
EMP0090,TASK_COMPLETION_RATE,2026-09,95,73.33,77.19,50,38.6,MANUAL
EMP0091,ATTENDANCE_RATE,2026-09,95,100,105.26,10,10.53,ATTENDANCE
EMP0091,TASK_COMPLETION_RATE,2026-09,95,64.24,67.62,20,13.52,MANUAL
EMP0091,COST_EFFICIENCY,2026-09,90,62.72,69.69,25,17.42,MANUAL
EMP0091,MANAGEMENT_EFFECTIVENESS,2026-09,90,59.62,66.24,45,29.81,MANUAL
EMP0092,ATTENDANCE_RATE,2026-09,95,100,105.26,25,26.32,ATTENDANCE
EMP0092,PUNCTUALITY,2026-09,90,88.89,98.77,15,14.82,ATTENDANCE
EMP0092,TASK_COMPLETION_RATE,2026-09,95,63.61,66.96,30,20.09,MANUAL
EMP0092,COST_EFFICIENCY,2026-09,90,60.26,66.96,30,20.09,MANUAL
EMP0093,ATTENDANCE_RATE,2026-09,95,88.89,93.57,25,23.39,ATTENDANCE
EMP0093,PUNCTUALITY,2026-09,90,87.5,97.22,15,14.58,ATTENDANCE
EMP0093,TASK_COMPLETION_RATE,2026-09,95,71.48,75.24,30,22.57,MANUAL
EMP0093,COST_EFFICIENCY,2026-09,90,68.4,76,30,22.8,MANUAL
EMP0094,ATTENDANCE_RATE,2026-09,95,88.89,93.57,25,23.39,ATTENDANCE
EMP0094,PUNCTUALITY,2026-09,90,75,83.33,15,12.5,ATTENDANCE
EMP0094,TASK_COMPLETION_RATE,2026-09,95,69.47,73.13,30,21.94,MANUAL
EMP0094,COST_EFFICIENCY,2026-09,90,65.82,73.13,30,21.94,MANUAL
EMP0095,ATTENDANCE_RATE,2026-09,95,88.89,93.57,25,23.39,ATTENDANCE
EMP0095,PUNCTUALITY,2026-09,90,100,111.11,15,16.67,ATTENDANCE
EMP0095,TASK_COMPLETION_RATE,2026-09,95,69.83,73.5,30,22.05,MANUAL
EMP0095,COST_EFFICIENCY,2026-09,90,61.74,68.6,30,20.58,MANUAL
EMP0096,ATTENDANCE_RATE,2026-09,95,77.78,81.87,25,20.47,ATTENDANCE
EMP0096,PUNCTUALITY,2026-09,90,57.14,63.49,15,9.52,ATTENDANCE
EMP0096,TASK_COMPLETION_RATE,2026-09,95,95,100,30,30,MANUAL
EMP0096,COST_EFFICIENCY,2026-09,90,86.4,96,30,28.8,MANUAL
EMP0097,ATTENDANCE_RATE,2026-09,95,88.89,93.57,25,23.39,ATTENDANCE
EMP0097,PUNCTUALITY,2026-09,90,75,83.33,15,12.5,ATTENDANCE
EMP0097,TASK_COMPLETION_RATE,2026-09,95,100,105.26,30,31.58,MANUAL
EMP0097,COST_EFFICIENCY,2026-09,90,98.26,109.18,30,32.75,MANUAL
EMP0098,ATTENDANCE_RATE,2026-09,95,100,105.26,25,26.32,ATTENDANCE
EMP0098,PUNCTUALITY,2026-09,90,100,111.11,15,16.67,ATTENDANCE
EMP0098,TASK_COMPLETION_RATE,2026-09,95,72.54,76.36,30,22.91,MANUAL
EMP0098,COST_EFFICIENCY,2026-09,90,69.47,77.19,30,23.16,MANUAL
EMP0099,ATTENDANCE_RATE,2026-09,95,100,105.26,25,26.32,ATTENDANCE
EMP0099,PUNCTUALITY,2026-09,90,88.89,98.77,15,14.82,ATTENDANCE
EMP0099,TASK_COMPLETION_RATE,2026-09,95,71.56,75.33,30,22.6,MANUAL
EMP0099,COST_EFFICIENCY,2026-09,90,67.8,75.33,30,22.6,MANUAL
EMP0100,ATTENDANCE_RATE,2026-09,95,77.78,81.87,25,20.47,ATTENDANCE
EMP0100,PUNCTUALITY,2026-09,90,57.14,63.49,15,9.52,ATTENDANCE
EMP0100,TASK_COMPLETION_RATE,2026-09,95,37.51,39.48,30,11.84,MANUAL
EMP0100,COST_EFFICIENCY,2026-09,90,40.45,44.94,30,13.48,MANUAL