employee_code,date,shift,target_units,produced_units,defective_units,rework_units,downtime_minutes,safety_incidents
EMP0009,2025-09-11,GENERAL,59,53,2,1,4,0
EMP0009,2025-09-12,GENERAL,50,46,2,1,4,0
EMP0009,2025-09-15,GENERAL,58,46,2,1,3,0
EMP0009,2025-09-16,GENERAL,56,45,2,1,9,0
EMP0009,2025-09-17,GENERAL,57,46,2,1,21,0
EMP0009,2025-09-18,GENERAL,41,32,1,0,10,0
EMP0009,2025-09-19,GENERAL,51,47,2,1,10,0
EMP0009,2025-09-22,GENERAL,51,40,2,1,23,0
EMP0009,2025-09-23,GENERAL,53,49,2,1,4,0
EMP0009,2025-09-24,GENERAL,44,35,1,0,57,0
EMP0009,2025-09-25,GENERAL,53,41,2,1,17,0
EMP0009,2025-09-26,GENERAL,56,47,2,1,17,0
EMP0009,2025-09-29,GENERAL,50,39,2,1,36,0
EMP0009,2025-09-30,GENERAL,47,37,1,1,27,0
EMP0009,2025-10-01,GENERAL,49,45,2,1,27,0
EMP0009,2025-10-02,GENERAL,42,33,1,1,13,0
EMP0009,2025-10-03,GENERAL,58,48,2,1,24,0
EMP0009,2025-10-06,GENERAL,51,46,2,1,22,0
EMP0009,2025-10-07,GENERAL,40,31,1,0,0,0
EMP0009,2025-10-08,GENERAL,46,37,1,1,25,0
EMP0009,2025-10-09,GENERAL,41,32,2,1,5,0
EMP0009,2025-10-10,GENERAL,47,43,2,1,22,0
EMP0009,2025-10-13,GENERAL,48,40,2,1,30,0
EMP0009,2025-10-14,GENERAL,45,39,2,1,2,0
EMP0009,2025-10-15,GENERAL,53,41,2,1,11,0
EMP0009,2025-10-16,GENERAL,51,43,2,1,18,0
EMP0009,2025-10-20,GENERAL,41,35,2,1,1,0
EMP0009,2025-10-21,GENERAL,56,49,2,1,6,0
EMP0009,2025-10-22,GENERAL,60,54,2,1,24,0
EMP0009,2025-10-23,GENERAL,59,49,2,1,11,0
EMP0009,2025-10-24,GENERAL,51,39,2,1,23,0
EMP0009,2025-10-27,GENERAL,53,45,2,1,6,0
EMP0009,2025-10-28,GENERAL,50,45,2,1,0,0
EMP0009,2025-10-29,GENERAL,43,35,1,1,73,0
EMP0009,2025-10-30,GENERAL,48,42,2,1,13,0
EMP0009,2025-10-31,GENERAL,60,51,2,1,8,0
EMP0009,2025-11-03,GENERAL,60,49,2,1,66,0
EMP0009,2025-11-04,GENERAL,51,46,2,1,13,0
EMP0009,2025-11-05,GENERAL,52,40,2,1,21,0
EMP0009,2025-11-06,GENERAL,56,43,2,1,24,0
EMP0009,2025-11-07,GENERAL,59,47,2,1,5,0
EMP0009,2025-11-10,GENERAL,56,52,3,1,45,0
EMP0009,2025-11-11,GENERAL,43,36,2,1,12,0
EMP0009,2025-11-12,GENERAL,50,44,2,1,61,0
EMP0009,2025-11-13,GENERAL,40,34,1,0,23,0
EMP0009,2025-11-14,GENERAL,58,48,2,1,5,0
EMP0009,2025-11-17,GENERAL,60,47,2,1,20,0
EMP0009,2025-11-18,GENERAL,57,44,2,1,22,0
EMP0009,2025-11-19,GENERAL,60,53,3,1,24,0
EMP0009,2025-11-20,GENERAL,60,52,2,1,6,0
EMP0009,2025-11-21,GENERAL,49,40,2,1,29,0
EMP0009,2025-11-24,GENERAL,44,36,1,0,30,0
EMP0009,2025-11-25,GENERAL,51,40,2,1,40,0
EMP0009,2025-11-26,GENERAL,58,50,2,1,23,0
EMP0009,2025-11-27,GENERAL,57,46,2,1,24,0
EMP0009,2025-11-28,GENERAL,44,35,1,1,23,0
EMP0009,2025-12-01,GENERAL,50,45,2,1,21,0
EMP0009,2025-12-02,GENERAL,55,47,2,1,12,0
EMP0009,2025-12-03,GENERAL,50,39,2,1,12,0
EMP0009,2025-12-04,GENERAL,55,43,2,1,33,0
EMP0009,2025-12-05,GENERAL,55,45,2,1,20,0
EMP0009,2025-12-08,GENERAL,40,35,2,1,19,0
EMP0009,2025-12-09,GENERAL,49,42,2,1,0,0
EMP0009,2025-12-10,GENERAL,41,38,2,1,10,0
EMP0009,2025-12-11,GENERAL,58,47,2,1,3,0
EMP0009,2025-12-12,GENERAL,60,45,2,1,3,0
EMP0009,2025-12-15,GENERAL,40,36,2,1,59,0
EMP0009,2025-12-16,GENERAL,57,48,2,1,24,0
EMP0009,2025-12-17,GENERAL,46,36,1,0,30,0
EMP0009,2025-12-18,GENERAL,46,36,1,0,13,0
EMP0009,2025-12-19,GENERAL,49,45,2,1,25,0
EMP0009,2025-12-22,GENERAL,49,41,2,1,5,0
EMP0009,2025-12-24,GENERAL,48,40,2,1,21,0
EMP0009,2025-12-26,GENERAL,48,43,2,1,42,0
EMP0009,2025-12-29,GENERAL,49,42,2,1,10,0
EMP0009,2025-12-30,GENERAL,55,42,2,1,2,0
EMP0009,2026-01-02,GENERAL,40,31,1,1,25,0
EMP0009,2026-01-05,GENERAL,41,38,2,1,9,0
EMP0009,2026-01-06,GENERAL,54,45,2,1,11,0
EMP0009,2026-01-07,GENERAL,51,42,2,1,23,0
EMP0009,2026-01-08,GENERAL,51,45,2,1,13,0
EMP0009,2026-01-12,GENERAL,49,38,2,1,5,0
EMP0009,2026-01-13,GENERAL,53,49,2,1,6,0
EMP0009,2026-01-14,GENERAL,40,36,2,1,29,0
EMP0009,2026-01-15,GENERAL,42,37,2,1,16,0
EMP0009,2026-01-16,GENERAL,51,42,2,1,26,0
EMP0009,2026-01-19,GENERAL,50,39,2,1,22,0
EMP0009,2026-01-20,GENERAL,45,37,1,1,15,0
EMP0009,2026-01-21,GENERAL,45,41,2,1,54,0
EMP0009,2026-01-22,GENERAL,53,45,2,1,66,0
EMP0009,2026-01-23,GENERAL,51,46,2,1,18,0
EMP0009,2026-01-26,GENERAL,53,47,2,1,8,0
EMP0009,2026-01-27,GENERAL,41,36,1,1,27,0
EMP0009,2026-01-28,GENERAL,48,39,2,1,2,0
EMP0009,2026-01-29,GENERAL,46,38,2,1,3,0
EMP0009,2026-01-30,GENERAL,51,47,2,1,9,0
EMP0009,2026-02-02,GENERAL,47,39,2,1,11,0
EMP0009,2026-02-05,GENERAL,42,38,2,1,0,0
EMP0009,2026-02-09,GENERAL,43,38,2,1,58,0
EMP0009,2026-02-10,GENERAL,60,47,2,1,3,0
EMP0009,2026-02-11,GENERAL,43,38,2,1,2,0
EMP0009,2026-02-12,GENERAL,57,45,2,1,6,0
EMP0009,2026-02-13,GENERAL,60,47,2,1,3,0
EMP0009,2026-02-16,GENERAL,40,37,2,1,1,0
EMP0009,2026-02-17,GENERAL,52,46,2,1,30,0
EMP0009,2026-02-19,GENERAL,44,34,2,1,9,0
EMP0009,2026-02-20,GENERAL,40,36,1,1,21,0
EMP0009,2026-02-23,GENERAL,55,47,2,1,2,0
EMP0009,2026-02-24,GENERAL,56,51,3,2,17,0
EMP0009,2026-02-25,GENERAL,57,49,2,1,29,0
EMP0009,2026-02-26,GENERAL,47,38,2,1,24,0
EMP0009,2026-02-27,GENERAL,54,49,2,1,26,0
EMP0009,2026-03-02,GENERAL,54,43,2,1,1,0
EMP0009,2026-03-03,GENERAL,41,33,1,1,23,0
EMP0009,2026-03-04,GENERAL,46,37,1,0,17,0
EMP0009,2026-03-05,GENERAL,40,32,1,0,7,0
EMP0009,2026-03-06,GENERAL,41,31,1,0,0,0
EMP0009,2026-03-09,GENERAL,50,41,2,1,0,0
EMP0009,2026-03-10,GENERAL,56,46,2,1,11,0
EMP0009,2026-03-11,GENERAL,54,48,2,1,19,0
EMP0009,2026-03-12,GENERAL,49,37,1,0,42,0
EMP0009,2026-03-13,GENERAL,44,33,2,1,2,0
EMP0009,2026-03-16,GENERAL,50,44,2,1,29,0
EMP0009,2026-03-17,GENERAL,58,53,3,2,15,0
EMP0009,2026-03-18,GENERAL,55,43,2,1,72,0
EMP0009,2026-03-19,GENERAL,43,38,2,1,37,0
EMP0009,2026-03-20,GENERAL,48,41,2,1,13,0
EMP0009,2026-03-24,GENERAL,48,43,2,1,11,0
EMP0009,2026-03-25,GENERAL,56,44,2,1,29,0
EMP0009,2026-03-26,GENERAL,50,43,2,1,7,0
EMP0009,2026-03-27,GENERAL,52,40,2,1,9,0
EMP0009,2026-03-30,GENERAL,58,50,2,1,10,0
EMP0009,2026-03-31,GENERAL,59,53,2,1,14,0
EMP0009,2026-04-01,GENERAL,57,45,2,1,27,0
EMP0009,2026-04-02,GENERAL,59,54,3,2,13,0
EMP0009,2026-04-03,GENERAL,47,43,2,1,20,0
EMP0009,2026-04-06,GENERAL,43,39,2,1,28,0
EMP0009,2026-04-07,GENERAL,47,36,2,1,1,0
EMP0009,2026-04-08,GENERAL,51,43,2,1,29,0
EMP0009,2026-04-09,GENERAL,50,40,2,1,26,0
EMP0009,2026-04-10,GENERAL,55,44,2,1,73,0
EMP0009,2026-04-14,GENERAL,55,42,2,1,6,0
EMP0009,2026-04-15,GENERAL,42,37,1,1,5,0
EMP0009,2026-04-16,GENERAL,55,45,2,1,29,0
EMP0009,2026-04-17,GENERAL,55,49,2,1,7,0
EMP0009,2026-04-20,GENERAL,46,39,2,1,25,0
EMP0009,2026-04-21,GENERAL,42,35,1,0,30,0
EMP0009,2026-04-22,GENERAL,59,49,2,1,27,0
EMP0009,2026-04-23,GENERAL,54,46,2,1,28,0
EMP0009,2026-04-24,GENERAL,45,36,1,1,21,0
EMP0009,2026-04-27,GENERAL,55,44,2,1,6,0
EMP0009,2026-04-28,GENERAL,44,35,1,0,15,0
EMP0009,2026-04-29,GENERAL,53,49,2,1,21,0
EMP0009,2026-04-30,GENERAL,57,51,2,1,12,0
EMP0009,2026-05-04,GENERAL,44,38,2,1,4,0
EMP0009,2026-05-05,GENERAL,52,41,2,1,26,0
EMP0009,2026-05-06,GENERAL,49,44,2,1,9,0
EMP0009,2026-05-07,GENERAL,46,41,2,1,0,0
EMP0009,2026-05-08,GENERAL,45,38,2,1,13,0
EMP0009,2026-05-11,GENERAL,50,41,2,1,10,0
EMP0009,2026-05-12,GENERAL,59,49,2,1,64,0
EMP0009,2026-05-13,GENERAL,58,45,2,1,18,0
EMP0009,2026-05-14,GENERAL,52,40,2,1,7,0
EMP0009,2026-05-15,GENERAL,52,41,2,1,13,0
EMP0009,2026-05-18,GENERAL,58,49,2,1,14,0
EMP0009,2026-05-19,GENERAL,53,41,2,1,22,0
EMP0009,2026-05-20,GENERAL,52,43,2,1,11,0
EMP0009,2026-05-21,GENERAL,43,33,1,0,22,0
EMP0009,2026-05-22,GENERAL,60,46,2,1,21,0
EMP0009,2026-05-25,GENERAL,57,44,2,1,15,0
EMP0009,2026-05-26,GENERAL,44,38,2,1,23,0
EMP0009,2026-05-27,GENERAL,52,44,2,1,29,0
EMP0009,2026-05-28,GENERAL,57,47,2,1,20,0
EMP0009,2026-05-29,GENERAL,46,36,1,1,30,0
EMP0009,2026-06-01,GENERAL,58,49,2,1,29,0
EMP0009,2026-06-02,GENERAL,47,43,2,1,10,0
EMP0009,2026-06-03,GENERAL,50,38,2,1,22,0
EMP0009,2026-06-04,GENERAL,50,39,2,1,8,0
EMP0009,2026-06-05,GENERAL,40,36,1,0,25,0
EMP0009,2026-06-08,GENERAL,49,45,2,1,15,0
EMP0009,2026-06-09,GENERAL,48,38,2,1,6,0
EMP0009,2026-06-10,GENERAL,55,42,2,1,6,0
EMP0009,2026-06-11,GENERAL,40,32,2,1,72,0
EMP0009,2026-06-15,GENERAL,57,46,2,1,16,0
EMP0009,2026-06-16,GENERAL,42,37,2,1,7,0
EMP0009,2026-06-17,GENERAL,58,48,2,1,28,0
EMP0009,2026-06-18,GENERAL,60,48,2,1,16,0
EMP0009,2026-06-19,GENERAL,59,47,2,1,3,0
EMP0009,2026-06-22,GENERAL,54,46,2,1,17,0
EMP0009,2026-06-23,GENERAL,50,46,2,1,18,0
EMP0009,2026-06-24,GENERAL,40,33,1,1,68,0
EMP0009,2026-06-29,GENERAL,46,36,2,1,19,0
EMP0009,2026-06-30,GENERAL,45,36,2,1,25,0
EMP0009,2026-07-01,GENERAL,51,45,2,1,22,0
EMP0009,2026-07-02,GENERAL,50,38,2,1,5,0
EMP0009,2026-07-03,GENERAL,58,50,3,1,70,0
EMP0009,2026-07-06,GENERAL,58,47,2,1,1,0
EMP0009,2026-07-07,GENERAL,47,36,1,0,61,0
EMP0009,2026-07-08,GENERAL,55,46,2,1,13,0
EMP0009,2026-07-09,GENERAL,47,39,2,1,23,1
EMP0009,2026-07-10,GENERAL,45,34,1,1,74,0
EMP0009,2026-07-13,GENERAL,44,34,1,0,26,0
EMP0009,2026-07-14,GENERAL,44,34,1,0,13,0
EMP0009,2026-07-15,GENERAL,51,41,2,1,28,0
EMP0009,2026-07-16,GENERAL,60,51,3,1,17,0
EMP0009,2026-07-17,GENERAL,52,43,2,1,27,0
EMP0009,2026-07-20,GENERAL,45,36,1,1,26,0
EMP0009,2026-07-21,GENERAL,57,45,2,1,46,0
EMP0009,2026-07-22,GENERAL,54,44,2,1,4,0
EMP0009,2026-07-23,GENERAL,47,42,2,1,21,0
EMP0009,2026-07-24,GENERAL,47,43,2,1,58,0
EMP0009,2026-07-27,GENERAL,56,50,3,2,25,0
EMP0009,2026-07-28,GENERAL,42,34,1,0,7,0
EMP0009,2026-07-29,GENERAL,40,30,1,0,5,0
EMP0009,2026-07-30,GENERAL,47,40,2,1,10,0
EMP0009,2026-07-31,GENERAL,51,44,2,1,14,0
EMP0009,2026-08-03,GENERAL,49,44,2,1,6,0
EMP0009,2026-08-04,GENERAL,57,44,2,1,52,0
EMP0009,2026-08-05,GENERAL,43,33,1,0,12,0
EMP0009,2026-08-06,GENERAL,54,47,2,1,24,0
EMP0009,2026-08-07,GENERAL,42,32,1,0,22,0
EMP0009,2026-08-11,GENERAL,46,40,2,1,7,0
EMP0009,2026-08-12,GENERAL,54,48,2,1,38,0
EMP0009,2026-08-13,GENERAL,56,45,2,1,5,0
EMP0009,2026-08-14,GENERAL,52,44,2,1,34,0
EMP0009,2026-08-17,GENERAL,47,36,2,1,17,0
EMP0009,2026-08-18,GENERAL,42,32,1,1,22,0
EMP0009,2026-08-19,GENERAL,53,45,2,1,8,0
EMP0009,2026-08-20,GENERAL,42,33,1,0,5,0
EMP0009,2026-08-21,GENERAL,41,38,2,1,26,0
EMP0009,2026-08-24,GENERAL,47,39,2,1,5,0
EMP0009,2026-08-25,GENERAL,41,34,1,1,17,0
EMP0009,2026-08-26,GENERAL,48,37,1,0,30,0
EMP0009,2026-08-27,GENERAL,45,36,2,1,17,0
EMP0009,2026-08-28,GENERAL,50,40,2,1,27,0
EMP0009,2026-08-31,GENERAL,52,46,2,1,17,0
EMP0009,2026-09-01,GENERAL,47,38,2,1,3,0
EMP0009,2026-09-02,GENERAL,52,43,2,1,4,0
EMP0009,2026-09-03,GENERAL,43,35,2,1,25,0
EMP0009,2026-09-04,GENERAL,48,38,2,1,28,0
EMP0009,2026-09-07,GENERAL,50,46,2,1,64,0
EMP0009,2026-09-08,GENERAL,47,40,2,1,6,0
EMP0009,2026-09-09,GENERAL,52,40,2,1,5,0
EMP0009,2026-09-10,GENERAL,55,43,2,1,44,0
EMP0009,2026-09-11,GENERAL,58,52,2,1,6,0
EMP0010,2025-09-11,SHIFT_A,86,44,5,3,19,1
EMP0010,2025-09-12,SHIFT_A,86,46,5,2,4,0
EMP0010,2025-09-15,SHIFT_A,71,43,5,3,13,0
EMP0010,2025-09-16,SHIFT_A,71,37,4,2,39,0
EMP0010,2025-09-17,SHIFT_A,94,56,6,3,12,0
EMP0010,2025-09-18,SHIFT_A,97,59,6,2,15,0
EMP0010,2025-09-19,SHIFT_A,97,51,6,4,27,0
EMP0010,2025-09-22,SHIFT_A,79,40,4,1,14,0
EMP0010,2025-09-23,SHIFT_A,92,54,5,2,22,0
EMP0010,2025-09-24,SHIFT_A,93,48,5,2,24,0
EMP0010,2025-09-25,SHIFT_A,76,41,4,2,4,0
EMP0010,2025-09-26,SHIFT_A,77,44,5,2,24,0
EMP0010,2025-09-29,SHIFT_A,80,47,5,3,2,0
EMP0010,2025-09-30,SHIFT_A,90,48,5,3,5,0
EMP0010,2025-10-01,SHIFT_A,100,55,6,2,26,1
EMP0010,2025-10-02,SHIFT_A,84,50,6,4,10,0
EMP0010,2025-10-03,SHIFT_A,78,44,5,3,12,0
EMP0010,2025-10-06,SHIFT_A,72,40,4,3,9,0
EMP0010,2025-10-07,SHIFT_A,95,54,6,2,6,0
EMP0010,2025-10-08,SHIFT_A,98,56,6,4,54,0
EMP0010,2025-10-09,SHIFT_A,85,46,5,2,11,0
EMP0010,2025-10-10,SHIFT_A,98,51,6,3,13,0
EMP0010,2025-10-13,SHIFT_A,75,46,5,2,46,0
EMP0010,2025-10-14,SHIFT_A,80,41,4,2,13,0
EMP0010,2025-10-15,SHIFT_A,78,40,4,2,11,0
EMP0010,2025-10-16,SHIFT_A,82,42,4,2,13,0
EMP0010,2025-10-17,SHIFT_A,92,53,5,3,8,0
EMP0010,2025-10-20,SHIFT_A,77,44,5,2,60,0
EMP0010,2025-10-21,SHIFT_A,97,55,6,4,9,0
EMP0010,2025-10-22,SHIFT_A,76,43,4,2,12,0
EMP0010,2025-10-23,SHIFT_A,92,55,6,4,0,0
EMP0010,2025-10-24,SHIFT_A,76,43,5,3,71,0
EMP0010,2025-10-27,SHIFT_A,77,40,4,2,54,0
EMP0010,2025-10-28,SHIFT_A,82,46,5,3,3,0
EMP0010,2025-10-29,SHIFT_A,85,46,5,2,4,0
EMP0010,2025-10-30,SHIFT_A,95,51,5,3,19,0
EMP0010,2025-10-31,SHIFT_A,73,43,4,1,13,0
EMP0010,2025-11-03,SHIFT_A,86,44,4,2,51,0
EMP0010,2025-11-04,SHIFT_A,91,47,5,2,15,0
EMP0010,2025-11-05,SHIFT_A,99,60,6,3,17,0
EMP0010,2025-11-06,SHIFT_A,90,50,5,2,14,0
EMP0010,2025-11-07,SHIFT_A,88,49,5,3,3,0
EMP0010,2025-11-10,SHIFT_A,94,52,6,2,30,0
EMP0010,2025-11-11,SHIFT_A,96,49,5,3,15,0
EMP0010,2025-11-12,SHIFT_A,86,47,5,2,20,0
EMP0010,2025-11-13,SHIFT_A,98,58,6,3,9,0
EMP0010,2025-11-14,SHIFT_A,75,40,4,2,23,0
EMP0010,2025-11-17,SHIFT_A,71,40,4,1,31,0
EMP0010,2025-11-18,SHIFT_A,81,46,5,2,8,0
EMP0010,2025-11-19,SHIFT_A,100,54,5,3,1,0
EMP0010,2025-11-20,SHIFT_A,75,45,5,2,7,0
EMP0010,2025-11-21,SHIFT_A,90,47,5,2,3,0
EMP0010,2025-11-24,SHIFT_A,85,50,5,3,14,0
EMP0010,2025-11-25,SHIFT_A,88,49,5,2,14,0
EMP0010,2025-11-26,SHIFT_A,79,43,5,3,10,0
EMP0010,2025-11-27,SHIFT_A,83,49,5,2,13,0
EMP0010,2025-11-28,SHIFT_A,70,41,4,2,27,0
EMP0010,2025-12-01,SHIFT_A,73,44,5,3,30,0
EMP0010,2025-12-02,SHIFT_A,85,51,5,3,19,0
EMP0010,2025-12-03,SHIFT_A,92,52,6,3,0,0
EMP0010,2025-12-04,SHIFT_A,100,54,5,2,27,1
EMP0010,2025-12-05,SHIFT_A,96,51,6,3,14,0
EMP0010,2025-12-08,SHIFT_A,82,45,5,2,15,0
EMP0010,2025-12-09,SHIFT_A,95,52,6,3,16,0
EMP0010,2025-12-10,SHIFT_A,93,47,5,2,0,0
EMP0010,2025-12-11,SHIFT_A,97,53,6,2,28,0
EMP0010,2025-12-12,SHIFT_A,93,49,5,4,10,0
EMP0010,2025-12-15,SHIFT_A,97,53,6,2,17,1
EMP0010,2025-12-16,SHIFT_A,96,51,6,3,55,0
EMP0010,2025-12-17,SHIFT_A,70,35,4,2,10,0
EMP0010,2025-12-18,SHIFT_A,100,52,5,3,15,0
EMP0010,2025-12-19,SHIFT_A,84,46,5,2,11,0
EMP0010,2025-12-22,SHIFT_A,96,52,5,2,28,0
EMP0010,2025-12-23,SHIFT_A,99,58,6,3,26,0
EMP0010,2025-12-24,SHIFT_A,91,51,5,3,24,0
EMP0010,2025-12-26,SHIFT_A,97,59,6,4,24,0
EMP0010,2025-12-29,SHIFT_A,87,52,5,2,42,0
EMP0010,2025-12-30,SHIFT_A,93,54,6,4,46,0
EMP0010,2026-01-02,SHIFT_A,84,43,4,2,23,0
EMP0010,2026-01-05,SHIFT_A,82,45,5,3,9,0
EMP0010,2026-01-06,SHIFT_A,89,46,5,2,7,0
EMP0010,2026-01-07,SHIFT_A,79,46,5,3,27,0
EMP0010,2026-01-08,SHIFT_A,91,56,6,2,27,0
EMP0010,2026-01-09,SHIFT_A,97,55,6,3,11,0
EMP0010,2026-01-12,SHIFT_A,81,45,5,3,25,0
EMP0010,2026-01-13,SHIFT_A,78,40,4,2,24,0
EMP0010,2026-01-14,SHIFT_A,93,49,5,3,7,0
EMP0010,2026-01-15,SHIFT_A,77,41,4,1,16,0
EMP0010,2026-01-16,SHIFT_A,73,39,4,2,30,0
EMP0010,2026-01-19,SHIFT_A,72,42,4,2,16,0
EMP0010,2026-01-20,SHIFT_A,75,40,4,2,7,0
EMP0010,2026-01-22,SHIFT_A,93,55,6,3,19,0
EMP0010,2026-01-23,SHIFT_A,93,48,5,3,28,0
EMP0010,2026-01-26,SHIFT_A,81,41,4,1,29,0
EMP0010,2026-01-27,SHIFT_A,84,48,5,2,9,0
EMP0010,2026-01-28,SHIFT_A,98,52,6,3,74,0
EMP0010,2026-01-29,SHIFT_A,85,45,5,3,30,0
EMP0010,2026-01-30,SHIFT_A,95,52,6,2,6,0
EMP0010,2026-02-02,SHIFT_A,72,37,4,1,24,0
EMP0010,2026-02-03,SHIFT_A,77,45,5,2,22,0
EMP0010,2026-02-05,SHIFT_A,79,45,5,2,19,0
EMP0010,2026-02-06,SHIFT_A,83,45,5,3,26,0
EMP0010,2026-02-09,SHIFT_A,70,39,4,2,7,0
EMP0010,2026-02-10,SHIFT_A,86,50,5,3,39,0
EMP0010,2026-02-11,SHIFT_A,88,49,5,3,3,0
EMP0010,2026-02-12,SHIFT_A,71,38,4,1,30,0
EMP0010,2026-02-13,SHIFT_A,77,43,5,3,17,0
EMP0010,2026-02-16,SHIFT_A,76,40,4,1,27,0
EMP0010,2026-02-17,SHIFT_A,93,52,5,2,5,0
EMP0010,2026-02-18,SHIFT_A,76,43,4,2,33,0
EMP0010,2026-02-19,SHIFT_A,95,55,6,3,2,0
EMP0010,2026-02-20,SHIFT_A,87,44,5,2,32,0
EMP0010,2026-02-23,SHIFT_A,73,42,5,3,27,0
EMP0010,2026-02-24,SHIFT_A,90,45,5,2,1,0
EMP0010,2026-02-25,SHIFT_A,80,43,4,2,2,0
EMP0010,2026-02-26,SHIFT_A,77,42,5,2,25,0
EMP0010,2026-02-27,SHIFT_A,98,53,5,2,21,0
EMP0010,2026-03-02,SHIFT_A,89,52,5,2,27,0
EMP0010,2026-03-03,SHIFT_A,83,47,5,2,29,0
EMP0010,2026-03-04,SHIFT_A,87,52,5,3,37,0
EMP0010,2026-03-05,SHIFT_A,83,48,5,3,17,0
EMP0010,2026-03-06,SHIFT_A,70,40,4,2,26,0
EMP0010,2026-03-10,SHIFT_A,92,56,6,2,13,0
EMP0010,2026-03-11,SHIFT_A,81,44,4,3,18,0
EMP0010,2026-03-12,SHIFT_A,70,41,4,3,10,0
EMP0010,2026-03-13,SHIFT_A,90,48,5,2,0,0
EMP0010,2026-03-16,SHIFT_A,70,42,4,2,18,0
EMP0010,2026-03-17,SHIFT_A,92,53,6,2,0,0
EMP0010,2026-03-18,SHIFT_A,79,43,4,1,5,0
EMP0010,2026-03-19,SHIFT_A,75,45,5,3,18,0
EMP0010,2026-03-20,SHIFT_A,93,49,5,2,34,0
EMP0010,2026-03-23,SHIFT_A,77,39,4,2,9,0
EMP0010,2026-03-24,SHIFT_A,73,43,4,2,0,0
EMP0010,2026-03-25,SHIFT_A,99,52,5,2,16,0
EMP0010,2026-03-26,SHIFT_A,73,37,4,2,67,0
EMP0010,2026-03-27,SHIFT_A,89,50,6,3,1,0
EMP0010,2026-03-30,SHIFT_A,94,49,5,2,24,0
EMP0010,2026-03-31,SHIFT_A,72,40,4,2,16,0
EMP0010,2026-04-01,SHIFT_A,79,41,4,2,27,0
EMP0010,2026-04-03,SHIFT_A,73,45,5,3,23,0
EMP0010,2026-04-06,SHIFT_A,93,56,6,3,14,0
EMP0010,2026-04-07,SHIFT_A,88,45,5,3,17,0
EMP0010,2026-04-08,SHIFT_A,72,44,4,2,21,0
EMP0010,2026-04-09,SHIFT_A,94,49,5,3,29,0
EMP0010,2026-04-10,SHIFT_A,93,54,6,4,17,0
EMP0010,2026-04-13,SHIFT_A,70,36,4,2,11,0
EMP0010,2026-04-14,SHIFT_A,77,41,4,2,13,0
EMP0010,2026-04-15,SHIFT_A,88,54,5,2,7,0
EMP0010,2026-04-16,SHIFT_A,72,37,4,3,15,0
EMP0010,2026-04-17,SHIFT_A,95,54,6,4,30,0
EMP0010,2026-04-20,SHIFT_A,75,39,4,2,26,0
EMP0010,2026-04-21,SHIFT_A,87,50,6,3,17,0
EMP0010,2026-04-22,SHIFT_A,93,57,6,4,8,0
EMP0010,2026-04-23,SHIFT_A,86,52,6,3,60,0
EMP0010,2026-04-24,SHIFT_A,77,45,5,3,22,0
EMP0010,2026-04-27,SHIFT_A,85,48,5,3,21,0
EMP0010,2026-04-28,SHIFT_A,99,54,5,2,18,0
EMP0010,2026-04-29,SHIFT_A,77,47,5,2,24,0
EMP0010,2026-04-30,SHIFT_A,83,48,5,3,23,0
EMP0010,2026-05-04,SHIFT_A,78,48,5,2,12,0
EMP0010,2026-05-05,SHIFT_A,91,52,5,2,1,0
EMP0010,2026-05-06,SHIFT_A,80,47,5,3,4,0
EMP0010,2026-05-07,SHIFT_A,95,49,5,3,18,0
EMP0010,2026-05-08,SHIFT_A,76,39,4,3,20,0
EMP0010,2026-05-11,SHIFT_A,75,39,4,2,14,0
EMP0010,2026-05-12,SHIFT_A,74,40,4,3,16,0
EMP0010,2026-05-13,SHIFT_A,75,39,4,2,46,0
EMP0010,2026-05-14,SHIFT_A,92,52,6,4,14,0
EMP0010,2026-05-15,SHIFT_A,91,48,5,2,18,0
EMP0010,2026-05-18,SHIFT_A,81,48,5,2,4,0
EMP0010,2026-05-19,SHIFT_A,100,60,6,3,27,0
EMP0010,2026-05-20,SHIFT_A,77,44,4,3,16,0
EMP0010,2026-05-21,SHIFT_A,95,54,5,3,7,0
EMP0010,2026-05-22,SHIFT_A,70,36,4,2,5,0
EMP0010,2026-05-26,SHIFT_A,92,56,6,2,8,0
EMP0010,2026-05-27,SHIFT_A,78,46,5,2,7,0
EMP0010,2026-05-28,SHIFT_A,72,37,4,2,4,0
EMP0010,2026-05-29,SHIFT_A,87,44,4,2,11,0
EMP0010,2026-06-01,SHIFT_A,95,51,5,3,8,0
EMP0010,2026-06-02,SHIFT_A,85,51,5,2,18,0
EMP0010,2026-06-03,SHIFT_A,88,51,5,2,63,0
EMP0010,2026-06-04,SHIFT_A,86,48,5,2,16,0
EMP0010,2026-06-05,SHIFT_A,90,46,5,3,30,0
EMP0010,2026-06-08,SHIFT_A,80,47,5,3,29,0
EMP0010,2026-06-09,SHIFT_A,85,46,5,3,19,0
EMP0010,2026-06-10,SHIFT_A,84,51,5,2,1,0
EMP0010,2026-06-11,SHIFT_A,78,43,4,2,16,0
EMP0010,2026-06-12,SHIFT_A,76,45,5,3,3,0
EMP0010,2026-06-15,SHIFT_A,100,60,6,4,6,0
EMP0010,2026-06-16,SHIFT_A,87,50,6,3,12,0
EMP0010,2026-06-17,SHIFT_A,80,41,5,2,8,0
EMP0010,2026-06-18,SHIFT_A,92,53,5,2,5,0
EMP0010,2026-06-19,SHIFT_A,77,44,4,2,2,0
EMP0010,2026-06-22,SHIFT_A,77,42,5,2,27,0
EMP0010,2026-06-23,SHIFT_A,100,60,6,2,23,0
EMP0010,2026-06-24,SHIFT_A,92,47,5,3,2,0
EMP0010,2026-06-25,SHIFT_A,88,49,5,2,8,0
EMP0010,2026-06-26,SHIFT_A,85,46,5,3,25,0
EMP0010,2026-06-29,SHIFT_A,98,54,6,2,1,0
EMP0010,2026-06-30,SHIFT_A,98,57,6,2,26,0
EMP0010,2026-07-01,SHIFT_A,91,49,5,2,9,0
EMP0010,2026-07-02,SHIFT_A,80,44,4,3,22,0
EMP0010,2026-07-03,SHIFT_A,93,54,6,2,25,0
EMP0010,2026-07-06,SHIFT_A,83,49,5,3,4,0
EMP0010,2026-07-07,SHIFT_A,97,55,6,3,17,0
EMP0010,2026-07-08,SHIFT_A,94,57,6,2,5,0
EMP0010,2026-07-10,SHIFT_A,72,40,4,2,22,0
EMP0010,2026-07-13,SHIFT_A,83,45,5,2,22,0
EMP0010,2026-07-14,SHIFT_A,89,46,5,2,12,0
EMP0010,2026-07-15,SHIFT_A,73,45,5,2,30,0
EMP0010,2026-07-16,SHIFT_A,84,50,6,4,45,0
EMP0010,2026-07-17,SHIFT_A,96,56,6,4,9,0
EMP0010,2026-07-20,SHIFT_A,94,49,5,2,23,0
EMP0010,2026-07-21,SHIFT_A,74,41,4,1,11,0
EMP0010,2026-07-22,SHIFT_A,88,45,5,2,17,0
EMP0010,2026-07-23,SHIFT_A,75,41,4,2,11,0
EMP0010,2026-07-24,SHIFT_A,86,50,6,3,30,0
EMP0010,2026-07-27,SHIFT_A,84,44,5,3,23,0
EMP0010,2026-07-28,SHIFT_A,88,47,5,2,5,0
EMP0010,2026-07-29,SHIFT_A,81,49,5,2,26,0
EMP0010,2026-07-30,SHIFT_A,95,55,6,3,19,0
EMP0010,2026-07-31,SHIFT_A,78,47,5,2,44,0
EMP0010,2026-08-03,SHIFT_A,70,36,4,2,15,0
EMP0010,2026-08-04,SHIFT_A,97,51,5,2,18,0
EMP0010,2026-08-05,SHIFT_A,79,48,5,3,12,0
EMP0010,2026-08-06,SHIFT_A,92,49,5,2,8,0
EMP0010,2026-08-07,SHIFT_A,86,51,6,2,22,0
EMP0010,2026-08-10,SHIFT_A,93,52,5,3,25,0
EMP0010,2026-08-11,SHIFT_A,76,40,4,2,29,0
EMP0010,2026-08-12,SHIFT_A,93,47,5,3,16,0
EMP0010,2026-08-13,SHIFT_A,73,41,5,2,29,0
EMP0010,2026-08-14,SHIFT_A,78,42,4,2,58,0
EMP0010,2026-08-17,SHIFT_A,80,49,5,3,11,0
EMP0010,2026-08-18,SHIFT_A,79,46,5,3,24,0
EMP0010,2026-08-19,SHIFT_A,92,49,5,2,26,0
EMP0010,2026-08-20,SHIFT_A,76,40,4,1,19,0
EMP0010,2026-08-21,SHIFT_A,99,54,5,2,9,0
EMP0010,2026-08-25,SHIFT_A,70,41,4,1,10,0
EMP0010,2026-08-26,SHIFT_A,96,53,5,2,62,0
EMP0010,2026-08-27,SHIFT_A,90,52,5,3,22,0
EMP0010,2026-08-28,SHIFT_A,70,36,4,2,20,0
EMP0010,2026-08-31,SHIFT_A,96,57,6,4,24,0
EMP0010,2026-09-01,SHIFT_A,76,44,4,2,24,0
EMP0010,2026-09-02,SHIFT_A,79,44,4,2,11,0
EMP0010,2026-09-03,SHIFT_A,86,45,5,3,17,0
EMP0010,2026-09-04,SHIFT_A,84,49,5,2,4,0
EMP0010,2026-09-07,SHIFT_A,85,50,5,2,25,0
EMP0010,2026-09-08,SHIFT_A,72,37,4,2,6,0
EMP0010,2026-09-09,SHIFT_A,90,49,5,3,2,0
EMP0010,2026-09-10,SHIFT_A,73,45,5,2,11,0
EMP0010,2026-09-11,SHIFT_A,93,56,6,2,6,0
EMP0011,2025-09-11,SHIFT_B,99,76,2,1,24,0
EMP0011,2025-09-12,SHIFT_B,88,65,1,1,17,0
EMP0011,2025-09-15,SHIFT_B,87,68,1,0,14,0
EMP0011,2025-09-16,SHIFT_B,73,63,1,1,14,0
EMP0011,2025-09-17,SHIFT_B,81,68,2,1,22,0
EMP0011,2025-09-18,SHIFT_B,74,59,2,1,6,0
EMP0011,2025-09-19,SHIFT_B,72,53,2,1,12,0
EMP0011,2025-09-22,SHIFT_B,87,65,1,0,6,0
EMP0011,2025-09-23,SHIFT_B,74,55,2,1,1,0
EMP0011,2025-09-24,SHIFT_B,73,53,2,1,3,0
EMP0011,2025-09-25,SHIFT_B,77,67,1,1,19,0
EMP0011,2025-09-26,SHIFT_B,99,77,2,1,0,0
EMP0011,2025-09-29,SHIFT_B,85,69,1,0,13,0
EMP0011,2025-09-30,SHIFT_B,70,51,1,1,14,0
EMP0011,2025-10-01,SHIFT_B,73,59,1,0,22,0
EMP0011,2025-10-02,SHIFT_B,76,57,1,0,21,0
EMP0011,2025-10-03,SHIFT_B,78,61,1,1,21,0
EMP0011,2025-10-06,SHIFT_B,84,69,1,0,59,0
EMP0011,2025-10-07,SHIFT_B,71,53,1,0,7,0
EMP0011,2025-10-08,SHIFT_B,80,68,2,1,14,0
EMP0011,2025-10-09,SHIFT_B,83,63,1,1,13,0
EMP0011,2025-10-10,SHIFT_B,89,73,1,0,18,0
EMP0011,2025-10-13,SHIFT_B,82,66,2,1,26,0
EMP0011,2025-10-14,SHIFT_B,90,69,2,1,27,0
EMP0011,2025-10-15,SHIFT_B,83,61,1,1,25,0
EMP0011,2025-10-16,SHIFT_B,84,59,1,1,25,0
EMP0011,2025-10-20,SHIFT_B,81,68,2,1,23,0
EMP0011,2025-10-21,SHIFT_B,92,80,2,1,19,1
EMP0011,2025-10-22,SHIFT_B,78,56,2,1,25,0
EMP0011,2025-10-23,SHIFT_B,90,76,2,1,7,0
EMP0011,2025-10-24,SHIFT_B,79,65,1,0,1,0
EMP0011,2025-10-27,SHIFT_B,96,73,1,0,8,0
EMP0011,2025-10-28,SHIFT_B,87,70,1,1,2,1
EMP0011,2025-10-29,SHIFT_B,94,71,1,0,63,0
EMP0011,2025-10-30,SHIFT_B,96,78,2,1,18,0
EMP0011,2025-10-31,SHIFT_B,90,76,2,1,15,0
EMP0011,2025-11-03,SHIFT_B,77,54,2,1,6,0
EMP0011,2025-11-04,SHIFT_B,94,66,1,0,13,0
EMP0011,2025-11-05,SHIFT_B,71,61,1,1,33,0
EMP0011,2025-11-06,SHIFT_B,76,57,2,1,15,0
EMP0011,2025-11-07,SHIFT_B,88,66,1,1,28,0
EMP0011,2025-11-10,SHIFT_B,77,66,1,1,24,0
EMP0011,2025-11-11,SHIFT_B,70,56,1,0,27,0
EMP0011,2025-11-12,SHIFT_B,87,65,1,1,1,0
EMP0011,2025-11-13,SHIFT_B,89,65,1,1,30,0
EMP0011,2025-11-14,SHIFT_B,90,70,1,1,56,0
EMP0011,2025-11-17,SHIFT_B,84,68,1,0,13,0
EMP0011,2025-11-18,SHIFT_B,78,63,1,1,54,0
EMP0011,2025-11-19,SHIFT_B,77,64,1,1,9,0
EMP0011,2025-11-20,SHIFT_B,73,53,2,1,18,0
EMP0011,2025-11-21,SHIFT_B,94,77,2,1,22,0
EMP0011,2025-11-24,SHIFT_B,98,82,2,1,25,0
EMP0011,2025-11-25,SHIFT_B,76,57,2,1,27,0
EMP0011,2025-11-26,SHIFT_B,87,63,1,0,6,0
EMP0011,2025-11-27,SHIFT_B,85,65,2,1,18,0
EMP0011,2025-11-28,SHIFT_B,97,75,2,1,47,0
EMP0011,2025-12-01,SHIFT_B,94,70,1,0,4,0
EMP0011,2025-12-02,SHIFT_B,95,76,2,1,14,0
EMP0011,2025-12-03,SHIFT_B,98,82,2,1,19,0
EMP0011,2025-12-04,SHIFT_B,81,60,1,1,28,0
EMP0011,2025-12-05,SHIFT_B,74,63,2,1,21,0
EMP0011,2025-12-08,SHIFT_B,80,67,2,1,6,0
EMP0011,2025-12-09,SHIFT_B,74,52,1,1,8,0
EMP0011,2025-12-10,SHIFT_B,90,64,2,1,10,0
EMP0011,2025-12-11,SHIFT_B,96,72,1,0,18,0
EMP0011,2025-12-12,SHIFT_B,73,57,1,0,40,0
EMP0011,2025-12-15,SHIFT_B,81,64,2,1,20,0
EMP0011,2025-12-16,SHIFT_B,77,63,2,1,36,0
EMP0011,2025-12-17,SHIFT_B,83,72,2,1,27,0
EMP0011,2025-12-18,SHIFT_B,74,53,1,1,3,0
EMP0011,2025-12-19,SHIFT_B,93,70,2,1,2,0
EMP0011,2025-12-22,SHIFT_B,70,57,1,0,21,0
EMP0011,2025-12-23,SHIFT_B,78,62,1,0,29,0
EMP0011,2025-12-24,SHIFT_B,79,58,1,0,13,0
EMP0011,2025-12-26,SHIFT_B,76,65,1,1,50,0
EMP0011,2025-12-29,SHIFT_B,90,77,2,1,0,0
EMP0011,2025-12-30,SHIFT_B,94,78,2,1,19,0
EMP0011,2026-01-02,SHIFT_B,99,77,2,1,11,0
EMP0011,2026-01-05,SHIFT_B,70,60,1,1,32,0
EMP0011,2026-01-06,SHIFT_B,70,58,1,0,11,0
EMP0011,2026-01-07,SHIFT_B,84,66,1,1,13,0
EMP0011,2026-01-08,SHIFT_B,89,68,1,0,25,0
EMP0011,2026-01-09,SHIFT_B,92,69,1,0,40,0
EMP0011,2026-01-12,SHIFT_B,97,78,2,1,2,1
EMP0011,2026-01-13,SHIFT_B,99,81,2,1,5,0
EMP0011,2026-01-14,SHIFT_B,80,58,1,1,4,0
EMP0011,2026-01-15,SHIFT_B,95,79,2,1,29,0
EMP0011,2026-01-16,SHIFT_B,80,69,1,0,17,0
EMP0011,2026-01-19,SHIFT_B,79,66,2,1,3,0
EMP0011,2026-01-20,SHIFT_B,71,59,2,1,14,0
EMP0011,2026-01-21,SHIFT_B,86,74,1,1,15,0
EMP0011,2026-01-22,SHIFT_B,74,58,1,1,25,0
EMP0011,2026-01-23,SHIFT_B,93,80,2,1,26,0
EMP0011,2026-01-26,SHIFT_B,71,51,2,1,26,0
EMP0011,2026-01-27,SHIFT_B,74,64,2,1,9,0
EMP0011,2026-01-28,SHIFT_B,96,77,2,1,17,0
EMP0011,2026-01-29,SHIFT_B,78,57,1,1,21,0
EMP0011,2026-01-30,SHIFT_B,75,57,1,1,25,0
EMP0011,2026-02-02,SHIFT_B,70,50,1,0,7,0
EMP0011,2026-02-03,SHIFT_B,98,76,2,1,5,0
EMP0011,2026-02-05,SHIFT_B,89,69,1,1,3,0
EMP0011,2026-02-06,SHIFT_B,84,60,1,1,25,0
EMP0011,2026-02-09,SHIFT_B,97,79,2,1,1,0
EMP0011,2026-02-10,SHIFT_B,83,70,1,1,34,0
EMP0011,2026-02-11,SHIFT_B,90,64,1,0,7,0
EMP0011,2026-02-12,SHIFT_B,71,53,2,1,19,0
EMP0011,2026-02-13,SHIFT_B,74,62,1,1,21,0
EMP0011,2026-02-16,SHIFT_B,70,60,1,0,30,0
EMP0011,2026-02-17,SHIFT_B,72,59,2,1,4,0
EMP0011,2026-02-18,SHIFT_B,74,62,1,0,9,0
EMP0011,2026-02-19,SHIFT_B,88,74,2,1,18,0
EMP0011,2026-02-20,SHIFT_B,87,67,2,1,63,0
EMP0011,2026-02-23,SHIFT_B,79,59,1,0,27,0
EMP0011,2026-02-24,SHIFT_B,90,64,1,0,10,0
EMP0011,2026-02-25,SHIFT_B,91,74,1,0,2,0
EMP0011,2026-02-26,SHIFT_B,78,59,1,1,8,0
EMP0011,2026-02-27,SHIFT_B,74,56,1,1,9,0
EMP0011,2026-03-02,SHIFT_B,87,71,1,1,12,0
EMP0011,2026-03-03,SHIFT_B,99,75,2,1,13,0
EMP0011,2026-03-04,SHIFT_B,74,59,1,1,23,0
EMP0011,2026-03-05,SHIFT_B,70,53,2,1,8,0
EMP0011,2026-03-06,SHIFT_B,91,71,1,1,16,0
EMP0011,2026-03-09,SHIFT_B,95,76,2,1,25,0
EMP0011,2026-03-10,SHIFT_B,83,67,1,1,19,0
EMP0011,2026-03-11,SHIFT_B,98,70,2,1,14,0
EMP0011,2026-03-12,SHIFT_B,85,71,2,1,8,0
EMP0011,2026-03-13,SHIFT_B,78,57,2,1,39,0
EMP0011,2026-03-16,SHIFT_B,90,65,1,1,25,0
EMP0011,2026-03-17,SHIFT_B,72,53,2,1,20,0
EMP0011,2026-03-18,SHIFT_B,76,66,2,1,0,0
EMP0011,2026-03-19,SHIFT_B,89,69,2,1,14,0
EMP0011,2026-03-20,SHIFT_B,88,69,1,0,28,0
EMP0011,2026-03-23,SHIFT_B,97,75,2,1,9,0
EMP0011,2026-03-24,SHIFT_B,88,68,1,0,25,0
EMP0011,2026-03-25,SHIFT_B,100,77,2,1,13,0
EMP0011,2026-03-26,SHIFT_B,96,72,2,1,31,0
EMP0011,2026-03-27,SHIFT_B,83,60,1,0,6,0
EMP0011,2026-03-30,SHIFT_B,83,70,1,1,2,0
EMP0011,2026-03-31,SHIFT_B,73,56,1,1,11,0
EMP0011,2026-04-01,SHIFT_B,83,63,1,0,7,0
EMP0011,2026-04-02,SHIFT_B,96,71,1,1,24,0
EMP0011,2026-04-03,SHIFT_B,88,66,2,1,1,0
EMP0011,2026-04-06,SHIFT_B,84,70,2,1,11,0
EMP0011,2026-04-07,SHIFT_B,97,78,2,1,27,0
EMP0011,2026-04-08,SHIFT_B,72,51,1,1,27,1
EMP0011,2026-04-09,SHIFT_B,73,53,2,1,20,0
EMP0011,2026-04-10,SHIFT_B,78,56,2,1,27,0
EMP0011,2026-04-13,SHIFT_B,91,78,2,1,29,0
EMP0011,2026-04-14,SHIFT_B,70,57,1,0,16,0
EMP0011,2026-04-15,SHIFT_B,81,67,1,0,15,0
EMP0011,2026-04-16,SHIFT_B,89,66,1,0,9,0
EMP0011,2026-04-17,SHIFT_B,73,61,1,0,20,0
EMP0011,2026-04-20,SHIFT_B,90,78,2,1,11,0
EMP0011,2026-04-21,SHIFT_B,74,53,2,1,10,0
EMP0011,2026-04-22,SHIFT_B,86,74,1,0,22,0
EMP0011,2026-04-23,SHIFT_B,92,66,1,0,50,0
EMP0011,2026-04-24,SHIFT_B,87,64,1,0,29,0
EMP0011,2026-04-27,SHIFT_B,74,62,1,0,20,0
EMP0011,2026-04-28,SHIFT_B,98,72,1,1,19,0
EMP0011,2026-04-29,SHIFT_B,80,60,1,0,22,0
EMP0011,2026-04-30,SHIFT_B,88,64,1,0,19,0
EMP0011,2026-05-04,SHIFT_B,96,80,2,1,4,0
EMP0011,2026-05-05,SHIFT_B,88,62,1,1,5,0
EMP0011,2026-05-06,SHIFT_B,76,62,1,0,0,0
EMP0011,2026-05-07,SHIFT_B,75,55,2,1,21,0
EMP0011,2026-05-08,SHIFT_B,91,71,1,0,12,0
EMP0011,2026-05-11,SHIFT_B,78,63,2,1,4,0
EMP0011,2026-05-12,SHIFT_B,88,73,1,0,10,0
EMP0011,2026-05-13,SHIFT_B,89,67,1,1,12,0
EMP0011,2026-05-14,SHIFT_B,70,60,1,0,21,0
EMP0011,2026-05-15,SHIFT_B,92,67,2,1,6,0
EMP0011,2026-05-18,SHIFT_B,76,57,2,1,13,0
EMP0011,2026-05-19,SHIFT_B,96,80,2,1,5,0
EMP0011,2026-05-20,SHIFT_B,91,70,1,0,15,0
EMP0011,2026-05-21,SHIFT_B,96,72,1,1,16,0
EMP0011,2026-05-22,SHIFT_B,83,60,2,1,36,0
EMP0011,2026-05-25,SHIFT_B,88,66,2,1,19,0
EMP0011,2026-05-26,SHIFT_B,86,67,1,0,13,0
EMP0011,2026-05-27,SHIFT_B,91,71,1,1,75,0
EMP0011,2026-05-28,SHIFT_B,90,76,2,1,9,0
EMP0011,2026-05-29,SHIFT_B,98,72,1,1,17,0
EMP0011,2026-06-01,SHIFT_B,82,64,1,1,7,0
EMP0011,2026-06-02,SHIFT_B,71,60,1,1,7,0
EMP0011,2026-06-04,SHIFT_B,81,64,1,0,9,0
EMP0011,2026-06-05,SHIFT_B,95,71,2,1,11,0
EMP0011,2026-06-08,SHIFT_B,86,68,1,1,33,0
EMP0011,2026-06-09,SHIFT_B,85,70,2,1,10,0
EMP0011,2026-06-10,SHIFT_B,81,68,2,1,9,0
EMP0011,2026-06-11,SHIFT_B,76,59,1,0,0,0
EMP0011,2026-06-12,SHIFT_B,93,69,2,1,18,0
EMP0011,2026-06-15,SHIFT_B,76,56,1,0,30,0
EMP0011,2026-06-16,SHIFT_B,84,67,1,0,22,0
EMP0011,2026-06-17,SHIFT_B,88,75,2,1,27,0
EMP0011,2026-06-18,SHIFT_B,72,61,1,1,11,0
EMP0011,2026-06-19,SHIFT_B,85,63,1,0,17,0
EMP0011,2026-06-22,SHIFT_B,75,64,1,1,1,0
EMP0011,2026-06-23,SHIFT_B,98,69,2,1,28,0
EMP0011,2026-06-24,SHIFT_B,98,80,2,1,29,0
EMP0011,2026-06-25,SHIFT_B,88,66,2,1,29,0
EMP0011,2026-06-26,SHIFT_B,100,79,2,1,1,0
EMP0011,2026-06-29,SHIFT_B,74,55,1,1,61,0
EMP0011,2026-06-30,SHIFT_B,80,67,2,1,30,0
EMP0011,2026-07-01,SHIFT_B,88,71,1,1,35,0
EMP0011,2026-07-02,SHIFT_B,70,57,2,1,25,0
EMP0011,2026-07-03,SHIFT_B,96,78,2,1,3,0
EMP0011,2026-07-06,SHIFT_B,87,71,1,1,9,0
EMP0011,2026-07-07,SHIFT_B,82,63,1,1,24,0
EMP0011,2026-07-08,SHIFT_B,90,73,1,0,3,0
EMP0011,2026-07-09,SHIFT_B,83,59,1,0,48,0
EMP0011,2026-07-10,SHIFT_B,95,80,2,1,5,0
EMP0011,2026-07-13,SHIFT_B,80,69,1,0,14,0
EMP0011,2026-07-14,SHIFT_B,97,73,1,0,19,0
EMP0011,2026-07-15,SHIFT_B,85,69,2,1,14,0
EMP0011,2026-07-17,SHIFT_B,90,73,2,1,22,0
EMP0011,2026-07-21,SHIFT_B,72,54,1,0,16,0
EMP0011,2026-07-22,SHIFT_B,84,67,1,0,5,0
EMP0011,2026-07-23,SHIFT_B,73,62,1,0,32,0
EMP0011,2026-07-24,SHIFT_B,80,62,1,0,19,0
EMP0011,2026-07-27,SHIFT_B,70,52,2,1,20,0
EMP0011,2026-07-28,SHIFT_B,70,56,1,0,15,0
EMP0011,2026-07-29,SHIFT_B,94,67,1,0,16,0
EMP0011,2026-07-30,SHIFT_B,78,64,1,0,30,0
EMP0011,2026-07-31,SHIFT_B,92,67,2,1,27,0
EMP0011,2026-08-03,SHIFT_B,92,77,2,1,2,0
EMP0011,2026-08-04,SHIFT_B,77,61,2,1,19,0
EMP0011,2026-08-05,SHIFT_B,91,65,1,0,11,0
EMP0011,2026-08-06,SHIFT_B,80,62,1,1,20,0
EMP0011,2026-08-07,SHIFT_B,73,63,2,1,55,0
EMP0011,2026-08-10,SHIFT_B,71,59,2,1,1,0
EMP0011,2026-08-11,SHIFT_B,81,63,1,1,9,0
EMP0011,2026-08-12,SHIFT_B,80,63,1,1,27,0
EMP0011,2026-08-13,SHIFT_B,75,58,1,1,27,0
EMP0011,2026-08-14,SHIFT_B,87,64,2,1,28,0
EMP0011,2026-08-17,SHIFT_B,99,76,2,1,5,0
EMP0011,2026-08-18,SHIFT_B,85,69,2,1,13,0
EMP0011,2026-08-19,SHIFT_B,83,67,1,1,26,0
EMP0011,2026-08-20,SHIFT_B,74,56,1,0,29,0
EMP0011,2026-08-21,SHIFT_B,81,67,1,1,18,0
EMP0011,2026-08-24,SHIFT_B,81,60,1,1,39,0
EMP0011,2026-08-25,SHIFT_B,71,60,2,1,20,0
EMP0011,2026-08-27,SHIFT_B,71,53,1,1,26,0
EMP0011,2026-08-28,SHIFT_B,84,72,2,1,25,0
EMP0011,2026-08-31,SHIFT_B,91,74,1,1,35,0
EMP0011,2026-09-01,SHIFT_B,77,58,1,1,8,0
EMP0011,2026-09-03,SHIFT_B,72,58,1,1,5,0
EMP0011,2026-09-04,SHIFT_B,99,72,2,1,39,0
EMP0011,2026-09-07,SHIFT_B,89,76,2,1,14,0
EMP0011,2026-09-08,SHIFT_B,80,67,1,0,6,0
EMP0011,2026-09-09,SHIFT_B,73,57,1,1,6,0
EMP0011,2026-09-10,SHIFT_B,75,62,1,0,10,0
EMP0011,2026-09-11,SHIFT_B,96,75,2,1,0,0
EMP0012,2025-09-11,SHIFT_C,85,67,2,1,1,0
EMP0012,2025-09-12,SHIFT_C,78,63,1,1,2,0
EMP0012,2025-09-15,SHIFT_C,92,63,1,0,14,0
EMP0012,2025-09-16,SHIFT_C,76,56,2,1,2,0
EMP0012,2025-09-17,SHIFT_C,71,51,1,0,1,0
EMP0012,2025-09-18,SHIFT_C,79,58,1,0,30,0
EMP0012,2025-09-22,SHIFT_C,90,65,2,1,16,0
EMP0012,2025-09-23,SHIFT_C,80,60,1,0,11,0
EMP0012,2025-09-24,SHIFT_C,76,62,2,1,15,0
EMP0012,2025-09-25,SHIFT_C,100,72,1,0,13,0
EMP0012,2025-09-26,SHIFT_C,71,53,2,1,30,0
EMP0012,2025-09-29,SHIFT_C,100,68,1,0,62,0
EMP0012,2025-09-30,SHIFT_C,70,49,1,1,13,0
EMP0012,2025-10-01,SHIFT_C,99,80,2,1,3,0
EMP0012,2025-10-02,SHIFT_C,82,65,1,0,0,0
EMP0012,2025-10-03,SHIFT_C,94,74,2,1,29,0
EMP0012,2025-10-06,SHIFT_C,70,55,1,1,13,0
EMP0012,2025-10-07,SHIFT_C,78,57,1,1,3,0
EMP0012,2025-10-08,SHIFT_C,78,57,1,1,20,0
EMP0012,2025-10-09,SHIFT_C,81,65,2,1,5,0
EMP0012,2025-10-10,SHIFT_C,95,68,2,1,1,0
EMP0012,2025-10-13,SHIFT_C,96,77,2,1,23,0
EMP0012,2025-10-14,SHIFT_C,100,68,2,1,17,0
EMP0012,2025-10-15,SHIFT_C,76,57,2,1,4,0
EMP0012,2025-10-16,SHIFT_C,86,70,1,1,15,0
EMP0012,2025-10-17,SHIFT_C,92,67,2,1,5,0
EMP0012,2025-10-20,SHIFT_C,80,54,1,1,11,0
EMP0012,2025-10-21,SHIFT_C,84,61,1,1,17,0
EMP0012,2025-10-22,SHIFT_C,70,49,1,0,21,0
EMP0012,2025-10-23,SHIFT_C,70,49,1,1,10,0
EMP0012,2025-10-24,SHIFT_C,94,75,2,1,4,0
EMP0012,2025-10-27,SHIFT_C,83,66,1,1,29,0
EMP0012,2025-10-28,SHIFT_C,72,55,2,1,1,0
EMP0012,2025-10-29,SHIFT_C,91,66,1,1,2,0
EMP0012,2025-10-30,SHIFT_C,90,72,2,1,25,0
EMP0012,2025-10-31,SHIFT_C,71,57,1,1,28,0
EMP0012,2025-11-03,SHIFT_C,90,73,2,1,20,0
EMP0012,2025-11-04,SHIFT_C,80,56,1,0,41,0
EMP0012,2025-11-05,SHIFT_C,71,49,1,1,28,0
EMP0012,2025-11-06,SHIFT_C,96,72,1,1,13,0
EMP0012,2025-11-07,SHIFT_C,88,70,2,1,29,0
EMP0012,2025-11-10,SHIFT_C,94,65,1,0,11,0
EMP0012,2025-11-11,SHIFT_C,93,64,1,0,71,0
EMP0012,2025-11-12,SHIFT_C,74,54,1,1,8,0
EMP0012,2025-11-13,SHIFT_C,87,61,2,1,13,0
EMP0012,2025-11-14,SHIFT_C,88,64,1,1,6,0
EMP0012,2025-11-17,SHIFT_C,98,78,2,1,12,0
EMP0012,2025-11-18,SHIFT_C,71,50,2,1,13,1
EMP0012,2025-11-19,SHIFT_C,93,75,2,1,67,0
EMP0012,2025-11-20,SHIFT_C,95,72,1,0,14,0
EMP0012,2025-11-21,SHIFT_C,85,59,1,1,18,0
EMP0012,2025-11-24,SHIFT_C,88,60,1,1,13,0
EMP0012,2025-11-25,SHIFT_C,95,68,1,0,18,0
EMP0012,2025-11-26,SHIFT_C,98,69,2,1,22,0
EMP0012,2025-11-27,SHIFT_C,100,81,2,1,12,0
EMP0012,2025-11-28,SHIFT_C,97,76,2,1,26,0
EMP0012,2025-12-01,SHIFT_C,70,50,2,1,6,0
EMP0012,2025-12-02,SHIFT_C,100,69,1,1,16,0
EMP0012,2025-12-03,SHIFT_C,83,62,1,0,21,0
EMP0012,2025-12-04,SHIFT_C,88,62,2,1,0,0
EMP0012,2025-12-05,SHIFT_C,82,57,2,1,16,0
EMP0012,2025-12-08,SHIFT_C,76,56,1,0,29,0
EMP0012,2025-12-09,SHIFT_C,79,61,2,1,27,0
EMP0012,2025-12-10,SHIFT_C,84,59,1,0,22,0
EMP0012,2025-12-11,SHIFT_C,77,61,1,0,46,0
EMP0012,2025-12-12,SHIFT_C,89,64,1,1,26,0
EMP0012,2025-12-15,SHIFT_C,78,60,1,1,22,0
EMP0012,2025-12-16,SHIFT_C,80,57,1,1,75,0
EMP0012,2025-12-17,SHIFT_C,99,70,1,0,3,0
EMP0012,2025-12-18,SHIFT_C,75,54,1,0,9,0
EMP0012,2025-12-19,SHIFT_C,71,53,2,1,21,0
EMP0012,2025-12-22,SHIFT_C,92,71,2,1,16,0
EMP0012,2025-12-23,SHIFT_C,71,49,1,1,12,0
EMP0012,2025-12-24,SHIFT_C,88,70,1,0,29,0
EMP0012,2025-12-26,SHIFT_C,73,56,1,0,33,0
EMP0012,2025-12-29,SHIFT_C,85,67,1,1,13,0
EMP0012,2026-01-02,SHIFT_C,93,73,1,0,11,0
EMP0012,2026-01-05,SHIFT_C,93,73,2,1,6,0
EMP0012,2026-01-06,SHIFT_C,94,76,2,1,32,0
EMP0012,2026-01-07,SHIFT_C,91,73,1,0,15,0
EMP0012,2026-01-08,SHIFT_C,89,63,1,1,5,0
EMP0012,2026-01-09,SHIFT_C,99,79,2,1,7,0
EMP0012,2026-01-12,SHIFT_C,74,57,2,1,22,0
EMP0012,2026-01-13,SHIFT_C,71,48,1,0,1,0
EMP0012,2026-01-14,SHIFT_C,85,67,1,0,19,0
EMP0012,2026-01-15,SHIFT_C,85,62,1,0,7,0
EMP0012,2026-01-16,SHIFT_C,100,68,1,1,20,0
EMP0012,2026-01-19,SHIFT_C,95,72,2,1,14,0
EMP0012,2026-01-20,SHIFT_C,84,69,2,1,2,0
EMP0012,2026-01-21,SHIFT_C,100,72,1,1,3,0
EMP0012,2026-01-22,SHIFT_C,75,58,1,0,26,0
EMP0012,2026-01-23,SHIFT_C,96,74,1,0,10,0
EMP0012,2026-01-26,SHIFT_C,97,65,1,1,23,0
EMP0012,2026-01-27,SHIFT_C,97,66,1,1,30,0
EMP0012,2026-01-28,SHIFT_C,85,65,2,1,13,0
EMP0012,2026-01-29,SHIFT_C,96,73,1,0,7,0
EMP0012,2026-01-30,SHIFT_C,79,56,1,0,20,0
EMP0012,2026-02-02,SHIFT_C,72,49,1,1,21,0
EMP0012,2026-02-03,SHIFT_C,74,53,2,1,43,0
EMP0012,2026-02-05,SHIFT_C,71,50,2,1,1,0
EMP0012,2026-02-06,SHIFT_C,80,54,2,1,17,0
EMP0012,2026-02-09,SHIFT_C,80,60,2,1,57,0
EMP0012,2026-02-10,SHIFT_C,92,73,1,0,27,0
EMP0012,2026-02-11,SHIFT_C,92,71,1,1,20,0
EMP0012,2026-02-12,SHIFT_C,75,55,1,1,14,0
EMP0012,2026-02-13,SHIFT_C,79,62,1,0,18,0
EMP0012,2026-02-16,SHIFT_C,90,66,2,1,2,0
EMP0012,2026-02-17,SHIFT_C,100,82,2,1,7,0
EMP0012,2026-02-18,SHIFT_C,81,66,2,1,61,0
EMP0012,2026-02-19,SHIFT_C,77,63,1,1,5,0
EMP0012,2026-02-20,SHIFT_C,74,55,2,1,6,0
EMP0012,2026-02-23,SHIFT_C,82,61,1,0,11,0
EMP0012,2026-02-24,SHIFT_C,72,51,1,1,58,0
EMP0012,2026-02-25,SHIFT_C,92,73,2,1,10,0
EMP0012,2026-02-26,SHIFT_C,80,63,1,1,25,0
EMP0012,2026-02-27,SHIFT_C,97,70,1,1,8,0
EMP0012,2026-03-02,SHIFT_C,87,71,1,1,10,0
EMP0012,2026-03-03,SHIFT_C,75,53,2,1,28,0
EMP0012,2026-03-04,SHIFT_C,84,61,2,1,4,0
EMP0012,2026-03-05,SHIFT_C,74,50,1,1,53,0
EMP0012,2026-03-06,SHIFT_C,97,71,1,0,5,0
EMP0012,2026-03-09,SHIFT_C,76,55,2,1,18,0
EMP0012,2026-03-10,SHIFT_C,98,75,2,1,0,0
EMP0012,2026-03-11,SHIFT_C,85,64,1,0,19,0
EMP0012,2026-03-12,SHIFT_C,86,58,2,1,17,0
EMP0012,2026-03-13,SHIFT_C,96,67,2,1,25,0
EMP0012,2026-03-16,SHIFT_C,90,64,2,1,5,0
EMP0012,2026-03-17,SHIFT_C,74,58,1,1,62,0
EMP0012,2026-03-18,SHIFT_C,88,62,1,0,4,0
EMP0012,2026-03-19,SHIFT_C,79,60,1,0,6,0
EMP0012,2026-03-20,SHIFT_C,92,63,1,0,24,0
EMP0012,2026-03-23,SHIFT_C,75,51,2,1,5,0
EMP0012,2026-03-24,SHIFT_C,91,69,1,1,12,0
EMP0012,2026-03-25,SHIFT_C,86,65,1,1,0,0
EMP0012,2026-03-26,SHIFT_C,77,57,2,1,37,0
EMP0012,2026-03-27,SHIFT_C,83,66,1,0,72,0
EMP0012,2026-03-30,SHIFT_C,74,60,1,1,66,0
EMP0012,2026-03-31,SHIFT_C,90,70,1,0,17,0
EMP0012,2026-04-01,SHIFT_C,96,68,1,0,14,0
EMP0012,2026-04-02,SHIFT_C,80,57,1,1,20,0
EMP0012,2026-04-03,SHIFT_C,86,60,1,0,26,0
EMP0012,2026-04-06,SHIFT_C,74,53,1,1,22,0
EMP0012,2026-04-07,SHIFT_C,100,75,2,1,19,0
EMP0012,2026-04-08,SHIFT_C,92,74,1,0,69,0
EMP0012,2026-04-09,SHIFT_C,88,62,1,1,11,0
EMP0012,2026-04-10,SHIFT_C,82,64,1,0,31,0
EMP0012,2026-04-13,SHIFT_C,84,63,2,1,12,0
EMP0012,2026-04-14,SHIFT_C,73,55,1,1,3,0
EMP0012,2026-04-15,SHIFT_C,75,59,2,1,16,0
EMP0012,2026-04-16,SHIFT_C,83,58,1,0,21,0
EMP0012,2026-04-17,SHIFT_C,80,62,1,0,21,0
EMP0012,2026-04-20,SHIFT_C,83,62,1,0,17,0
EMP0012,2026-04-22,SHIFT_C,85,68,1,0,20,0
EMP0012,2026-04-23,SHIFT_C,88,65,2,1,4,0
EMP0012,2026-04-24,SHIFT_C,86,59,1,0,18,0
EMP0012,2026-04-27,SHIFT_C,96,77,2,1,57,0
EMP0012,2026-04-28,SHIFT_C,91,66,1,0,15,0
EMP0012,2026-04-29,SHIFT_C,83,65,1,1,28,0
EMP0012,2026-04-30,SHIFT_C,92,67,1,0,15,0
EMP0012,2026-05-04,SHIFT_C,90,69,1,1,37,0
EMP0012,2026-05-05,SHIFT_C,79,54,2,1,29,0
EMP0012,2026-05-06,SHIFT_C,83,56,2,1,20,0
EMP0012,2026-05-07,SHIFT_C,73,54,2,1,49,0
EMP0012,2026-05-08,SHIFT_C,96,73,2,1,25,1
EMP0012,2026-05-11,SHIFT_C,92,71,2,1,20,0
EMP0012,2026-05-12,SHIFT_C,95,75,2,1,28,0
EMP0012,2026-05-13,SHIFT_C,85,65,1,0,4,0
EMP0012,2026-05-14,SHIFT_C,92,75,2,1,32,1
EMP0012,2026-05-15,SHIFT_C,86,62,2,1,16,0
EMP0012,2026-05-18,SHIFT_C,80,63,1,1,29,0
EMP0012,2026-05-19,SHIFT_C,98,79,2,1,7,0
EMP0012,2026-05-20,SHIFT_C,80,63,1,0,50,0
EMP0012,2026-05-21,SHIFT_C,70,53,1,1,7,0
EMP0012,2026-05-22,SHIFT_C,98,66,2,1,6,0
EMP0012,2026-05-25,SHIFT_C,96,69,2,1,25,0
EMP0012,2026-05-26,SHIFT_C,70,53,2,1,49,0
EMP0012,2026-05-27,SHIFT_C,89,61,1,0,29,0
EMP0012,2026-05-28,SHIFT_C,80,62,2,1,10,0
EMP0012,2026-05-29,SHIFT_C,79,59,2,1,1,0
EMP0012,2026-06-01,SHIFT_C,71,55,1,0,5,0
EMP0012,2026-06-02,SHIFT_C,94,67,1,0,2,0
EMP0012,2026-06-03,SHIFT_C,70,54,2,1,19,0
EMP0012,2026-06-04,SHIFT_C,92,70,1,0,12,0
EMP0012,2026-06-05,SHIFT_C,90,68,1,0,14,0
EMP0012,2026-06-08,SHIFT_C,75,60,1,0,20,0
EMP0012,2026-06-09,SHIFT_C,75,58,2,1,19,0
EMP0012,2026-06-10,SHIFT_C,76,60,2,1,25,0
EMP0012,2026-06-11,SHIFT_C,72,50,2,1,20,0
EMP0012,2026-06-12,SHIFT_C,88,70,1,1,25,0
EMP0012,2026-06-15,SHIFT_C,94,67,1,1,20,0
EMP0012,2026-06-16,SHIFT_C,74,53,2,1,25,0
EMP0012,2026-06-17,SHIFT_C,76,57,1,1,10,0
EMP0012,2026-06-18,SHIFT_C,75,51,2,1,18,0
EMP0012,2026-06-19,SHIFT_C,72,49,1,1,6,0
EMP0012,2026-06-22,SHIFT_C,80,57,1,1,23,0
EMP0012,2026-06-23,SHIFT_C,76,57,1,0,5,0
EMP0012,2026-06-24,SHIFT_C,74,52,1,0,5,0
EMP0012,2026-06-25,SHIFT_C,77,52,1,0,6,0
EMP0012,2026-06-26,SHIFT_C,75,60,1,1,24,0
EMP0012,2026-06-29,SHIFT_C,72,51,1,1,13,0
EMP0012,2026-06-30,SHIFT_C,81,63,1,1,2,0
EMP0012,2026-07-01,SHIFT_C,73,51,1,0,22,0
EMP0012,2026-07-02,SHIFT_C,92,69,2,1,4,0
EMP0012,2026-07-03,SHIFT_C,71,54,1,0,17,0
EMP0012,2026-07-06,SHIFT_C,85,62,2,1,6,0
EMP0012,2026-07-07,SHIFT_C,77,60,2,1,21,0
EMP0012,2026-07-08,SHIFT_C,82,60,1,0,24,0
EMP0012,2026-07-09,SHIFT_C,75,60,2,1,14,0
EMP0012,2026-07-10,SHIFT_C,79,59,1,0,1,0
EMP0012,2026-07-13,SHIFT_C,97,68,1,0,1,0
EMP0012,2026-07-14,SHIFT_C,84,66,1,0,23,0
EMP0012,2026-07-15,SHIFT_C,90,71,2,1,6,0
EMP0012,2026-07-16,SHIFT_C,92,71,1,1,16,0
EMP0012,2026-07-17,SHIFT_C,90,61,1,0,15,0
EMP0012,2026-07-20,SHIFT_C,89,60,1,1,30,0
EMP0012,2026-07-21,SHIFT_C,73,54,2,1,13,0
EMP0012,2026-07-22,SHIFT_C,76,52,1,1,2,0
EMP0012,2026-07-23,SHIFT_C,87,65,1,1,10,0
EMP0012,2026-07-24,SHIFT_C,88,67,2,1,21,0
EMP0012,2026-07-27,SHIFT_C,94,64,1,1,68,0
EMP0012,2026-07-28,SHIFT_C,90,67,2,1,64,0
EMP0012,2026-07-29,SHIFT_C,81,55,1,1,6,0
EMP0012,2026-07-30,SHIFT_C,100,69,1,0,6,0
EMP0012,2026-07-31,SHIFT_C,94,74,1,0,4,0
EMP0012,2026-08-03,SHIFT_C,91,64,1,0,34,0
EMP0012,2026-08-04,SHIFT_C,87,59,1,1,28,0
EMP0012,2026-08-05,SHIFT_C,100,79,2,1,15,0
EMP0012,2026-08-06,SHIFT_C,75,60,2,1,13,0
EMP0012,2026-08-07,SHIFT_C,80,55,2,1,4,0
EMP0012,2026-08-10,SHIFT_C,74,56,1,0,71,0
EMP0012,2026-08-11,SHIFT_C,100,73,2,1,68,0
EMP0012,2026-08-12,SHIFT_C,75,60,1,1,1,0
EMP0012,2026-08-13,SHIFT_C,80,54,1,0,16,0
EMP0012,2026-08-14,SHIFT_C,95,73,1,0,3,0
EMP0012,2026-08-17,SHIFT_C,93,63,1,0,13,0
EMP0012,2026-08-18,SHIFT_C,81,66,1,0,41,0
EMP0012,2026-08-19,SHIFT_C,75,61,2,1,21,0
EMP0012,2026-08-20,SHIFT_C,87,69,1,0,11,0
EMP0012,2026-08-21,SHIFT_C,89,70,1,1,10,0
EMP0012,2026-08-24,SHIFT_C,76,59,2,1,11,0
EMP0012,2026-08-25,SHIFT_C,88,66,1,0,19,0
EMP0012,2026-08-26,SHIFT_C,89,71,2,1,10,0
EMP0012,2026-08-27,SHIFT_C,75,51,2,1,2,0
EMP0012,2026-08-28,SHIFT_C,90,70,1,1,4,0
EMP0012,2026-08-31,SHIFT_C,71,49,1,1,1,0
EMP0012,2026-09-01,SHIFT_C,91,72,2,1,21,0
EMP0012,2026-09-02,SHIFT_C,73,52,1,1,11,0
EMP0012,2026-09-03,SHIFT_C,99,66,1,0,48,0
EMP0012,2026-09-04,SHIFT_C,88,66,1,0,2,0
EMP0012,2026-09-07,SHIFT_C,88,61,1,1,30,0
EMP0012,2026-09-08,SHIFT_C,89,60,1,1,0,0
EMP0012,2026-09-09,SHIFT_C,99,75,2,1,30,0
EMP0012,2026-09-10,SHIFT_C,96,68,1,1,0,0
EMP0012,2026-09-11,SHIFT_C,93,76,2,1,13,0
EMP0013,2025-09-11,SHIFT_C,105,103,1,0,30,0
EMP0013,2025-09-12,SHIFT_C,89,89,0,0,43,0
EMP0013,2025-09-15,SHIFT_C,81,84,0,0,30,0
EMP0013,2025-09-16,SHIFT_C,107,113,0,0,33,0
EMP0013,2025-09-17,SHIFT_C,116,123,1,1,2,0
EMP0013,2025-09-18,SHIFT_C,108,110,0,0,23,0
EMP0013,2025-09-19,SHIFT_C,96,101,0,0,17,0
EMP0013,2025-09-22,SHIFT_C,93,86,1,1,23,0
EMP0013,2025-09-23,SHIFT_C,87,81,1,1,17,0
EMP0013,2025-09-24,SHIFT_C,88,84,0,0,26,0
EMP0013,2025-09-25,SHIFT_C,112,120,0,0,19,0
EMP0013,2025-09-26,SHIFT_C,85,90,0,0,28,0
EMP0013,2025-09-29,SHIFT_C,90,83,1,1,23,0
EMP0013,2025-09-30,SHIFT_C,108,104,1,1,42,0
EMP0013,2025-10-01,SHIFT_C,113,124,1,0,29,0
EMP0013,2025-10-02,SHIFT_C,109,111,1,1,20,0
EMP0013,2025-10-03,SHIFT_C,82,76,0,0,18,0
EMP0013,2025-10-06,SHIFT_C,114,113,1,1,7,0
EMP0013,2025-10-07,SHIFT_C,118,115,1,1,24,0
EMP0013,2025-10-08,SHIFT_C,120,119,0,0,27,0
EMP0013,2025-10-09,SHIFT_C,112,113,1,1,14,0
EMP0013,2025-10-10,SHIFT_C,115,108,0,0,15,0
EMP0013,2025-10-13,SHIFT_C,115,118,0,0,48,0
EMP0013,2025-10-14,SHIFT_C,97,104,0,0,27,0
EMP0013,2025-10-15,SHIFT_C,89,88,1,1,4,0
EMP0013,2025-10-16,SHIFT_C,101,103,0,0,23,0
EMP0013,2025-10-17,SHIFT_C,114,105,0,0,29,0
EMP0013,2025-10-20,SHIFT_C,119,117,0,0,50,0
EMP0013,2025-10-21,SHIFT_C,96,102,0,0,0,0
EMP0013,2025-10-22,SHIFT_C,109,116,0,0,36,0
EMP0013,2025-10-23,SHIFT_C,118,110,0,0,15,0
EMP0013,2025-10-24,SHIFT_C,80,79,1,1,27,0
EMP0013,2025-10-27,SHIFT_C,84,90,1,1,10,0
EMP0013,2025-10-28,SHIFT_C,83,77,0,0,18,0
EMP0013,2025-10-29,SHIFT_C,85,92,1,1,42,0
EMP0013,2025-10-30,SHIFT_C,106,117,0,0,16,0
EMP0013,2025-10-31,SHIFT_C,104,114,1,0,18,0
EMP0013,2025-11-03,SHIFT_C,109,113,1,1,9,0
EMP0013,2025-11-04,SHIFT_C,87,83,0,0,21,0
EMP0013,2025-11-05,SHIFT_C,87,95,0,0,7,0
EMP0013,2025-11-06,SHIFT_C,115,107,1,0,24,0
EMP0013,2025-11-07,SHIFT_C,117,113,0,0,23,0
EMP0013,2025-11-10,SHIFT_C,99,101,0,0,27,0
EMP0013,2025-11-11,SHIFT_C,94,103,0,0,7,0
EMP0013,2025-11-12,SHIFT_C,105,113,0,0,50,0
EMP0013,2025-11-13,SHIFT_C,88,81,1,1,6,0
EMP0013,2025-11-14,SHIFT_C,88,83,0,0,30,0
EMP0013,2025-11-17,SHIFT_C,119,116,0,0,3,0
EMP0013,2025-11-18,SHIFT_C,116,116,0,0,12,0
EMP0013,2025-11-19,SHIFT_C,90,90,0,0,23,0
EMP0013,2025-11-20,SHIFT_C,119,115,0,0,16,0
EMP0013,2025-11-21,SHIFT_C,115,112,0,0,22,0
EMP0013,2025-11-24,SHIFT_C,99,105,1,0,11,0
EMP0013,2025-11-25,SHIFT_C,118,112,0,0,14,0
EMP0013,2025-11-27,SHIFT_C,100,108,0,0,29,0
EMP0013,2025-11-28,SHIFT_C,117,107,0,0,12,0
EMP0013,2025-12-01,SHIFT_C,97,98,0,0,14,0
EMP0013,2025-12-02,SHIFT_C,120,111,0,0,9,0
EMP0013,2025-12-03,SHIFT_C,85,94,1,0,20,0
EMP0013,2025-12-04,SHIFT_C,87,84,0,0,0,0
EMP0013,2025-12-05,SHIFT_C,103,107,1,1,9,0
EMP0013,2025-12-08,SHIFT_C,90,96,0,0,4,0
EMP0013,2025-12-09,SHIFT_C,100,95,0,0,0,0
EMP0013,2025-12-10,SHIFT_C,105,103,0,0,28,0
EMP0013,2025-12-11,SHIFT_C,114,125,1,0,27,0
EMP0013,2025-12-12,SHIFT_C,113,121,1,1,22,0
EMP0013,2025-12-15,SHIFT_C,95,91,0,0,14,0
EMP0013,2025-12-16,SHIFT_C,103,109,0,0,55,0
EMP0013,2025-12-17,SHIFT_C,94,98,0,0,22,0
EMP0013,2025-12-18,SHIFT_C,87,96,0,0,8,0
EMP0013,2025-12-19,SHIFT_C,80,80,1,0,6,0
EMP0013,2025-12-22,SHIFT_C,116,122,1,0,29,0
EMP0013,2025-12-23,SHIFT_C,111,118,1,0,21,0
EMP0013,2025-12-26,SHIFT_C,114,123,0,0,5,0
EMP0013,2025-12-30,SHIFT_C,98,101,0,0,3,0
EMP0013,2026-01-02,SHIFT_C,96,87,0,0,27,0
EMP0013,2026-01-05,SHIFT_C,80,83,0,0,1,0
EMP0013,2026-01-06,SHIFT_C,84,82,0,0,15,0
EMP0013,2026-01-07,SHIFT_C,90,98,0,0,16,0
EMP0013,2026-01-08,SHIFT_C,107,117,0,0,22,0
EMP0013,2026-01-09,SHIFT_C,84,89,1,0,25,0
EMP0013,2026-01-12,SHIFT_C,110,99,1,0,3,0
EMP0013,2026-01-13,SHIFT_C,98,101,0,0,12,0
EMP0013,2026-01-14,SHIFT_C,109,104,0,0,13,0
EMP0013,2026-01-15,SHIFT_C,108,114,0,0,16,0
EMP0013,2026-01-16,SHIFT_C,116,126,1,1,65,0
EMP0013,2026-01-19,SHIFT_C,107,115,1,0,14,0
EMP0013,2026-01-20,SHIFT_C,82,76,0,0,3,0
EMP0013,2026-01-21,SHIFT_C,107,101,0,0,5,0
EMP0013,2026-01-22,SHIFT_C,95,104,0,0,74,0
EMP0013,2026-01-23,SHIFT_C,83,75,1,1,3,0
EMP0013,2026-01-26,SHIFT_C,93,90,0,0,28,0
EMP0013,2026-01-27,SHIFT_C,87,86,1,0,27,0
EMP0013,2026-01-28,SHIFT_C,93,98,0,0,29,0
EMP0013,2026-01-29,SHIFT_C,86,79,1,0,9,0
EMP0013,2026-01-30,SHIFT_C,93,88,1,0,17,0
EMP0013,2026-02-02,SHIFT_C,96,105,0,0,2,0
EMP0013,2026-02-03,SHIFT_C,107,109,1,0,4,0
EMP0013,2026-02-05,SHIFT_C,105,105,1,1,26,0
EMP0013,2026-02-06,SHIFT_C,116,113,0,0,1,0
EMP0013,2026-02-09,SHIFT_C,89,86,0,0,27,0
EMP0013,2026-02-10,SHIFT_C,99,101,0,0,30,0
EMP0013,2026-02-11,SHIFT_C,93,93,0,0,17,0
EMP0013,2026-02-12,SHIFT_C,88,89,0,0,12,0
EMP0013,2026-02-13,SHIFT_C,118,122,0,0,25,0
EMP0013,2026-02-16,SHIFT_C,113,114,0,0,8,0
EMP0013,2026-02-17,SHIFT_C,109,106,1,0,16,0
EMP0013,2026-02-18,SHIFT_C,110,118,0,0,9,0
EMP0013,2026-02-19,SHIFT_C,94,93,0,0,61,0
EMP0013,2026-02-20,SHIFT_C,93,100,0,0,23,0
EMP0013,2026-02-23,SHIFT_C,95,87,1,0,21,0
EMP0013,2026-02-24,SHIFT_C,112,102,1,0,19,0
EMP0013,2026-02-25,SHIFT_C,117,109,0,0,72,0
EMP0013,2026-02-26,SHIFT_C,99,104,1,1,29,0
EMP0013,2026-02-27,SHIFT_C,84,77,0,0,7,0
EMP0013,2026-03-02,SHIFT_C,104,108,1,1,29,0
EMP0013,2026-03-03,SHIFT_C,100,94,0,0,10,0
EMP0013,2026-03-04,SHIFT_C,109,99,0,0,16,0
EMP0013,2026-03-05,SHIFT_C,119,122,0,0,24,0
EMP0013,2026-03-06,SHIFT_C,114,125,0,0,11,0
EMP0013,2026-03-09,SHIFT_C,120,126,0,0,12,0
EMP0013,2026-03-10,SHIFT_C,85,86,0,0,1,0
EMP0013,2026-03-11,SHIFT_C,107,116,0,0,30,0
EMP0013,2026-03-12,SHIFT_C,95,89,1,1,72,0
EMP0013,2026-03-13,SHIFT_C,113,125,1,0,14,0
EMP0013,2026-03-16,SHIFT_C,104,115,1,1,30,0
EMP0013,2026-03-17,SHIFT_C,120,122,0,0,6,0
EMP0013,2026-03-18,SHIFT_C,94,89,0,0,30,0
EMP0013,2026-03-19,SHIFT_C,110,99,0,0,9,0
EMP0013,2026-03-20,SHIFT_C,84,77,0,0,28,0
EMP0013,2026-03-23,SHIFT_C,103,102,0,0,24,0
EMP0013,2026-03-24,SHIFT_C,104,99,1,0,28,0
EMP0013,2026-03-25,SHIFT_C,85,93,0,0,23,0
EMP0013,2026-03-26,SHIFT_C,109,102,0,0,66,0
EMP0013,2026-03-27,SHIFT_C,98,101,0,0,6,0
EMP0013,2026-03-31,SHIFT_C,101,105,0,0,21,0
EMP0013,2026-04-01,SHIFT_C,103,97,0,0,3,0
EMP0013,2026-04-02,SHIFT_C,80,79,0,0,29,0
EMP0013,2026-04-03,SHIFT_C,108,103,1,0,2,0
EMP0013,2026-04-06,SHIFT_C,87,88,0,0,10,0
EMP0013,2026-04-07,SHIFT_C,81,84,0,0,29,0
EMP0013,2026-04-08,SHIFT_C,116,114,0,0,30,0
EMP0013,2026-04-09,SHIFT_C,104,104,1,1,17,0
EMP0013,2026-04-10,SHIFT_C,95,101,0,0,13,0
EMP0013,2026-04-13,SHIFT_C,120,123,1,0,11,0
EMP0013,2026-04-14,SHIFT_C,80,77,0,0,4,0
EMP0013,2026-04-15,SHIFT_C,106,101,0,0,34,0
EMP0013,2026-04-16,SHIFT_C,107,103,0,0,9,0
EMP0013,2026-04-20,SHIFT_C,97,90,0,0,4,0
EMP0013,2026-04-21,SHIFT_C,117,113,1,0,26,0
EMP0013,2026-04-22,SHIFT_C,113,117,0,0,25,0
EMP0013,2026-04-23,SHIFT_C,86,92,0,0,9,0
EMP0013,2026-04-24,SHIFT_C,91,88,0,0,24,0
EMP0013,2026-04-27,SHIFT_C,93,98,0,0,4,0
EMP0013,2026-04-28,SHIFT_C,107,107,0,0,8,0
EMP0013,2026-04-29,SHIFT_C,103,97,0,0,5,0
EMP0013,2026-04-30,SHIFT_C,112,112,1,1,27,0
EMP0013,2026-05-04,SHIFT_C,90,93,0,0,3,0
EMP0013,2026-05-05,SHIFT_C,83,86,0,0,30,0
EMP0013,2026-05-06,SHIFT_C,97,94,1,0,21,0
EMP0013,2026-05-07,SHIFT_C,85,77,0,0,16,0
EMP0013,2026-05-08,SHIFT_C,109,110,0,0,64,0
EMP0013,2026-05-11,SHIFT_C,83,79,0,0,11,0
EMP0013,2026-05-12,SHIFT_C,94,96,0,0,20,0
EMP0013,2026-05-13,SHIFT_C,106,108,1,0,22,0
EMP0013,2026-05-14,SHIFT_C,109,106,0,0,13,0
EMP0013,2026-05-15,SHIFT_C,85,90,0,0,18,0
EMP0013,2026-05-18,SHIFT_C,117,110,0,0,13,0
EMP0013,2026-05-19,SHIFT_C,116,119,1,1,27,0
EMP0013,2026-05-20,SHIFT_C,94,92,1,0,16,0
EMP0013,2026-05-22,SHIFT_C,107,117,1,0,19,0
EMP0013,2026-05-25,SHIFT_C,83,82,1,1,21,0
EMP0013,2026-05-26,SHIFT_C,91,99,0,0,30,0
EMP0013,2026-05-27,SHIFT_C,87,85,0,0,7,0
EMP0013,2026-05-28,SHIFT_C,113,112,0,0,15,0
EMP0013,2026-05-29,SHIFT_C,92,90,0,0,45,0
EMP0013,2026-06-01,SHIFT_C,118,120,0,0,22,0
EMP0013,2026-06-02,SHIFT_C,102,110,0,0,19,0
EMP0013,2026-06-03,SHIFT_C,90,84,1,0,24,0
EMP0013,2026-06-04,SHIFT_C,81,85,0,0,25,0
EMP0013,2026-06-05,SHIFT_C,106,102,0,0,33,0
EMP0013,2026-06-08,SHIFT_C,102,108,1,1,8,0
EMP0013,2026-06-09,SHIFT_C,80,85,0,0,8,0
EMP0013,2026-06-10,SHIFT_C,100,101,1,0,29,0
EMP0013,2026-06-11,SHIFT_C,86,87,0,0,28,0
EMP0013,2026-06-12,SHIFT_C,112,120,0,0,15,0
EMP0013,2026-06-15,SHIFT_C,96,95,1,1,27,0
EMP0013,2026-06-16,SHIFT_C,107,117,0,0,27,0
EMP0013,2026-06-17,SHIFT_C,111,112,0,0,6,0
EMP0013,2026-06-18,SHIFT_C,106,113,0,0,19,0
EMP0013,2026-06-19,SHIFT_C,106,100,0,0,21,0
EMP0013,2026-06-22,SHIFT_C,96,91,0,0,10,0
EMP0013,2026-06-23,SHIFT_C,117,124,1,1,30,0
EMP0013,2026-06-24,SHIFT_C,84,78,0,0,10,0
EMP0013,2026-06-25,SHIFT_C,94,93,0,0,15,0
EMP0013,2026-06-26,SHIFT_C,108,113,1,0,4,0
EMP0013,2026-06-29,SHIFT_C,84,83,0,0,30,0
EMP0013,2026-06-30,SHIFT_C,104,102,1,0,22,0
EMP0013,2026-07-01,SHIFT_C,115,121,0,0,7,0
EMP0013,2026-07-02,SHIFT_C,92,101,0,0,37,0
EMP0013,2026-07-03,SHIFT_C,93,94,0,0,24,0
EMP0013,2026-07-06,SHIFT_C,117,117,0,0,19,0
EMP0013,2026-07-07,SHIFT_C,90,98,0,0,15,0
EMP0013,2026-07-08,SHIFT_C,119,121,0,0,3,0
EMP0013,2026-07-09,SHIFT_C,100,96,1,1,26,0
EMP0013,2026-07-10,SHIFT_C,113,118,1,1,22,0
EMP0013,2026-07-13,SHIFT_C,96,91,0,0,6,0
EMP0013,2026-07-14,SHIFT_C,82,86,1,1,4,0
EMP0013,2026-07-15,SHIFT_C,114,111,0,0,23,0
EMP0013,2026-07-16,SHIFT_C,114,115,1,0,16,0
EMP0013,2026-07-17,SHIFT_C,92,89,1,0,29,0
EMP0013,2026-07-20,SHIFT_C,86,92,1,1,15,0
EMP0013,2026-07-21,SHIFT_C,90,95,1,0,74,0
EMP0013,2026-07-22,SHIFT_C,97,96,0,0,5,0
EMP0013,2026-07-23,SHIFT_C,82,87,0,0,15,0
EMP0013,2026-07-24,SHIFT_C,116,113,0,0,25,0
EMP0013,2026-07-27,SHIFT_C,106,105,0,0,4,0
EMP0013,2026-07-28,SHIFT_C,93,92,0,0,26,0
EMP0013,2026-07-29,SHIFT_C,93,96,0,0,16,0
EMP0013,2026-07-30,SHIFT_C,86,92,0,0,41,0
EMP0013,2026-07-31,SHIFT_C,96,96,1,0,8,0
EMP0013,2026-08-03,SHIFT_C,84,76,0,0,13,0
EMP0013,2026-08-04,SHIFT_C,113,118,0,0,28,0
EMP0013,2026-08-05,SHIFT_C,116,123,1,1,22,0
EMP0013,2026-08-06,SHIFT_C,80,73,0,0,12,0
EMP0013,2026-08-07,SHIFT_C,91,95,0,0,8,0
EMP0013,2026-08-10,SHIFT_C,112,113,1,1,1,0
EMP0013,2026-08-11,SHIFT_C,115,123,1,1,12,0
EMP0013,2026-08-12,SHIFT_C,101,94,0,0,23,0
EMP0013,2026-08-13,SHIFT_C,101,99,1,1,61,0
EMP0013,2026-08-14,SHIFT_C,88,88,1,0,24,0
EMP0013,2026-08-17,SHIFT_C,117,106,0,0,69,0
EMP0013,2026-08-18,SHIFT_C,111,121,0,0,18,0
EMP0013,2026-08-19,SHIFT_C,82,76,0,0,13,0
EMP0013,2026-08-20,SHIFT_C,109,103,0,0,9,0
EMP0013,2026-08-21,SHIFT_C,88,96,0,0,23,0
EMP0013,2026-08-24,SHIFT_C,102,107,0,0,1,0
EMP0013,2026-08-25,SHIFT_C,94,88,0,0,73,0
EMP0013,2026-08-26,SHIFT_C,119,125,0,0,51,0
EMP0013,2026-08-27,SHIFT_C,110,121,0,0,20,0
EMP0013,2026-08-28,SHIFT_C,109,115,0,0,24,0
EMP0013,2026-08-31,SHIFT_C,82,79,1,1,30,0
EMP0013,2026-09-01,SHIFT_C,117,115,1,1,6,0
EMP0013,2026-09-02,SHIFT_C,111,101,0,0,19,0
EMP0013,2026-09-03,SHIFT_C,115,106,0,0,18,0
EMP0013,2026-09-04,SHIFT_C,111,121,0,0,18,0
EMP0013,2026-09-07,SHIFT_C,84,88,0,0,7,0
EMP0013,2026-09-08,SHIFT_C,82,90,0,0,19,0
EMP0013,2026-09-09,SHIFT_C,86,87,0,0,2,0
EMP0013,2026-09-10,SHIFT_C,86,83,1,1,27,0
EMP0013,2026-09-11,SHIFT_C,101,107,1,0,6,0
EMP0014,2025-09-11,SHIFT_C,87,61,2,1,25,1
EMP0014,2025-09-12,SHIFT_C,84,67,3,2,29,0
EMP0014,2025-09-15,SHIFT_C,112,78,3,1,28,0
EMP0014,2025-09-16,SHIFT_C,80,60,2,1,10,0
EMP0014,2025-09-17,SHIFT_C,114,81,4,2,43,0
EMP0014,2025-09-18,SHIFT_C,116,91,5,3,64,0
EMP0014,2025-09-19,SHIFT_C,119,95,4,1,28,0
EMP0014,2025-09-22,SHIFT_C,97,78,3,2,24,0
EMP0014,2025-09-23,SHIFT_C,110,88,4,1,20,0
EMP0014,2025-09-24,SHIFT_C,107,80,4,2,20,0
EMP0014,2025-09-26,SHIFT_C,105,85,4,2,3,0
EMP0014,2025-09-29,SHIFT_C,112,87,3,2,1,0
EMP0014,2025-09-30,SHIFT_C,108,91,4,2,14,0
EMP0014,2025-10-01,SHIFT_C,87,60,2,1,14,0
EMP0014,2025-10-02,SHIFT_C,99,74,3,2,3,0
EMP0014,2025-10-03,SHIFT_C,95,74,4,1,29,0
EMP0014,2025-10-06,SHIFT_C,103,86,3,1,23,1
EMP0014,2025-10-07,SHIFT_C,115,94,4,2,60,0
EMP0014,2025-10-08,SHIFT_C,101,79,3,2,0,0
EMP0014,2025-10-09,SHIFT_C,113,94,4,2,15,0
EMP0014,2025-10-10,SHIFT_C,94,75,3,2,66,0
EMP0014,2025-10-13,SHIFT_C,88,65,3,1,26,0
EMP0014,2025-10-14,SHIFT_C,108,80,4,1,15,0
EMP0014,2025-10-15,SHIFT_C,119,91,5,2,28,0
EMP0014,2025-10-16,SHIFT_C,104,82,3,1,11,0
EMP0014,2025-10-17,SHIFT_C,109,89,4,2,14,0
EMP0014,2025-10-20,SHIFT_C,120,84,3,1,28,0
EMP0014,2025-10-21,SHIFT_C,112,92,5,2,6,0
EMP0014,2025-10-22,SHIFT_C,95,76,3,1,58,0
EMP0014,2025-10-23,SHIFT_C,119,85,3,2,11,0
EMP0014,2025-10-24,SHIFT_C,81,59,3,1,2,0
EMP0014,2025-10-27,SHIFT_C,120,85,3,1,48,0
EMP0014,2025-10-28,SHIFT_C,120,101,5,3,21,0
EMP0014,2025-10-29,SHIFT_C,103,81,4,1,45,0
EMP0014,2025-10-30,SHIFT_C,119,85,3,2,1,0
EMP0014,2025-10-31,SHIFT_C,82,58,2,1,13,0
EMP0014,2025-11-03,SHIFT_C,94,67,3,1,25,0
EMP0014,2025-11-04,SHIFT_C,99,76,4,2,21,0
EMP0014,2025-11-05,SHIFT_C,93,76,4,1,3,0
EMP0014,2025-11-06,SHIFT_C,88,68,3,2,19,0
EMP0014,2025-11-07,SHIFT_C,85,59,2,1,0,0
EMP0014,2025-11-10,SHIFT_C,86,62,2,1,17,0
EMP0014,2025-11-11,SHIFT_C,83,62,3,2,7,0
EMP0014,2025-11-12,SHIFT_C,113,85,3,2,19,0
EMP0014,2025-11-13,SHIFT_C,91,71,3,2,9,0
EMP0014,2025-11-14,SHIFT_C,99,78,3,2,2,0
EMP0014,2025-11-17,SHIFT_C,102,74,3,1,67,0
EMP0014,2025-11-18,SHIFT_C,120,83,4,2,18,0
EMP0014,2025-11-19,SHIFT_C,85,64,3,1,0,0
EMP0014,2025-11-20,SHIFT_C,119,90,4,3,24,0
EMP0014,2025-11-21,SHIFT_C,119,85,3,2,20,0
EMP0014,2025-11-24,SHIFT_C,86,64,3,1,5,0
EMP0014,2025-11-25,SHIFT_C,109,80,3,2,0,0
EMP0014,2025-11-26,SHIFT_C,113,84,3,2,20,0
EMP0014,2025-11-27,SHIFT_C,111,79,3,2,28,0
EMP0014,2025-11-28,SHIFT_C,97,68,3,1,23,0
EMP0014,2025-12-01,SHIFT_C,118,83,3,1,23,0
EMP0014,2025-12-02,SHIFT_C,112,80,4,2,10,0
EMP0014,2025-12-03,SHIFT_C,103,81,4,2,4,0
EMP0014,2025-12-04,SHIFT_C,108,81,3,2,10,0
EMP0014,2025-12-05,SHIFT_C,87,68,3,1,1,0
EMP0014,2025-12-08,SHIFT_C,90,70,3,1,20,0
EMP0014,2025-12-09,SHIFT_C,83,61,3,1,10,0
EMP0014,2025-12-10,SHIFT_C,109,79,4,3,25,0
EMP0014,2025-12-11,SHIFT_C,87,68,3,2,24,0
EMP0014,2025-12-15,SHIFT_C,93,65,3,2,67,0
EMP0014,2025-12-16,SHIFT_C,120,90,4,2,16,0
EMP0014,2025-12-17,SHIFT_C,97,73,3,2,29,0
EMP0014,2025-12-18,SHIFT_C,116,86,3,2,10,0
EMP0014,2025-12-22,SHIFT_C,95,67,3,1,29,0
EMP0014,2025-12-23,SHIFT_C,103,72,3,1,18,0
EMP0014,2025-12-24,SHIFT_C,102,79,3,1,13,0
EMP0014,2025-12-26,SHIFT_C,89,65,3,1,37,0
EMP0014,2025-12-29,SHIFT_C,92,65,3,2,22,0
EMP0014,2025-12-30,SHIFT_C,107,84,3,1,10,0
EMP0014,2026-01-02,SHIFT_C,96,72,3,1,16,0
EMP0014,2026-01-06,SHIFT_C,111,85,3,2,4,0
EMP0014,2026-01-07,SHIFT_C,93,76,3,2,6,0
EMP0014,2026-01-08,SHIFT_C,106,77,4,2,4,0
EMP0014,2026-01-09,SHIFT_C,103,82,3,2,4,0
EMP0014,2026-01-12,SHIFT_C,115,83,3,1,1,0
EMP0014,2026-01-13,SHIFT_C,114,93,4,2,3,0
EMP0014,2026-01-14,SHIFT_C,86,68,3,1,30,0
EMP0014,2026-01-15,SHIFT_C,100,79,4,3,1,0
EMP0014,2026-01-16,SHIFT_C,101,76,3,1,43,0
EMP0014,2026-01-19,SHIFT_C,97,74,3,2,1,0
EMP0014,2026-01-20,SHIFT_C,99,75,4,2,21,0
EMP0014,2026-01-21,SHIFT_C,98,67,3,2,7,0
EMP0014,2026-01-22,SHIFT_C,120,101,5,2,20,0
EMP0014,2026-01-23,SHIFT_C,95,78,3,1,69,0
EMP0014,2026-01-26,SHIFT_C,90,71,3,1,25,0
EMP0014,2026-01-27,SHIFT_C,108,81,3,1,6,0
EMP0014,2026-01-28,SHIFT_C,113,86,3,2,29,0
EMP0014,2026-01-30,SHIFT_C,115,89,4,3,1,0
EMP0014,2026-02-02,SHIFT_C,87,61,3,1,16,0
EMP0014,2026-02-03,SHIFT_C,106,83,3,2,6,0
EMP0014,2026-02-06,SHIFT_C,101,76,3,2,18,0
EMP0014,2026-02-09,SHIFT_C,101,80,3,2,26,0
EMP0014,2026-02-10,SHIFT_C,96,73,3,1,11,0
EMP0014,2026-02-11,SHIFT_C,118,84,3,2,12,0
EMP0014,2026-02-12,SHIFT_C,91,67,3,2,23,0
EMP0014,2026-02-13,SHIFT_C,104,71,3,1,23,0
EMP0014,2026-02-16,SHIFT_C,90,69,3,1,27,0
EMP0014,2026-02-17,SHIFT_C,80,57,3,1,18,0
EMP0014,2026-02-18,SHIFT_C,116,85,3,2,20,0
EMP0014,2026-02-19,SHIFT_C,100,77,3,2,12,0
EMP0014,2026-02-20,SHIFT_C,86,66,3,2,25,0
EMP0014,2026-02-23,SHIFT_C,120,100,4,3,11,0
EMP0014,2026-02-24,SHIFT_C,111,79,4,1,20,0
EMP0014,2026-02-25,SHIFT_C,80,62,2,1,6,0
EMP0014,2026-02-26,SHIFT_C,115,88,4,2,0,0
EMP0014,2026-02-27,SHIFT_C,105,75,3,2,6,0
EMP0014,2026-03-02,SHIFT_C,87,73,4,2,26,0
EMP0014,2026-03-03,SHIFT_C,101,84,3,1,28,0
EMP0014,2026-03-04,SHIFT_C,108,84,3,2,14,0
EMP0014,2026-03-05,SHIFT_C,83,60,3,1,8,0
EMP0014,2026-03-06,SHIFT_C,98,70,3,1,12,0
EMP0014,2026-03-09,SHIFT_C,90,74,4,2,3,0
EMP0014,2026-03-10,SHIFT_C,104,75,3,1,9,0
EMP0014,2026-03-11,SHIFT_C,104,80,3,1,20,0
EMP0014,2026-03-12,SHIFT_C,82,64,3,2,0,0
EMP0014,2026-03-13,SHIFT_C,116,86,3,1,28,0
EMP0014,2026-03-16,SHIFT_C,101,78,3,2,25,0
EMP0014,2026-03-17,SHIFT_C,102,78,4,3,30,0
EMP0014,2026-03-18,SHIFT_C,98,70,3,1,0,0
EMP0014,2026-03-19,SHIFT_C,95,67,3,1,30,0
EMP0014,2026-03-20,SHIFT_C,87,73,3,1,28,0
EMP0014,2026-03-23,SHIFT_C,102,84,4,2,20,0
EMP0014,2026-03-24,SHIFT_C,99,76,3,1,0,0
EMP0014,2026-03-25,SHIFT_C,83,68,3,2,46,0
EMP0014,2026-03-26,SHIFT_C,82,61,2,1,23,0
EMP0014,2026-03-27,SHIFT_C,116,92,4,3,10,0
EMP0014,2026-03-30,SHIFT_C,93,66,3,2,30,0
EMP0014,2026-03-31,SHIFT_C,106,74,3,1,19,0
EMP0014,2026-04-01,SHIFT_C,113,81,3,2,15,0
EMP0014,2026-04-02,SHIFT_C,112,86,3,1,30,0
EMP0014,2026-04-06,SHIFT_C,98,68,3,2,66,0
EMP0014,2026-04-07,SHIFT_C,104,83,3,1,21,0
EMP0014,2026-04-08,SHIFT_C,117,91,4,2,11,0
EMP0014,2026-04-09,SHIFT_C,117,91,4,2,26,0
EMP0014,2026-04-10,SHIFT_C,119,97,5,3,7,0
EMP0014,2026-04-13,SHIFT_C,89,70,3,1,41,0
EMP0014,2026-04-14,SHIFT_C,88,72,3,2,23,0
EMP0014,2026-04-15,SHIFT_C,82,63,3,2,19,0
EMP0014,2026-04-16,SHIFT_C,102,76,3,2,17,1
EMP0014,2026-04-17,SHIFT_C,118,86,4,1,11,0
EMP0014,2026-04-20,SHIFT_C,97,81,3,1,5,0
EMP0014,2026-04-21,SHIFT_C,101,83,3,2,4,0
EMP0014,2026-04-22,SHIFT_C,85,69,3,1,50,0
EMP0014,2026-04-23,SHIFT_C,89,71,3,1,27,0
EMP0014,2026-04-24,SHIFT_C,106,85,3,2,17,0
EMP0014,2026-04-27,SHIFT_C,109,90,4,3,71,0
EMP0014,2026-04-28,SHIFT_C,110,87,3,1,20,0
EMP0014,2026-04-29,SHIFT_C,110,80,3,2,18,0
EMP0014,2026-04-30,SHIFT_C,103,76,3,2,0,0
EMP0014,2026-05-04,SHIFT_C,92,73,3,2,11,0
EMP0014,2026-05-05,SHIFT_C,89,73,3,1,13,0
EMP0014,2026-05-06,SHIFT_C,90,68,3,2,8,0
EMP0014,2026-05-07,SHIFT_C,88,62,3,2,17,0
EMP0014,2026-05-08,SHIFT_C,117,88,4,2,3,0
EMP0014,2026-05-11,SHIFT_C,111,81,4,1,10,0
EMP0014,2026-05-12,SHIFT_C,113,92,4,2,18,0
EMP0014,2026-05-13,SHIFT_C,88,67,3,2,7,0
EMP0014,2026-05-14,SHIFT_C,95,68,3,1,23,0
EMP0014,2026-05-15,SHIFT_C,108,77,4,2,7,0
EMP0014,2026-05-19,SHIFT_C,115,92,5,2,17,0
EMP0014,2026-05-20,SHIFT_C,113,79,3,1,18,0
EMP0014,2026-05-21,SHIFT_C,115,96,5,3,28,0
EMP0014,2026-05-22,SHIFT_C,80,57,2,1,16,0
EMP0014,2026-05-25,SHIFT_C,103,79,3,1,22,0
EMP0014,2026-05-26,SHIFT_C,80,57,2,1,28,0
EMP0014,2026-05-27,SHIFT_C,90,63,3,2,2,0
EMP0014,2026-05-28,SHIFT_C,104,83,3,2,18,0
EMP0014,2026-05-29,SHIFT_C,96,76,3,2,14,0
EMP0014,2026-06-01,SHIFT_C,112,77,3,1,5,0
EMP0014,2026-06-02,SHIFT_C,100,76,3,2,3,0
EMP0014,2026-06-03,SHIFT_C,115,84,3,1,30,0
EMP0014,2026-06-04,SHIFT_C,84,61,2,1,16,0
EMP0014,2026-06-05,SHIFT_C,103,73,4,2,66,0
EMP0014,2026-06-08,SHIFT_C,120,86,3,1,1,0
EMP0014,2026-06-09,SHIFT_C,114,92,5,2,13,0
EMP0014,2026-06-10,SHIFT_C,80,64,3,1,15,0
EMP0014,2026-06-11,SHIFT_C,111,80,3,2,37,0
EMP0014,2026-06-12,SHIFT_C,85,68,3,1,18,0
EMP0014,2026-06-15,SHIFT_C,85,67,3,1,15,0
EMP0014,2026-06-16,SHIFT_C,110,86,3,1,25,0
EMP0014,2026-06-17,SHIFT_C,115,92,5,3,57,0
EMP0014,2026-06-18,SHIFT_C,97,68,3,1,5,0
EMP0014,2026-06-19,SHIFT_C,91,75,3,2,27,0
EMP0014,2026-06-22,SHIFT_C,118,99,4,2,17,0
EMP0014,2026-06-23,SHIFT_C,93,70,3,1,10,0
EMP0014,2026-06-24,SHIFT_C,105,74,3,1,31,0
EMP0014,2026-06-25,SHIFT_C,100,78,4,3,14,0
EMP0014,2026-06-26,SHIFT_C,102,85,4,2,22,0
EMP0014,2026-06-30,SHIFT_C,92,70,3,2,22,0
EMP0014,2026-07-01,SHIFT_C,114,80,3,2,24,0
EMP0014,2026-07-02,SHIFT_C,100,84,3,1,0,0
EMP0014,2026-07-03,SHIFT_C,105,87,3,2,0,0
EMP0014,2026-07-06,SHIFT_C,115,82,4,2,69,0
EMP0014,2026-07-07,SHIFT_C,108,76,3,2,4,0
EMP0014,2026-07-08,SHIFT_C,108,89,4,3,21,0
EMP0014,2026-07-09,SHIFT_C,107,89,4,2,23,0
EMP0014,2026-07-10,SHIFT_C,89,65,3,1,27,0
EMP0014,2026-07-13,SHIFT_C,89,64,3,2,2,0
EMP0014,2026-07-14,SHIFT_C,99,81,3,1,25,0
EMP0014,2026-07-15,SHIFT_C,118,96,4,1,1,0
EMP0014,2026-07-16,SHIFT_C,98,76,3,2,24,0
EMP0014,2026-07-17,SHIFT_C,92,67,3,1,0,0
EMP0014,2026-07-20,SHIFT_C,113,94,5,3,74,0
EMP0014,2026-07-21,SHIFT_C,92,77,4,2,42,0
EMP0014,2026-07-22,SHIFT_C,94,66,3,2,18,0
EMP0014,2026-07-23,SHIFT_C,117,86,3,1,11,0
EMP0014,2026-07-24,SHIFT_C,99,77,3,2,21,0
EMP0014,2026-07-27,SHIFT_C,87,71,3,2,24,0
EMP0014,2026-07-28,SHIFT_C,85,69,3,2,23,0
EMP0014,2026-07-29,SHIFT_C,99,81,3,2,20,0
EMP0014,2026-07-30,SHIFT_C,83,59,2,1,11,0
EMP0014,2026-07-31,SHIFT_C,108,80,3,1,41,0
EMP0014,2026-08-03,SHIFT_C,114,85,3,2,1,0
EMP0014,2026-08-04,SHIFT_C,116,85,3,1,28,0
EMP0014,2026-08-05,SHIFT_C,117,81,4,1,29,0
EMP0014,2026-08-06,SHIFT_C,99,73,4,2,18,0
EMP0014,2026-08-07,SHIFT_C,102,83,3,2,5,0
EMP0014,2026-08-10,SHIFT_C,87,66,3,2,20,0
EMP0014,2026-08-11,SHIFT_C,117,88,4,2,10,0
EMP0014,2026-08-12,SHIFT_C,86,65,3,1,37,0
EMP0014,2026-08-13,SHIFT_C,100,69,3,2,25,0
EMP0014,2026-08-14,SHIFT_C,96,67,3,2,3,0
EMP0014,2026-08-17,SHIFT_C,80,60,2,1,18,0
EMP0014,2026-08-18,SHIFT_C,99,69,3,2,0,0
EMP0014,2026-08-19,SHIFT_C,118,89,4,2,3,0
EMP0014,2026-08-20,SHIFT_C,119,95,5,2,19,0
EMP0014,2026-08-21,SHIFT_C,84,65,3,1,28,0
EMP0014,2026-08-24,SHIFT_C,82,65,3,2,39,0
EMP0014,2026-08-25,SHIFT_C,82,61,2,1,40,0
EMP0014,2026-08-26,SHIFT_C,95,70,4,2,28,0
EMP0014,2026-08-27,SHIFT_C,92,75,3,2,10,0
EMP0014,2026-08-28,SHIFT_C,86,72,3,1,23,0
EMP0014,2026-08-31,SHIFT_C,107,90,4,2,17,0
EMP0014,2026-09-01,SHIFT_C,101,76,3,2,11,0
EMP0014,2026-09-02,SHIFT_C,95,70,4,2,70,0
EMP0014,2026-09-03,SHIFT_C,108,76,3,2,28,0
EMP0014,2026-09-04,SHIFT_C,86,60,2,1,22,0
EMP0014,2026-09-07,SHIFT_C,87,66,3,1,2,0
EMP0014,2026-09-08,SHIFT_C,108,86,3,1,21,0
EMP0014,2026-09-09,SHIFT_C,87,66,3,1,25,0
EMP0014,2026-09-10,SHIFT_C,109,77,3,1,5,0
EMP0014,2026-09-11,SHIFT_C,84,69,3,1,5,0
EMP0015,2025-09-11,SHIFT_A,86,65,3,1,27,0
EMP0015,2025-09-12,SHIFT_A,97,67,2,1,24,0
EMP0015,2025-09-15,SHIFT_A,107,84,3,1,8,0
EMP0015,2025-09-16,SHIFT_A,85,66,2,1,15,1
EMP0015,2025-09-18,SHIFT_A,89,69,2,1,17,0
EMP0015,2025-09-19,SHIFT_A,118,86,3,2,4,0
EMP0015,2025-09-22,SHIFT_A,97,73,2,1,23,0
EMP0015,2025-09-23,SHIFT_A,109,80,3,1,23,0
EMP0015,2025-09-24,SHIFT_A,113,78,2,1,26,0
EMP0015,2025-09-25,SHIFT_A,113,74,2,1,6,0
EMP0015,2025-09-26,SHIFT_A,108,78,2,1,25,0
EMP0015,2025-09-29,SHIFT_A,89,63,3,2,37,0
EMP0015,2025-09-30,SHIFT_A,109,77,2,1,27,0
EMP0015,2025-10-01,SHIFT_A,105,81,2,1,42,0
EMP0015,2025-10-02,SHIFT_A,110,78,2,1,5,0
EMP0015,2025-10-03,SHIFT_A,93,67,2,1,26,0
EMP0015,2025-10-06,SHIFT_A,103,79,2,1,21,0
EMP0015,2025-10-07,SHIFT_A,92,64,2,1,25,0
EMP0015,2025-10-08,SHIFT_A,117,88,3,1,21,0
EMP0015,2025-10-09,SHIFT_A,82,57,2,1,24,0
EMP0015,2025-10-10,SHIFT_A,117,88,3,1,22,0
EMP0015,2025-10-13,SHIFT_A,81,61,2,1,26,0
EMP0015,2025-10-14,SHIFT_A,108,75,2,1,2,0
EMP0015,2025-10-15,SHIFT_A,83,61,2,1,4,0
EMP0015,2025-10-16,SHIFT_A,101,71,2,1,35,0
EMP0015,2025-10-17,SHIFT_A,105,82,2,1,16,0
EMP0015,2025-10-20,SHIFT_A,97,70,2,1,19,0
EMP0015,2025-10-22,SHIFT_A,98,68,2,1,2,0
EMP0015,2025-10-23,SHIFT_A,88,62,2,1,18,0
EMP0015,2025-10-24,SHIFT_A,108,80,3,1,2,0
EMP0015,2025-10-27,SHIFT_A,93,61,2,1,22,0
EMP0015,2025-10-28,SHIFT_A,116,76,3,1,1,0
EMP0015,2025-10-29,SHIFT_A,91,71,2,1,12,0
EMP0015,2025-10-30,SHIFT_A,82,54,2,1,17,0
EMP0015,2025-10-31,SHIFT_A,97,74,2,1,27,0
EMP0015,2025-11-03,SHIFT_A,83,62,2,1,14,0
EMP0015,2025-11-04,SHIFT_A,92,72,3,2,10,0
EMP0015,2025-11-05,SHIFT_A,118,83,2,1,1,0
EMP0015,2025-11-06,SHIFT_A,87,61,2,1,20,0
EMP0015,2025-11-07,SHIFT_A,114,84,3,2,19,0
EMP0015,2025-11-10,SHIFT_A,92,64,2,1,29,0
EMP0015,2025-11-11,SHIFT_A,97,75,3,2,27,0
EMP0015,2025-11-12,SHIFT_A,110,83,2,1,54,0
EMP0015,2025-11-13,SHIFT_A,85,64,3,1,41,0
EMP0015,2025-11-14,SHIFT_A,84,62,2,1,17,0
EMP0015,2025-11-17,SHIFT_A,109,73,2,1,2,0
EMP0015,2025-11-18,SHIFT_A,88,67,3,1,6,0
EMP0015,2025-11-19,SHIFT_A,97,73,2,1,12,0
EMP0015,2025-11-20,SHIFT_A,106,76,2,1,23,0
EMP0015,2025-11-21,SHIFT_A,116,92,3,1,9,0
EMP0015,2025-11-24,SHIFT_A,93,70,3,1,75,0
EMP0015,2025-11-25,SHIFT_A,87,57,2,1,11,0
EMP0015,2025-11-26,SHIFT_A,117,77,3,2,21,0
EMP0015,2025-11-27,SHIFT_A,106,84,3,1,1,0
EMP0015,2025-11-28,SHIFT_A,103,72,2,1,26,0
EMP0015,2025-12-01,SHIFT_A,85,60,2,1,19,0
EMP0015,2025-12-02,SHIFT_A,91,70,3,1,30,0
EMP0015,2025-12-03,SHIFT_A,104,74,2,1,15,0
EMP0015,2025-12-04,SHIFT_A,96,69,3,1,23,0
EMP0015,2025-12-05,SHIFT_A,83,59,2,1,8,0
EMP0015,2025-12-08,SHIFT_A,91,69,3,2,17,0
EMP0015,2025-12-09,SHIFT_A,113,75,2,1,22,0
EMP0015,2025-12-10,SHIFT_A,91,64,2,1,21,0
EMP0015,2025-12-11,SHIFT_A,108,83,2,1,11,0
EMP0015,2025-12-12,SHIFT_A,108,78,3,1,24,0
EMP0015,2025-12-15,SHIFT_A,95,75,2,1,1,0
EMP0015,2025-12-16,SHIFT_A,112,78,2,1,54,0
EMP0015,2025-12-17,SHIFT_A,100,79,2,1,16,0
EMP0015,2025-12-18,SHIFT_A,88,59,2,1,1,0
EMP0015,2025-12-19,SHIFT_A,86,64,2,1,21,0
EMP0015,2025-12-22,SHIFT_A,94,64,2,1,26,0
EMP0015,2025-12-23,SHIFT_A,87,69,2,1,20,0
EMP0015,2025-12-24,SHIFT_A,98,66,2,1,23,0
EMP0015,2025-12-26,SHIFT_A,93,73,2,1,4,0
EMP0015,2025-12-29,SHIFT_A,115,84,3,2,28,0
EMP0015,2025-12-30,SHIFT_A,103,79,3,2,28,0
EMP0015,2026-01-02,SHIFT_A,110,83,3,2,22,0
EMP0015,2026-01-05,SHIFT_A,82,56,2,1,26,0
EMP0015,2026-01-06,SHIFT_A,95,67,2,1,30,0
EMP0015,2026-01-08,SHIFT_A,90,65,2,1,13,0
EMP0015,2026-01-09,SHIFT_A,118,93,4,2,2,0
EMP0015,2026-01-12,SHIFT_A,102,67,2,1,12,0
EMP0015,2026-01-13,SHIFT_A,90,60,2,1,16,0
EMP0015,2026-01-14,SHIFT_A,81,61,2,1,7,0
EMP0015,2026-01-15,SHIFT_A,96,73,2,1,24,0
EMP0015,2026-01-16,SHIFT_A,89,68,2,1,30,0
EMP0015,2026-01-19,SHIFT_A,91,61,2,1,28,1
EMP0015,2026-01-20,SHIFT_A,108,71,2,1,13,0
EMP0015,2026-01-21,SHIFT_A,101,73,2,1,63,0
EMP0015,2026-01-22,SHIFT_A,108,81,2,1,25,0
EMP0015,2026-01-23,SHIFT_A,110,86,3,2,7,0
EMP0015,2026-01-26,SHIFT_A,103,76,3,2,15,0
EMP0015,2026-01-27,SHIFT_A,89,63,2,1,29,0
EMP0015,2026-01-28,SHIFT_A,109,79,2,1,10,0
EMP0015,2026-01-29,SHIFT_A,117,80,2,1,12,0
EMP0015,2026-01-30,SHIFT_A,101,76,2,1,32,0
EMP0015,2026-02-02,SHIFT_A,94,63,2,1,54,0
EMP0015,2026-02-03,SHIFT_A,81,60,2,1,12,0
EMP0015,2026-02-05,SHIFT_A,108,77,2,1,22,0
EMP0015,2026-02-06,SHIFT_A,93,62,2,1,21,0
EMP0015,2026-02-09,SHIFT_A,86,58,2,1,11,0
EMP0015,2026-02-10,SHIFT_A,117,90,3,2,11,0
EMP0015,2026-02-11,SHIFT_A,108,72,2,1,27,0
EMP0015,2026-02-12,SHIFT_A,81,56,2,1,22,0
EMP0015,2026-02-13,SHIFT_A,106,77,2,1,11,0
EMP0015,2026-02-16,SHIFT_A,100,77,3,2,26,0
EMP0015,2026-02-17,SHIFT_A,104,81,2,1,0,1
EMP0015,2026-02-18,SHIFT_A,99,66,2,1,5,0
EMP0015,2026-02-19,SHIFT_A,83,61,2,1,52,0
EMP0015,2026-02-20,SHIFT_A,91,70,3,2,11,0
EMP0015,2026-02-23,SHIFT_A,99,74,2,1,29,0
EMP0015,2026-02-24,SHIFT_A,117,90,3,1,30,0
EMP0015,2026-02-25,SHIFT_A,110,76,3,1,5,0
EMP0015,2026-02-26,SHIFT_A,103,75,2,1,15,0
EMP0015,2026-02-27,SHIFT_A,87,59,2,1,24,0
EMP0015,2026-03-02,SHIFT_A,117,77,2,1,21,0
EMP0015,2026-03-03,SHIFT_A,112,81,2,1,25,0
EMP0015,2026-03-04,SHIFT_A,103,81,2,1,25,0
EMP0015,2026-03-05,SHIFT_A,95,64,3,2,30,0
EMP0015,2026-03-06,SHIFT_A,96,70,3,1,6,0
EMP0015,2026-03-09,SHIFT_A,119,83,2,1,5,0
EMP0015,2026-03-10,SHIFT_A,81,58,2,1,27,0
EMP0015,2026-03-11,SHIFT_A,80,57,2,1,3,0
EMP0015,2026-03-12,SHIFT_A,114,89,3,1,13,0
EMP0015,2026-03-13,SHIFT_A,115,78,3,2,53,0
EMP0015,2026-03-16,SHIFT_A,107,72,2,1,20,0
EMP0015,2026-03-17,SHIFT_A,108,79,2,1,13,0
EMP0015,2026-03-18,SHIFT_A,85,60,2,1,22,0
EMP0015,2026-03-19,SHIFT_A,119,81,2,1,20,0
EMP0015,2026-03-20,SHIFT_A,107,84,3,2,14,0
EMP0015,2026-03-23,SHIFT_A,94,72,2,1,21,0
EMP0015,2026-03-24,SHIFT_A,105,69,2,1,16,0
EMP0015,2026-03-25,SHIFT_A,89,63,3,2,26,0
EMP0015,2026-03-26,SHIFT_A,85,66,3,1,29,0
EMP0015,2026-03-27,SHIFT_A,84,57,2,1,30,0
EMP0015,2026-03-30,SHIFT_A,82,61,2,1,66,0
EMP0015,2026-03-31,SHIFT_A,88,58,2,1,6,0
EMP0015,2026-04-01,SHIFT_A,118,83,3,2,26,0
EMP0015,2026-04-02,SHIFT_A,103,71,2,1,24,0
EMP0015,2026-04-03,SHIFT_A,106,71,2,1,25,0
EMP0015,2026-04-06,SHIFT_A,116,90,4,2,8,0
EMP0015,2026-04-07,SHIFT_A,87,67,2,1,14,1
EMP0015,2026-04-08,SHIFT_A,107,84,3,1,0,0
EMP0015,2026-04-09,SHIFT_A,114,86,3,2,13,0
EMP0015,2026-04-10,SHIFT_A,120,91,3,2,14,0
EMP0015,2026-04-13,SHIFT_A,105,74,3,2,16,0
EMP0015,2026-04-14,SHIFT_A,109,73,3,2,14,0
EMP0015,2026-04-15,SHIFT_A,93,63,2,1,29,0
EMP0015,2026-04-16,SHIFT_A,85,57,2,1,13,0
EMP0015,2026-04-17,SHIFT_A,101,69,3,2,8,0
EMP0015,2026-04-20,SHIFT_A,90,68,2,1,23,0
EMP0015,2026-04-21,SHIFT_A,91,65,2,1,4,1
EMP0015,2026-04-22,SHIFT_A,101,66,2,1,20,0
EMP0015,2026-04-23,SHIFT_A,84,54,2,1,2,0
EMP0015,2026-04-24,SHIFT_A,82,64,2,1,23,0
EMP0015,2026-04-27,SHIFT_A,117,92,3,1,17,0
EMP0015,2026-04-28,SHIFT_A,92,61,2,1,25,0
EMP0015,2026-04-29,SHIFT_A,115,89,4,2,7,0
EMP0015,2026-04-30,SHIFT_A,97,73,2,1,10,0
EMP0015,2026-05-04,SHIFT_A,110,71,3,2,19,0
EMP0015,2026-05-05,SHIFT_A,86,66,3,2,11,0
EMP0015,2026-05-06,SHIFT_A,100,79,3,2,8,0
EMP0015,2026-05-07,SHIFT_A,105,76,2,1,2,0
EMP0015,2026-05-08,SHIFT_A,114,81,2,1,28,0
EMP0015,2026-05-11,SHIFT_A,85,61,2,1,7,0
EMP0015,2026-05-12,SHIFT_A,91,62,2,1,22,0
EMP0015,2026-05-13,SHIFT_A,89,65,2,1,25,0
EMP0015,2026-05-14,SHIFT_A,111,86,3,2,23,0
EMP0015,2026-05-15,SHIFT_A,116,89,3,1,31,0
EMP0015,2026-05-18,SHIFT_A,84,64,2,1,15,0
EMP0015,2026-05-19,SHIFT_A,80,60,2,1,32,0
EMP0015,2026-05-20,SHIFT_A,84,58,2,1,11,0
EMP0015,2026-05-21,SHIFT_A,115,88,4,1,10,0
EMP0015,2026-05-22,SHIFT_A,85,61,2,1,23,0
EMP0015,2026-05-25,SHIFT_A,103,75,3,2,20,0
EMP0015,2026-05-26,SHIFT_A,87,61,2,1,15,0
EMP0015,2026-05-27,SHIFT_A,116,79,2,1,56,0
EMP0015,2026-05-28,SHIFT_A,105,70,2,1,22,0
EMP0015,2026-05-29,SHIFT_A,103,70,2,1,22,0
EMP0015,2026-06-01,SHIFT_A,113,81,2,1,19,0
EMP0015,2026-06-02,SHIFT_A,87,60,2,1,16,0
EMP0015,2026-06-03,SHIFT_A,120,94,3,1,26,0
EMP0015,2026-06-04,SHIFT_A,95,65,2,1,20,0
EMP0015,2026-06-05,SHIFT_A,84,54,2,1,16,0
EMP0015,2026-06-09,SHIFT_A,92,64,3,2,44,1
EMP0015,2026-06-10,SHIFT_A,81,52,2,1,23,0
EMP0015,2026-06-11,SHIFT_A,81,62,2,1,75,0
EMP0015,2026-06-12,SHIFT_A,111,79,2,1,29,0
EMP0015,2026-06-15,SHIFT_A,109,82,2,1,5,0
EMP0015,2026-06-16,SHIFT_A,117,82,2,1,2,0
EMP0015,2026-06-17,SHIFT_A,83,60,2,1,59,0
EMP0015,2026-06-18,SHIFT_A,114,85,3,1,25,0
EMP0015,2026-06-19,SHIFT_A,98,68,2,1,24,0
EMP0015,2026-06-22,SHIFT_A,110,74,2,1,16,0
EMP0015,2026-06-23,SHIFT_A,108,84,3,2,0,0
EMP0015,2026-06-24,SHIFT_A,115,84,3,1,11,1
EMP0015,2026-06-25,SHIFT_A,86,64,3,2,2,0
EMP0015,2026-06-26,SHIFT_A,99,67,3,2,75,0
EMP0015,2026-06-29,SHIFT_A,89,70,3,2,18,0
EMP0015,2026-06-30,SHIFT_A,98,66,2,1,24,0
EMP0015,2026-07-01,SHIFT_A,83,63,3,2,6,0
EMP0015,2026-07-02,SHIFT_A,106,79,2,1,8,0
EMP0015,2026-07-03,SHIFT_A,82,63,2,1,25,0
EMP0015,2026-07-06,SHIFT_A,110,75,2,1,14,0
EMP0015,2026-07-07,SHIFT_A,95,70,2,1,28,0
EMP0015,2026-07-08,SHIFT_A,97,73,2,1,26,0
EMP0015,2026-07-09,SHIFT_A,97,76,2,1,18,0
EMP0015,2026-07-10,SHIFT_A,114,90,3,2,12,0
EMP0015,2026-07-13,SHIFT_A,110,74,3,1,23,0
EMP0015,2026-07-14,SHIFT_A,85,65,3,1,7,0
EMP0015,2026-07-15,SHIFT_A,113,81,2,1,46,0
EMP0015,2026-07-16,SHIFT_A,97,71,3,2,25,0
EMP0015,2026-07-17,SHIFT_A,119,88,3,2,16,0
EMP0015,2026-07-20,SHIFT_A,97,71,3,2,25,0
EMP0015,2026-07-21,SHIFT_A,97,67,3,1,5,0
EMP0015,2026-07-22,SHIFT_A,88,68,3,2,22,0
EMP0015,2026-07-23,SHIFT_A,84,61,2,1,10,0
EMP0015,2026-07-24,SHIFT_A,95,67,3,2,12,0
EMP0015,2026-07-27,SHIFT_A,118,91,3,1,11,0
EMP0015,2026-07-28,SHIFT_A,80,55,2,1,14,0
EMP0015,2026-07-29,SHIFT_A,89,67,3,1,17,0
EMP0015,2026-07-30,SHIFT_A,110,82,3,1,19,0
EMP0015,2026-07-31,SHIFT_A,107,83,2,1,20,0
EMP0015,2026-08-03,SHIFT_A,98,69,2,1,29,0
EMP0015,2026-08-04,SHIFT_A,93,69,2,1,23,0
EMP0015,2026-08-05,SHIFT_A,94,70,2,1,11,0
EMP0015,2026-08-06,SHIFT_A,108,71,3,2,15,0
EMP0015,2026-08-07,SHIFT_A,114,77,2,1,33,0
EMP0015,2026-08-10,SHIFT_A,90,69,3,1,23,0
EMP0015,2026-08-11,SHIFT_A,83,59,2,1,21,0
EMP0015,2026-08-12,SHIFT_A,109,71,2,1,19,0
EMP0015,2026-08-13,SHIFT_A,90,63,2,1,1,0
EMP0015,2026-08-14,SHIFT_A,92,66,2,1,23,0
EMP0015,2026-08-17,SHIFT_A,114,83,2,1,21,0
EMP0015,2026-08-18,SHIFT_A,95,65,2,1,25,0
EMP0015,2026-08-19,SHIFT_A,89,66,2,1,4,0
EMP0015,2026-08-20,SHIFT_A,105,70,3,2,26,0
EMP0015,2026-08-21,SHIFT_A,118,77,3,2,23,0
EMP0015,2026-08-24,SHIFT_A,87,59,2,1,28,0
EMP0015,2026-08-25,SHIFT_A,109,82,2,1,3,0
EMP0015,2026-08-26,SHIFT_A,117,87,3,1,19,0
EMP0015,2026-08-27,SHIFT_A,98,69,2,1,7,0
EMP0015,2026-08-28,SHIFT_A,92,62,2,1,8,0
EMP0015,2026-08-31,SHIFT_A,118,88,3,1,23,0
EMP0015,2026-09-01,SHIFT_A,85,58,2,1,10,0
EMP0015,2026-09-02,SHIFT_A,108,77,3,1,43,0
EMP0015,2026-09-03,SHIFT_A,105,77,2,1,71,0
EMP0015,2026-09-04,SHIFT_A,92,66,2,1,5,0
EMP0015,2026-09-07,SHIFT_A,107,81,2,1,27,0
EMP0015,2026-09-08,SHIFT_A,88,68,2,1,11,0
EMP0015,2026-09-09,SHIFT_A,91,68,2,1,18,0
EMP0015,2026-09-10,SHIFT_A,96,72,2,1,69,0
EMP0015,2026-09-11,SHIFT_A,87,68,2,1,11,0
EMP0016,2025-09-11,SHIFT_B,103,71,2,1,31,0
EMP0016,2025-09-12,SHIFT_B,89,63,2,1,24,0
EMP0016,2025-09-15,SHIFT_B,102,75,2,1,14,0
EMP0016,2025-09-16,SHIFT_B,117,87,3,2,20,0
EMP0016,2025-09-17,SHIFT_B,94,66,3,1,2,0
EMP0016,2025-09-18,SHIFT_B,95,66,2,1,1,0
EMP0016,2025-09-19,SHIFT_B,89,65,3,1,8,0
EMP0016,2025-09-22,SHIFT_B,90,57,2,1,7,0
EMP0016,2025-09-23,SHIFT_B,109,76,2,1,29,0
EMP0016,2025-09-24,SHIFT_B,91,63,3,1,13,0
EMP0016,2025-09-25,SHIFT_B,100,69,3,1,3,0
EMP0016,2025-09-26,SHIFT_B,101,68,2,1,2,0
EMP0016,2025-09-29,SHIFT_B,98,68,2,1,12,0
EMP0016,2025-09-30,SHIFT_B,90,59,2,1,23,0
EMP0016,2025-10-02,SHIFT_B,80,52,2,1,0,0
EMP0016,2025-10-03,SHIFT_B,98,73,2,1,8,0
EMP0016,2025-10-06,SHIFT_B,94,71,2,1,4,0
EMP0016,2025-10-07,SHIFT_B,108,72,2,1,9,0
EMP0016,2025-10-08,SHIFT_B,87,60,2,1,29,0
EMP0016,2025-10-09,SHIFT_B,105,77,3,2,28,0
EMP0016,2025-10-10,SHIFT_B,118,74,2,1,24,0
EMP0016,2025-10-13,SHIFT_B,86,56,2,1,12,0
EMP0016,2025-10-14,SHIFT_B,95,66,2,1,23,0
EMP0016,2025-10-15,SHIFT_B,112,86,3,1,12,0
EMP0016,2025-10-16,SHIFT_B,90,66,3,2,17,0
EMP0016,2025-10-17,SHIFT_B,90,58,2,1,21,0
EMP0016,2025-10-20,SHIFT_B,97,68,2,1,64,0
EMP0016,2025-10-21,SHIFT_B,94,67,2,1,30,0
EMP0016,2025-10-22,SHIFT_B,85,55,2,1,22,0
EMP0016,2025-10-23,SHIFT_B,84,63,3,2,3,0
EMP0016,2025-10-24,SHIFT_B,113,73,2,1,14,0
EMP0016,2025-10-27,SHIFT_B,99,75,2,1,0,0
EMP0016,2025-10-28,SHIFT_B,118,77,2,1,26,0
EMP0016,2025-10-29,SHIFT_B,100,68,2,1,0,0
EMP0016,2025-10-30,SHIFT_B,112,84,3,2,58,0
EMP0016,2025-10-31,SHIFT_B,112,73,2,1,69,1
EMP0016,2025-11-03,SHIFT_B,114,84,3,1,57,0
EMP0016,2025-11-04,SHIFT_B,119,77,2,1,1,0
EMP0016,2025-11-05,SHIFT_B,85,62,2,1,29,1
EMP0016,2025-11-06,SHIFT_B,105,73,2,1,61,0
EMP0016,2025-11-07,SHIFT_B,87,65,2,1,13,0
EMP0016,2025-11-10,SHIFT_B,84,56,2,1,25,0
EMP0016,2025-11-11,SHIFT_B,113,78,2,1,19,0
EMP0016,2025-11-12,SHIFT_B,118,89,3,1,74,0
EMP0016,2025-11-13,SHIFT_B,115,82,2,1,15,0
EMP0016,2025-11-14,SHIFT_B,99,65,2,1,24,0
EMP0016,2025-11-17,SHIFT_B,107,75,2,1,28,0
EMP0016,2025-11-19,SHIFT_B,101,64,2,1,3,0
EMP0016,2025-11-20,SHIFT_B,89,63,2,1,3,0
EMP0016,2025-11-21,SHIFT_B,116,83,3,2,1,0
EMP0016,2025-11-24,SHIFT_B,111,78,3,2,28,0
EMP0016,2025-11-25,SHIFT_B,86,56,2,1,20,0
EMP0016,2025-11-26,SHIFT_B,99,68,2,1,14,0
EMP0016,2025-11-27,SHIFT_B,90,60,2,1,4,0
EMP0016,2025-11-28,SHIFT_B,113,82,3,1,4,0
EMP0016,2025-12-01,SHIFT_B,100,73,3,1,5,0
EMP0016,2025-12-02,SHIFT_B,116,87,3,2,9,0
EMP0016,2025-12-03,SHIFT_B,112,77,2,1,21,0
EMP0016,2025-12-04,SHIFT_B,102,74,2,1,0,0
EMP0016,2025-12-05,SHIFT_B,98,65,2,1,21,0
EMP0016,2025-12-08,SHIFT_B,108,79,2,1,24,0
EMP0016,2025-12-09,SHIFT_B,113,73,2,1,3,0
EMP0016,2025-12-10,SHIFT_B,106,71,2,1,12,0
EMP0016,2025-12-11,SHIFT_B,82,53,2,1,14,0
EMP0016,2025-12-12,SHIFT_B,105,72,2,1,11,0
EMP0016,2025-12-15,SHIFT_B,105,76,2,1,26,0
EMP0016,2025-12-16,SHIFT_B,87,60,2,1,24,0
EMP0016,2025-12-17,SHIFT_B,82,60,2,1,12,0
EMP0016,2025-12-18,SHIFT_B,92,67,2,1,20,0
EMP0016,2025-12-19,SHIFT_B,103,65,3,2,42,0
EMP0016,2025-12-23,SHIFT_B,101,76,3,2,19,0
EMP0016,2025-12-24,SHIFT_B,91,64,2,1,14,0
EMP0016,2025-12-26,SHIFT_B,99,74,3,1,0,0
EMP0016,2025-12-29,SHIFT_B,110,81,2,1,30,0
EMP0016,2025-12-30,SHIFT_B,86,56,2,1,29,0
EMP0016,2026-01-02,SHIFT_B,112,77,2,1,29,0
EMP0016,2026-01-05,SHIFT_B,95,63,3,1,26,0
EMP0016,2026-01-06,SHIFT_B,113,76,2,1,5,0
EMP0016,2026-01-07,SHIFT_B,88,60,2,1,25,0
EMP0016,2026-01-08,SHIFT_B,98,70,3,2,14,0
EMP0016,2026-01-09,SHIFT_B,106,70,2,1,17,0
EMP0016,2026-01-12,SHIFT_B,102,71,2,1,2,0
EMP0016,2026-01-13,SHIFT_B,94,60,2,1,5,0
EMP0016,2026-01-14,SHIFT_B,102,78,3,1,29,0
EMP0016,2026-01-15,SHIFT_B,86,65,3,1,11,0
EMP0016,2026-01-16,SHIFT_B,95,71,2,1,48,0
EMP0016,2026-01-19,SHIFT_B,99,62,2,1,17,0
EMP0016,2026-01-20,SHIFT_B,95,69,2,1,18,0
EMP0016,2026-01-21,SHIFT_B,104,67,3,1,12,0
EMP0016,2026-01-22,SHIFT_B,105,66,3,2,29,0
EMP0016,2026-01-23,SHIFT_B,86,55,2,1,14,0
EMP0016,2026-01-26,SHIFT_B,80,51,2,1,14,0
EMP0016,2026-01-27,SHIFT_B,101,68,2,1,10,0
EMP0016,2026-01-28,SHIFT_B,109,83,2,1,8,0
EMP0016,2026-01-29,SHIFT_B,81,54,2,1,25,0
EMP0016,2026-01-30,SHIFT_B,80,55,2,1,21,0
EMP0016,2026-02-02,SHIFT_B,84,57,2,1,26,0
EMP0016,2026-02-03,SHIFT_B,96,72,3,2,26,0
EMP0016,2026-02-05,SHIFT_B,104,78,3,1,8,0
EMP0016,2026-02-06,SHIFT_B,91,58,2,1,20,0
EMP0016,2026-02-09,SHIFT_B,101,68,3,2,3,0
EMP0016,2026-02-10,SHIFT_B,118,90,3,2,4,0
EMP0016,2026-02-11,SHIFT_B,91,65,2,1,73,0
EMP0016,2026-02-13,SHIFT_B,83,64,2,1,20,0
EMP0016,2026-02-16,SHIFT_B,82,52,2,1,19,0
EMP0016,2026-02-17,SHIFT_B,89,63,2,1,25,0
EMP0016,2026-02-18,SHIFT_B,92,71,2,1,11,0
EMP0016,2026-02-19,SHIFT_B,102,76,2,1,26,0
EMP0016,2026-02-20,SHIFT_B,95,68,2,1,34,0
EMP0016,2026-02-23,SHIFT_B,119,77,3,1,2,0
EMP0016,2026-02-24,SHIFT_B,80,53,2,1,38,0
EMP0016,2026-02-25,SHIFT_B,114,86,3,1,11,0
EMP0016,2026-02-26,SHIFT_B,86,61,2,1,29,0
EMP0016,2026-02-27,SHIFT_B,104,67,3,1,27,0
EMP0016,2026-03-02,SHIFT_B,95,68,3,2,20,0
EMP0016,2026-03-03,SHIFT_B,104,76,3,2,27,0
EMP0016,2026-03-04,SHIFT_B,100,72,2,1,1,0
EMP0016,2026-03-05,SHIFT_B,90,60,2,1,29,0
EMP0016,2026-03-06,SHIFT_B,118,78,2,1,20,0
EMP0016,2026-03-09,SHIFT_B,103,72,2,1,44,0
EMP0016,2026-03-10,SHIFT_B,109,69,3,2,10,0
EMP0016,2026-03-11,SHIFT_B,119,83,2,1,19,0
EMP0016,2026-03-12,SHIFT_B,99,72,2,1,7,0
EMP0016,2026-03-13,SHIFT_B,110,82,3,1,26,0
EMP0016,2026-03-16,SHIFT_B,116,73,3,2,44,0
EMP0016,2026-03-17,SHIFT_B,107,79,3,1,21,0
EMP0016,2026-03-18,SHIFT_B,98,70,2,1,9,0
EMP0016,2026-03-19,SHIFT_B,90,67,3,1,64,0
EMP0016,2026-03-20,SHIFT_B,116,79,2,1,21,0
EMP0016,2026-03-23,SHIFT_B,81,58,2,1,11,0
EMP0016,2026-03-24,SHIFT_B,117,77,3,2,14,0
EMP0016,2026-03-25,SHIFT_B,104,73,3,2,6,0
EMP0016,2026-03-26,SHIFT_B,84,56,2,1,30,0
EMP0016,2026-03-27,SHIFT_B,119,78,2,1,25,0
EMP0016,2026-03-30,SHIFT_B,94,72,3,2,19,0
EMP0016,2026-03-31,SHIFT_B,99,71,2,1,7,0
EMP0016,2026-04-01,SHIFT_B,120,86,3,1,3,0
EMP0016,2026-04-02,SHIFT_B,108,74,2,1,14,0
EMP0016,2026-04-03,SHIFT_B,119,83,3,2,28,0
EMP0016,2026-04-06,SHIFT_B,93,60,2,1,10,0
EMP0016,2026-04-07,SHIFT_B,106,76,3,2,25,0
EMP0016,2026-04-08,SHIFT_B,96,73,2,1,56,0
EMP0016,2026-04-09,SHIFT_B,98,75,2,1,13,0
EMP0016,2026-04-10,SHIFT_B,108,81,3,1,9,0
EMP0016,2026-04-13,SHIFT_B,84,54,2,1,5,0
EMP0016,2026-04-14,SHIFT_B,91,67,2,1,4,0
EMP0016,2026-04-15,SHIFT_B,99,62,2,1,15,0
EMP0016,2026-04-16,SHIFT_B,108,74,3,2,8,0
EMP0016,2026-04-17,SHIFT_B,105,77,3,2,16,0
EMP0016,2026-04-20,SHIFT_B,106,70,3,1,27,0
EMP0016,2026-04-21,SHIFT_B,91,58,2,1,23,0
EMP0016,2026-04-22,SHIFT_B,104,77,2,1,13,0
EMP0016,2026-04-23,SHIFT_B,94,71,2,1,29,0
EMP0016,2026-04-24,SHIFT_B,111,71,3,2,13,0
EMP0016,2026-04-27,SHIFT_B,110,72,2,1,18,0
EMP0016,2026-04-28,SHIFT_B,89,63,2,1,16,0
EMP0016,2026-04-29,SHIFT_B,106,75,2,1,17,0
EMP0016,2026-04-30,SHIFT_B,91,67,2,1,5,0
EMP0016,2026-05-04,SHIFT_B,82,63,2,1,19,0
EMP0016,2026-05-05,SHIFT_B,106,74,2,1,1,0
EMP0016,2026-05-06,SHIFT_B,102,70,2,1,49,0
EMP0016,2026-05-07,SHIFT_B,93,69,2,1,10,0
EMP0016,2026-05-08,SHIFT_B,110,79,3,2,29,1
EMP0016,2026-05-11,SHIFT_B,120,88,4,3,20,0
EMP0016,2026-05-12,SHIFT_B,101,69,2,1,14,0
EMP0016,2026-05-13,SHIFT_B,91,63,2,1,46,0
EMP0016,2026-05-14,SHIFT_B,97,62,2,1,7,0
EMP0016,2026-05-15,SHIFT_B,91,64,3,1,18,0
EMP0016,2026-05-18,SHIFT_B,83,53,2,1,21,0
EMP0016,2026-05-19,SHIFT_B,114,76,2,1,5,0
EMP0016,2026-05-20,SHIFT_B,114,75,2,1,30,0
EMP0016,2026-05-21,SHIFT_B,93,69,3,2,21,0
EMP0016,2026-05-22,SHIFT_B,99,66,2,1,23,0
EMP0016,2026-05-25,SHIFT_B,105,70,2,1,2,0
EMP0016,2026-05-26,SHIFT_B,120,88,4,3,5,0
EMP0016,2026-05-27,SHIFT_B,115,81,3,1,22,0
EMP0016,2026-05-28,SHIFT_B,115,73,3,2,4,0
EMP0016,2026-05-29,SHIFT_B,113,82,2,1,5,0
EMP0016,2026-06-01,SHIFT_B,98,69,2,1,71,0
EMP0016,2026-06-02,SHIFT_B,103,66,2,1,7,0
EMP0016,2026-06-03,SHIFT_B,106,73,3,2,4,0
EMP0016,2026-06-04,SHIFT_B,103,68,3,2,23,0
EMP0016,2026-06-05,SHIFT_B,113,83,2,1,6,0
EMP0016,2026-06-08,SHIFT_B,88,58,2,1,25,0
EMP0016,2026-06-09,SHIFT_B,102,68,2,1,10,0
EMP0016,2026-06-10,SHIFT_B,118,77,2,1,28,0
EMP0016,2026-06-11,SHIFT_B,98,70,3,1,10,0
EMP0016,2026-06-12,SHIFT_B,113,86,3,1,11,0
EMP0016,2026-06-15,SHIFT_B,91,60,2,1,6,0
EMP0016,2026-06-16,SHIFT_B,119,89,3,1,16,0
EMP0016,2026-06-17,SHIFT_B,91,64,3,2,22,0
EMP0016,2026-06-18,SHIFT_B,93,60,2,1,5,0
EMP0016,2026-06-19,SHIFT_B,93,62,2,1,10,0
EMP0016,2026-06-22,SHIFT_B,103,70,3,1,22,0
EMP0016,2026-06-23,SHIFT_B,116,87,3,2,0,0
EMP0016,2026-06-24,SHIFT_B,120,75,3,1,3,0
EMP0016,2026-06-25,SHIFT_B,107,72,2,1,7,0
EMP0016,2026-06-26,SHIFT_B,111,77,2,1,8,0
EMP0016,2026-06-29,SHIFT_B,90,60,2,1,21,0
EMP0016,2026-06-30,SHIFT_B,90,57,2,1,9,0
EMP0016,2026-07-01,SHIFT_B,105,81,2,1,20,0
EMP0016,2026-07-02,SHIFT_B,98,70,2,1,8,0
EMP0016,2026-07-03,SHIFT_B,105,75,2,1,22,0
EMP0016,2026-07-06,SHIFT_B,118,86,3,2,19,0
EMP0016,2026-07-07,SHIFT_B,108,81,2,1,17,0
EMP0016,2026-07-08,SHIFT_B,89,58,2,1,64,0
EMP0016,2026-07-09,SHIFT_B,86,65,3,1,25,0
EMP0016,2026-07-10,SHIFT_B,80,60,2,1,2,0
EMP0016,2026-07-13,SHIFT_B,84,59,2,1,16,0
EMP0016,2026-07-14,SHIFT_B,105,67,3,1,24,0
EMP0016,2026-07-15,SHIFT_B,94,66,2,1,18,0
EMP0016,2026-07-16,SHIFT_B,92,60,2,1,1,0
EMP0016,2026-07-17,SHIFT_B,85,58,2,1,24,0
EMP0016,2026-07-20,SHIFT_B,96,61,2,1,47,0
EMP0016,2026-07-21,SHIFT_B,97,64,3,1,5,0
EMP0016,2026-07-22,SHIFT_B,84,60,2,1,15,0
EMP0016,2026-07-23,SHIFT_B,85,62,2,1,7,0
EMP0016,2026-07-24,SHIFT_B,90,65,3,2,5,0
EMP0016,2026-07-27,SHIFT_B,105,70,2,1,22,0
EMP0016,2026-07-28,SHIFT_B,85,59,2,1,19,0
EMP0016,2026-07-29,SHIFT_B,100,71,2,1,11,0
EMP0016,2026-07-30,SHIFT_B,109,84,3,2,20,0
EMP0016,2026-07-31,SHIFT_B,83,53,2,1,22,0
EMP0016,2026-08-03,SHIFT_B,115,85,3,2,10,0
EMP0016,2026-08-04,SHIFT_B,112,72,3,2,12,0
EMP0016,2026-08-06,SHIFT_B,96,62,2,1,70,0
EMP0016,2026-08-07,SHIFT_B,119,90,3,2,7,0
EMP0016,2026-08-10,SHIFT_B,91,64,3,1,10,0
EMP0016,2026-08-11,SHIFT_B,86,62,2,1,23,0
EMP0016,2026-08-12,SHIFT_B,85,59,2,1,7,0
EMP0016,2026-08-13,SHIFT_B,116,82,3,2,10,0
EMP0016,2026-08-14,SHIFT_B,105,73,3,1,1,0
EMP0016,2026-08-17,SHIFT_B,112,84,3,1,12,0
EMP0016,2026-08-18,SHIFT_B,111,77,2,1,68,0
EMP0016,2026-08-19,SHIFT_B,99,66,2,1,23,0
EMP0016,2026-08-20,SHIFT_B,99,66,3,1,18,0
EMP0016,2026-08-21,SHIFT_B,96,60,2,1,4,0
EMP0016,2026-08-24,SHIFT_B,104,76,2,1,69,0
EMP0016,2026-08-25,SHIFT_B,98,74,2,1,13,0
EMP0016,2026-08-26,SHIFT_B,117,82,2,1,10,0
EMP0016,2026-08-27,SHIFT_B,113,73,2,1,16,0
EMP0016,2026-08-28,SHIFT_B,80,56,2,1,17,0
EMP0016,2026-08-31,SHIFT_B,92,66,3,1,11,0
EMP0016,2026-09-01,SHIFT_B,93,58,2,1,24,0
EMP0016,2026-09-02,SHIFT_B,85,57,2,1,10,0
EMP0016,2026-09-03,SHIFT_B,94,63,2,1,27,0
EMP0016,2026-09-04,SHIFT_B,105,68,2,1,11,0
EMP0016,2026-09-07,SHIFT_B,83,61,2,1,18,0
EMP0016,2026-09-08,SHIFT_B,100,73,2,1,27,1
EMP0016,2026-09-09,SHIFT_B,116,87,3,2,8,0
EMP0016,2026-09-10,SHIFT_B,116,79,3,2,13,0
EMP0016,2026-09-11,SHIFT_B,108,80,2,1,26,0
EMP0017,2025-09-11,SHIFT_A,121,100,5,2,8,0
EMP0017,2025-09-12,SHIFT_A,116,90,4,3,25,0
EMP0017,2025-09-15,SHIFT_A,126,97,5,3,21,0
EMP0017,2025-09-16,SHIFT_A,141,115,5,3,13,0
EMP0017,2025-09-17,SHIFT_A,121,83,3,1,16,0
EMP0017,2025-09-18,SHIFT_A,123,92,4,2,19,0
EMP0017,2025-09-19,SHIFT_A,116,78,4,2,26,0
EMP0017,2025-09-22,SHIFT_A,128,95,4,3,25,0
EMP0017,2025-09-23,SHIFT_A,144,107,4,2,3,0
EMP0017,2025-09-24,SHIFT_A,131,105,5,3,28,0
EMP0017,2025-09-25,SHIFT_A,141,102,4,2,23,0
EMP0017,2025-09-26,SHIFT_A,118,92,5,3,25,0
EMP0017,2025-09-29,SHIFT_A,137,111,4,3,16,0
EMP0017,2025-09-30,SHIFT_A,134,105,4,2,21,0
EMP0017,2025-10-01,SHIFT_A,114,79,4,3,6,0
EMP0017,2025-10-02,SHIFT_A,110,80,4,2,20,0
EMP0017,2025-10-03,SHIFT_A,113,92,4,1,7,0
EMP0017,2025-10-06,SHIFT_A,136,100,4,2,17,0
EMP0017,2025-10-07,SHIFT_A,137,98,4,2,21,0
EMP0017,2025-10-08,SHIFT_A,139,115,6,3,62,0
EMP0017,2025-10-09,SHIFT_A,146,102,4,2,24,0
EMP0017,2025-10-10,SHIFT_A,137,95,4,2,5,0
EMP0017,2025-10-13,SHIFT_A,147,104,4,2,29,0
EMP0017,2025-10-14,SHIFT_A,130,102,4,2,22,0
EMP0017,2025-10-15,SHIFT_A,117,90,4,1,14,0
EMP0017,2025-10-16,SHIFT_A,148,110,4,3,26,0
EMP0017,2025-10-17,SHIFT_A,115,80,3,1,16,0
EMP0017,2025-10-20,SHIFT_A,137,100,5,3,2,0
EMP0017,2025-10-21,SHIFT_A,143,115,6,4,4,0
EMP0017,2025-10-22,SHIFT_A,118,91,4,2,29,0
EMP0017,2025-10-23,SHIFT_A,142,116,5,3,5,0
EMP0017,2025-10-24,SHIFT_A,110,91,4,2,10,0
EMP0017,2025-10-27,SHIFT_A,111,91,4,2,25,0
EMP0017,2025-10-28,SHIFT_A,117,81,4,3,26,0
EMP0017,2025-10-29,SHIFT_A,122,87,3,2,2,0
EMP0017,2025-10-30,SHIFT_A,128,102,4,1,0,0
EMP0017,2025-10-31,SHIFT_A,131,89,4,2,23,0
EMP0017,2025-11-03,SHIFT_A,118,89,4,2,27,0
EMP0017,2025-11-04,SHIFT_A,141,106,5,2,28,0
EMP0017,2025-11-05,SHIFT_A,126,95,4,2,1,0
EMP0017,2025-11-06,SHIFT_A,121,95,5,3,9,0
EMP0017,2025-11-10,SHIFT_A,122,89,4,1,24,0
EMP0017,2025-11-11,SHIFT_A,124,90,5,2,8,0
EMP0017,2025-11-12,SHIFT_A,118,89,4,2,13,0
EMP0017,2025-11-13,SHIFT_A,146,99,4,2,28,0
EMP0017,2025-11-14,SHIFT_A,134,109,4,2,17,0
EMP0017,2025-11-17,SHIFT_A,142,116,5,3,28,0
EMP0017,2025-11-18,SHIFT_A,145,120,5,3,29,0
EMP0017,2025-11-19,SHIFT_A,129,90,5,2,27,0
EMP0017,2025-11-20,SHIFT_A,147,115,5,2,28,0
EMP0017,2025-11-21,SHIFT_A,142,109,4,2,8,0
EMP0017,2025-11-24,SHIFT_A,147,103,4,2,8,0
EMP0017,2025-11-25,SHIFT_A,110,81,4,3,2,0
EMP0017,2025-11-26,SHIFT_A,139,102,4,2,8,0
EMP0017,2025-11-27,SHIFT_A,141,115,6,3,12,0
EMP0017,2025-11-28,SHIFT_A,128,105,5,3,21,0
EMP0017,2025-12-01,SHIFT_A,133,98,4,2,20,0
EMP0017,2025-12-02,SHIFT_A,145,101,4,1,12,0
EMP0017,2025-12-03,SHIFT_A,143,104,5,2,21,0
EMP0017,2025-12-04,SHIFT_A,135,100,5,3,10,0
EMP0017,2025-12-05,SHIFT_A,139,99,5,2,2,0
EMP0017,2025-12-08,SHIFT_A,127,99,4,1,69,0
EMP0017,2025-12-09,SHIFT_A,114,82,3,2,1,0
EMP0017,2025-12-10,SHIFT_A,117,81,4,2,27,0
EMP0017,2025-12-11,SHIFT_A,129,95,4,3,21,0
EMP0017,2025-12-12,SHIFT_A,117,95,4,1,30,0
EMP0017,2025-12-15,SHIFT_A,148,108,4,2,22,0
EMP0017,2025-12-16,SHIFT_A,146,111,4,2,53,0
EMP0017,2025-12-17,SHIFT_A,119,94,4,3,30,1
EMP0017,2025-12-18,SHIFT_A,138,105,4,2,27,0
EMP0017,2025-12-19,SHIFT_A,118,86,4,2,15,0
EMP0017,2025-12-22,SHIFT_A,133,95,5,2,18,0
EMP0017,2025-12-23,SHIFT_A,143,97,4,2,30,0
EMP0017,2025-12-24,SHIFT_A,149,122,5,3,9,0
EMP0017,2025-12-26,SHIFT_A,149,122,5,2,0,0
EMP0017,2025-12-29,SHIFT_A,110,88,4,2,0,0
EMP0017,2025-12-30,SHIFT_A,128,106,4,2,2,0
EMP0017,2026-01-02,SHIFT_A,136,107,5,3,24,0
EMP0017,2026-01-05,SHIFT_A,115,94,4,2,9,0
EMP0017,2026-01-06,SHIFT_A,136,102,5,3,10,0
EMP0017,2026-01-07,SHIFT_A,147,108,5,2,30,0
EMP0017,2026-01-08,SHIFT_A,144,98,4,3,18,0
EMP0017,2026-01-09,SHIFT_A,133,92,4,2,60,0
EMP0017,2026-01-12,SHIFT_A,125,86,3,1,2,0
EMP0017,2026-01-13,SHIFT_A,110,87,4,2,17,0
EMP0017,2026-01-14,SHIFT_A,115,95,4,2,22,0
EMP0017,2026-01-15,SHIFT_A,136,106,4,1,11,0
EMP0017,2026-01-16,SHIFT_A,120,82,4,1,3,0
EMP0017,2026-01-19,SHIFT_A,113,77,4,2,2,0
EMP0017,2026-01-20,SHIFT_A,126,102,4,2,16,0
EMP0017,2026-01-21,SHIFT_A,121,93,4,1,15,0
EMP0017,2026-01-22,SHIFT_A,149,105,4,1,10,0
EMP0017,2026-01-23,SHIFT_A,141,116,6,2,13,0
EMP0017,2026-01-26,SHIFT_A,126,97,4,2,23,0
EMP0017,2026-01-27,SHIFT_A,129,103,4,3,16,0
EMP0017,2026-01-28,SHIFT_A,110,82,3,2,7,0
EMP0017,2026-01-29,SHIFT_A,124,87,3,1,29,0
EMP0017,2026-01-30,SHIFT_A,121,83,3,2,11,0
EMP0017,2026-02-02,SHIFT_A,118,90,4,3,73,0
EMP0017,2026-02-03,SHIFT_A,136,101,4,2,5,0
EMP0017,2026-02-05,SHIFT_A,150,122,5,2,7,0
EMP0017,2026-02-06,SHIFT_A,129,98,5,2,9,0
EMP0017,2026-02-09,SHIFT_A,119,84,3,1,23,0
EMP0017,2026-02-11,SHIFT_A,123,101,5,3,24,1
EMP0017,2026-02-12,SHIFT_A,113,86,3,2,26,0
EMP0017,2026-02-13,SHIFT_A,118,86,3,2,5,0
EMP0017,2026-02-16,SHIFT_A,133,95,4,2,36,0
EMP0017,2026-02-17,SHIFT_A,113,86,3,1,11,0
EMP0017,2026-02-18,SHIFT_A,121,84,3,2,24,0
EMP0017,2026-02-19,SHIFT_A,136,109,4,2,30,0
EMP0017,2026-02-20,SHIFT_A,123,94,4,2,23,0
EMP0017,2026-02-23,SHIFT_A,149,110,4,2,71,0
EMP0017,2026-02-24,SHIFT_A,134,103,5,3,9,0
EMP0017,2026-02-25,SHIFT_A,141,99,5,3,15,0
EMP0017,2026-02-26,SHIFT_A,118,88,4,2,30,0
EMP0017,2026-02-27,SHIFT_A,142,104,4,1,27,0
EMP0017,2026-03-02,SHIFT_A,115,90,4,2,4,0
EMP0017,2026-03-05,SHIFT_A,147,103,5,2,20,0
EMP0017,2026-03-06,SHIFT_A,127,92,4,1,3,0
EMP0017,2026-03-09,SHIFT_A,146,113,5,2,28,0
EMP0017,2026-03-10,SHIFT_A,115,89,4,2,20,0
EMP0017,2026-03-11,SHIFT_A,132,94,4,1,20,0
EMP0017,2026-03-12,SHIFT_A,130,98,4,1,6,0
EMP0017,2026-03-13,SHIFT_A,135,106,4,2,59,0
EMP0017,2026-03-16,SHIFT_A,124,96,4,2,1,0
EMP0017,2026-03-17,SHIFT_A,123,86,3,1,19,0
EMP0017,2026-03-18,SHIFT_A,134,105,4,3,23,0
EMP0017,2026-03-19,SHIFT_A,133,90,4,1,47,0
EMP0017,2026-03-20,SHIFT_A,123,96,5,2,15,0
EMP0017,2026-03-23,SHIFT_A,147,110,6,4,17,0
EMP0017,2026-03-24,SHIFT_A,133,97,4,2,30,0
EMP0017,2026-03-25,SHIFT_A,149,110,4,2,26,0
EMP0017,2026-03-26,SHIFT_A,141,97,4,2,22,0
EMP0017,2026-03-27,SHIFT_A,128,96,4,2,1,0
EMP0017,2026-03-30,SHIFT_A,123,99,5,2,10,0
EMP0017,2026-03-31,SHIFT_A,144,98,4,2,51,0
EMP0017,2026-04-01,SHIFT_A,145,100,4,2,26,0
EMP0017,2026-04-02,SHIFT_A,124,86,4,2,27,0
EMP0017,2026-04-03,SHIFT_A,147,109,5,2,7,0
EMP0017,2026-04-06,SHIFT_A,131,102,4,2,22,0
EMP0017,2026-04-07,SHIFT_A,129,100,5,3,16,0
EMP0017,2026-04-08,SHIFT_A,131,94,5,2,16,0
EMP0017,2026-04-09,SHIFT_A,149,107,4,3,16,0
EMP0017,2026-04-10,SHIFT_A,126,93,4,2,7,0
EMP0017,2026-04-13,SHIFT_A,126,95,5,2,64,0
EMP0017,2026-04-14,SHIFT_A,111,82,4,2,75,0
EMP0017,2026-04-15,SHIFT_A,130,88,4,1,51,0
EMP0017,2026-04-16,SHIFT_A,126,103,4,2,28,0
EMP0017,2026-04-17,SHIFT_A,123,97,5,3,7,0
EMP0017,2026-04-20,SHIFT_A,122,83,3,2,0,0
EMP0017,2026-04-21,SHIFT_A,130,106,4,2,23,0
EMP0017,2026-04-22,SHIFT_A,150,109,4,2,17,0
EMP0017,2026-04-23,SHIFT_A,122,83,3,1,26,0
EMP0017,2026-04-24,SHIFT_A,130,106,4,2,9,0
EMP0017,2026-04-27,SHIFT_A,128,93,4,2,33,0
EMP0017,2026-04-28,SHIFT_A,142,116,5,2,30,0
EMP0017,2026-04-29,SHIFT_A,136,99,4,2,21,0
EMP0017,2026-04-30,SHIFT_A,143,113,5,3,14,0
EMP0017,2026-05-04,SHIFT_A,141,115,6,2,9,0
EMP0017,2026-05-05,SHIFT_A,138,109,5,2,15,0
EMP0017,2026-05-06,SHIFT_A,119,90,4,2,18,0
EMP0017,2026-05-07,SHIFT_A,148,107,4,2,12,0
EMP0017,2026-05-08,SHIFT_A,135,95,4,2,6,0
EMP0017,2026-05-11,SHIFT_A,127,103,4,2,13,0
EMP0017,2026-05-12,SHIFT_A,129,94,4,2,62,0
EMP0017,2026-05-13,SHIFT_A,115,82,3,2,24,0
EMP0017,2026-05-15,SHIFT_A,142,104,5,2,74,0
EMP0017,2026-05-18,SHIFT_A,126,94,5,3,29,0
EMP0017,2026-05-19,SHIFT_A,127,95,4,1,4,0
EMP0017,2026-05-20,SHIFT_A,126,96,5,2,22,0
EMP0017,2026-05-21,SHIFT_A,139,104,4,2,19,0
EMP0017,2026-05-22,SHIFT_A,124,88,4,3,4,0
EMP0017,2026-05-25,SHIFT_A,136,108,5,2,24,0
EMP0017,2026-05-26,SHIFT_A,116,92,4,2,9,0
EMP0017,2026-05-27,SHIFT_A,130,96,4,2,26,0
EMP0017,2026-05-28,SHIFT_A,134,95,5,3,46,0
EMP0017,2026-05-29,SHIFT_A,111,86,3,1,8,0
EMP0017,2026-06-01,SHIFT_A,111,82,3,1,26,0
EMP0017,2026-06-02,SHIFT_A,112,76,4,3,15,0
EMP0017,2026-06-03,SHIFT_A,135,94,5,2,35,0
EMP0017,2026-06-04,SHIFT_A,117,93,4,2,28,0
EMP0017,2026-06-05,SHIFT_A,131,95,4,2,19,0
EMP0017,2026-06-08,SHIFT_A,117,94,4,2,18,0
EMP0017,2026-06-09,SHIFT_A,146,105,5,2,3,0
EMP0017,2026-06-10,SHIFT_A,144,104,4,2,9,0
EMP0017,2026-06-11,SHIFT_A,116,90,4,2,68,0
EMP0017,2026-06-12,SHIFT_A,146,102,4,2,1,0
EMP0017,2026-06-15,SHIFT_A,138,101,4,2,13,0
EMP0017,2026-06-16,SHIFT_A,149,116,6,2,16,0
EMP0017,2026-06-17,SHIFT_A,119,88,4,3,65,0
EMP0017,2026-06-18,SHIFT_A,135,92,4,2,5,0
EMP0017,2026-06-19,SHIFT_A,129,94,4,1,16,0
EMP0017,2026-06-22,SHIFT_A,135,103,5,2,1,0
EMP0017,2026-06-24,SHIFT_A,132,100,5,3,27,0
EMP0017,2026-06-25,SHIFT_A,126,100,4,2,46,0
EMP0017,2026-06-26,SHIFT_A,114,83,3,1,16,0
EMP0017,2026-06-29,SHIFT_A,126,94,4,2,28,1
EMP0017,2026-06-30,SHIFT_A,137,106,4,3,2,0
EMP0017,2026-07-01,SHIFT_A,139,112,6,2,15,0
EMP0017,2026-07-02,SHIFT_A,140,103,5,2,14,0
EMP0017,2026-07-03,SHIFT_A,150,113,6,2,13,0
EMP0017,2026-07-06,SHIFT_A,122,89,4,1,4,0
EMP0017,2026-07-07,SHIFT_A,111,83,4,3,22,0
EMP0017,2026-07-08,SHIFT_A,138,98,4,3,25,0
EMP0017,2026-07-09,SHIFT_A,124,92,5,3,10,0
EMP0017,2026-07-10,SHIFT_A,111,78,4,1,26,0
EMP0017,2026-07-13,SHIFT_A,143,116,5,2,13,0
EMP0017,2026-07-14,SHIFT_A,117,85,3,2,28,0
EMP0017,2026-07-15,SHIFT_A,137,108,4,2,17,0
EMP0017,2026-07-16,SHIFT_A,145,116,6,4,9,0
EMP0017,2026-07-17,SHIFT_A,142,115,5,3,27,0
EMP0017,2026-07-20,SHIFT_A,138,99,5,3,0,0
EMP0017,2026-07-21,SHIFT_A,138,105,4,1,22,0
EMP0017,2026-07-22,SHIFT_A,126,94,4,1,22,0
EMP0017,2026-07-23,SHIFT_A,123,99,4,3,20,0
EMP0017,2026-07-24,SHIFT_A,132,107,4,2,30,0
EMP0017,2026-07-27,SHIFT_A,144,119,5,2,14,0
EMP0017,2026-07-28,SHIFT_A,113,83,4,2,5,0
EMP0017,2026-07-29,SHIFT_A,148,118,5,3,5,0
EMP0017,2026-07-30,SHIFT_A,136,104,4,2,40,0
EMP0017,2026-07-31,SHIFT_A,113,86,3,2,16,0
EMP0017,2026-08-03,SHIFT_A,149,113,6,4,6,0
EMP0017,2026-08-04,SHIFT_A,119,92,4,2,23,0
EMP0017,2026-08-05,SHIFT_A,149,113,6,3,6,0
EMP0017,2026-08-06,SHIFT_A,129,103,4,1,15,0
EMP0017,2026-08-07,SHIFT_A,133,99,5,3,28,0
EMP0017,2026-08-10,SHIFT_A,122,92,4,3,56,0
EMP0017,2026-08-11,SHIFT_A,130,104,5,2,25,0
EMP0017,2026-08-12,SHIFT_A,127,96,4,2,12,0
EMP0017,2026-08-13,SHIFT_A,135,97,4,2,0,0
EMP0017,2026-08-14,SHIFT_A,114,94,4,2,28,0
EMP0017,2026-08-17,SHIFT_A,150,123,5,3,30,0
EMP0017,2026-08-19,SHIFT_A,124,100,4,1,27,0
EMP0017,2026-08-20,SHIFT_A,113,92,5,2,26,0
EMP0017,2026-08-21,SHIFT_A,137,94,5,2,4,0
EMP0017,2026-08-24,SHIFT_A,142,100,4,3,7,0
EMP0017,2026-08-26,SHIFT_A,121,97,4,1,13,0
EMP0017,2026-08-27,SHIFT_A,142,104,5,3,13,0
EMP0017,2026-08-28,SHIFT_A,134,99,4,2,7,0
EMP0017,2026-08-31,SHIFT_A,116,92,4,2,38,0
EMP0017,2026-09-01,SHIFT_A,149,102,4,2,16,0
EMP0017,2026-09-02,SHIFT_A,123,96,4,2,41,0
EMP0017,2026-09-03,SHIFT_A,116,84,3,1,20,0
EMP0017,2026-09-04,SHIFT_A,131,97,4,2,11,0
EMP0017,2026-09-07,SHIFT_A,126,87,3,1,26,0
EMP0017,2026-09-08,SHIFT_A,138,95,5,2,8,0
EMP0017,2026-09-09,SHIFT_A,120,90,5,2,20,0
EMP0017,2026-09-10,SHIFT_A,126,89,4,1,15,0
EMP0017,2026-09-11,SHIFT_A,138,110,4,1,11,0
EMP0018,2025-09-11,SHIFT_C,116,67,3,2,70,0
EMP0018,2025-09-12,SHIFT_C,150,94,5,3,30,0
EMP0018,2025-09-15,SHIFT_C,112,69,3,1,9,0
EMP0018,2025-09-16,SHIFT_C,131,81,3,1,47,0
EMP0018,2025-09-17,SHIFT_C,114,67,3,2,15,0
EMP0018,2025-09-18,SHIFT_C,121,73,3,2,20,0
EMP0018,2025-09-19,SHIFT_C,143,81,3,2,25,0
EMP0018,2025-09-22,SHIFT_C,119,68,3,2,27,0
EMP0018,2025-09-23,SHIFT_C,115,73,3,2,24,0
EMP0018,2025-09-24,SHIFT_C,138,90,5,3,25,0
EMP0018,2025-09-25,SHIFT_C,113,72,3,2,2,0
EMP0018,2025-09-26,SHIFT_C,135,79,4,2,3,0
EMP0018,2025-09-29,SHIFT_C,149,92,5,3,0,0
EMP0018,2025-09-30,SHIFT_C,128,82,3,2,17,0
EMP0018,2025-10-01,SHIFT_C,130,86,3,2,11,0
EMP0018,2025-10-02,SHIFT_C,147,87,3,1,6,0
EMP0018,2025-10-03,SHIFT_C,113,73,3,1,17,0
EMP0018,2025-10-07,SHIFT_C,138,88,4,3,13,0
EMP0018,2025-10-08,SHIFT_C,111,62,2,1,8,0
EMP0018,2025-10-09,SHIFT_C,119,71,3,2,28,0
EMP0018,2025-10-10,SHIFT_C,149,90,4,2,20,0
EMP0018,2025-10-13,SHIFT_C,146,87,3,1,21,0
EMP0018,2025-10-14,SHIFT_C,127,83,4,2,11,0
EMP0018,2025-10-15,SHIFT_C,115,67,3,1,37,0
EMP0018,2025-10-16,SHIFT_C,130,84,4,2,25,0
EMP0018,2025-10-17,SHIFT_C,125,73,4,1,29,0
EMP0018,2025-10-20,SHIFT_C,149,99,4,2,26,0
EMP0018,2025-10-21,SHIFT_C,111,76,3,1,22,0
EMP0018,2025-10-22,SHIFT_C,131,78,3,1,22,0
EMP0018,2025-10-24,SHIFT_C,131,84,4,2,11,0
EMP0018,2025-10-27,SHIFT_C,145,90,4,2,60,0
EMP0018,2025-10-28,SHIFT_C,126,82,3,2,1,0
EMP0018,2025-10-29,SHIFT_C,145,85,4,3,0,0
EMP0018,2025-10-30,SHIFT_C,113,70,3,2,16,0
EMP0018,2025-11-03,SHIFT_C,149,96,5,3,11,0
EMP0018,2025-11-04,SHIFT_C,145,92,4,2,23,0
EMP0018,2025-11-05,SHIFT_C,115,75,3,1,4,0
EMP0018,2025-11-07,SHIFT_C,143,89,4,2,23,0
EMP0018,2025-11-10,SHIFT_C,138,87,3,2,24,0
EMP0018,2025-11-11,SHIFT_C,145,90,4,2,55,0
EMP0018,2025-11-12,SHIFT_C,114,69,3,2,2,0
EMP0018,2025-11-13,SHIFT_C,115,78,3,2,6,0
EMP0018,2025-11-14,SHIFT_C,139,90,4,2,28,0
EMP0018,2025-11-17,SHIFT_C,116,72,3,1,29,0
EMP0018,2025-11-18,SHIFT_C,149,91,4,1,7,0
EMP0018,2025-11-19,SHIFT_C,131,89,4,1,58,0
EMP0018,2025-11-20,SHIFT_C,118,72,3,1,14,0
EMP0018,2025-11-21,SHIFT_C,134,82,3,1,2,0
EMP0018,2025-11-24,SHIFT_C,122,73,3,2,3,0
EMP0018,2025-11-25,SHIFT_C,116,73,4,2,18,0
EMP0018,2025-11-26,SHIFT_C,126,86,4,1,30,0
EMP0018,2025-11-27,SHIFT_C,119,71,4,3,5,0
EMP0018,2025-11-28,SHIFT_C,129,85,3,1,6,0
EMP0018,2025-12-01,SHIFT_C,112,67,3,1,16,0
EMP0018,2025-12-02,SHIFT_C,137,82,3,2,11,0
EMP0018,2025-12-03,SHIFT_C,120,71,3,1,29,0
EMP0018,2025-12-04,SHIFT_C,126,76,3,1,3,0
EMP0018,2025-12-05,SHIFT_C,116,79,3,2,21,0
EMP0018,2025-12-08,SHIFT_C,114,72,4,2,16,0
EMP0018,2025-12-09,SHIFT_C,138,85,4,2,30,0
EMP0018,2025-12-10,SHIFT_C,148,88,4,2,20,0
EMP0018,2025-12-12,SHIFT_C,120,72,4,2,23,0
EMP0018,2025-12-15,SHIFT_C,113,76,4,1,12,0
EMP0018,2025-12-16,SHIFT_C,143,81,3,1,20,0
EMP0018,2025-12-17,SHIFT_C,110,65,3,2,16,0
EMP0018,2025-12-18,SHIFT_C,123,77,3,1,29,0
EMP0018,2025-12-19,SHIFT_C,133,87,3,2,27,0
EMP0018,2025-12-22,SHIFT_C,115,73,3,2,44,0
EMP0018,2025-12-23,SHIFT_C,113,73,3,1,62,0
EMP0018,2025-12-24,SHIFT_C,146,83,3,2,24,0
EMP0018,2025-12-26,SHIFT_C,134,89,4,1,20,0
EMP0018,2025-12-29,SHIFT_C,150,90,4,2,46,0
EMP0018,2025-12-30,SHIFT_C,113,65,3,1,5,0
EMP0018,2026-01-02,SHIFT_C,127,81,4,2,17,0
EMP0018,2026-01-05,SHIFT_C,120,73,3,1,24,0
EMP0018,2026-01-06,SHIFT_C,137,93,4,1,37,0
EMP0018,2026-01-07,SHIFT_C,147,94,4,3,17,0
EMP0018,2026-01-08,SHIFT_C,133,79,3,2,13,0
EMP0018,2026-01-09,SHIFT_C,144,83,3,2,5,0
EMP0018,2026-01-12,SHIFT_C,122,80,3,1,30,0
EMP0018,2026-01-13,SHIFT_C,113,77,3,2,61,0
EMP0018,2026-01-14,SHIFT_C,131,89,4,3,10,0
EMP0018,2026-01-15,SHIFT_C,145,85,4,3,30,0
EMP0018,2026-01-16,SHIFT_C,125,75,4,3,25,0
EMP0018,2026-01-19,SHIFT_C,148,94,4,2,6,0
EMP0018,2026-01-20,SHIFT_C,146,85,3,2,21,0
EMP0018,2026-01-21,SHIFT_C,127,83,3,1,12,0
EMP0018,2026-01-22,SHIFT_C,125,81,4,2,24,0
EMP0018,2026-01-23,SHIFT_C,133,78,3,1,9,0
EMP0018,2026-01-26,SHIFT_C,123,75,3,1,26,0
EMP0018,2026-01-27,SHIFT_C,124,74,4,1,21,0
EMP0018,2026-01-28,SHIFT_C,147,100,4,3,34,0
EMP0018,2026-01-29,SHIFT_C,127,76,3,1,10,0
EMP0018,2026-01-30,SHIFT_C,139,84,3,2,72,0
EMP0018,2026-02-02,SHIFT_C,122,69,3,1,27,0
EMP0018,2026-02-03,SHIFT_C,138,80,3,2,60,0
EMP0018,2026-02-05,SHIFT_C,135,88,4,1,28,0
EMP0018,2026-02-06,SHIFT_C,141,92,5,3,27,0
EMP0018,2026-02-09,SHIFT_C,145,85,3,1,26,0
EMP0018,2026-02-10,SHIFT_C,125,71,3,1,19,0
EMP0018,2026-02-11,SHIFT_C,134,89,4,2,43,0
EMP0018,2026-02-12,SHIFT_C,146,100,4,2,13,0
EMP0018,2026-02-13,SHIFT_C,126,77,4,2,8,0
EMP0018,2026-02-16,SHIFT_C,130,81,3,1,25,0
EMP0018,2026-02-17,SHIFT_C,111,76,3,2,27,0
EMP0018,2026-02-18,SHIFT_C,134,79,3,2,14,0
EMP0018,2026-02-19,SHIFT_C,126,78,3,1,28,0
EMP0018,2026-02-20,SHIFT_C,133,84,4,2,19,0
EMP0018,2026-02-23,SHIFT_C,114,65,3,1,55,0
EMP0018,2026-02-24,SHIFT_C,150,101,5,3,4,0
EMP0018,2026-02-25,SHIFT_C,120,79,4,2,66,0
EMP0018,2026-02-26,SHIFT_C,132,86,4,2,13,0
EMP0018,2026-02-27,SHIFT_C,128,79,3,2,49,0
EMP0018,2026-03-02,SHIFT_C,139,84,3,1,15,0
EMP0018,2026-03-03,SHIFT_C,137,93,4,2,28,0
EMP0018,2026-03-04,SHIFT_C,140,81,4,2,19,0
EMP0018,2026-03-05,SHIFT_C,139,83,3,2,18,0
EMP0018,2026-03-06,SHIFT_C,121,78,4,1,75,0
EMP0018,2026-03-09,SHIFT_C,126,85,4,2,75,0
EMP0018,2026-03-10,SHIFT_C,137,86,3,2,10,0
EMP0018,2026-03-11,SHIFT_C,122,69,3,2,68,0
EMP0018,2026-03-12,SHIFT_C,134,82,3,1,10,0
EMP0018,2026-03-13,SHIFT_C,138,88,4,3,17,0
EMP0018,2026-03-16,SHIFT_C,140,82,4,2,5,0
EMP0018,2026-03-17,SHIFT_C,149,96,4,3,4,0
EMP0018,2026-03-18,SHIFT_C,112,70,3,1,1,0
EMP0018,2026-03-19,SHIFT_C,118,80,3,2,29,0
EMP0018,2026-03-20,SHIFT_C,121,77,3,1,70,0
EMP0018,2026-03-23,SHIFT_C,142,85,4,3,40,0
EMP0018,2026-03-24,SHIFT_C,131,89,4,2,15,0
EMP0018,2026-03-25,SHIFT_C,120,70,3,2,28,0
EMP0018,2026-03-26,SHIFT_C,133,77,3,2,14,0
EMP0018,2026-03-27,SHIFT_C,123,73,4,1,10,0
EMP0018,2026-03-30,SHIFT_C,116,78,3,1,67,0
EMP0018,2026-03-31,SHIFT_C,145,94,5,2,30,0
EMP0018,2026-04-01,SHIFT_C,138,89,4,1,0,0
EMP0018,2026-04-02,SHIFT_C,123,83,3,1,1,0
EMP0018,2026-04-03,SHIFT_C,116,73,3,2,15,0
EMP0018,2026-04-06,SHIFT_C,114,76,3,1,21,0
EMP0018,2026-04-07,SHIFT_C,120,75,4,2,7,0
EMP0018,2026-04-08,SHIFT_C,133,80,3,1,0,0
EMP0018,2026-04-09,SHIFT_C,114,73,4,2,30,0
EMP0018,2026-04-10,SHIFT_C,139,86,3,2,71,0
EMP0018,2026-04-13,SHIFT_C,143,88,4,1,19,0
EMP0018,2026-04-14,SHIFT_C,114,75,3,1,12,0
EMP0018,2026-04-15,SHIFT_C,121,73,3,1,7,0
EMP0018,2026-04-16,SHIFT_C,137,82,4,1,15,0
EMP0018,2026-04-17,SHIFT_C,129,73,4,2,37,0
EMP0018,2026-04-20,SHIFT_C,143,88,4,2,28,0
EMP0018,2026-04-21,SHIFT_C,133,84,4,2,18,0
EMP0018,2026-04-22,SHIFT_C,145,92,5,3,15,0
EMP0018,2026-04-23,SHIFT_C,126,84,3,2,18,0
EMP0018,2026-04-24,SHIFT_C,126,72,3,1,4,0
EMP0018,2026-04-27,SHIFT_C,134,86,3,2,18,0
EMP0018,2026-04-28,SHIFT_C,125,76,4,2,24,0
EMP0018,2026-04-29,SHIFT_C,113,69,3,2,23,0
EMP0018,2026-04-30,SHIFT_C,141,91,5,2,21,0
EMP0018,2026-05-04,SHIFT_C,141,85,3,1,15,0
EMP0018,2026-05-07,SHIFT_C,118,74,3,1,23,0
EMP0018,2026-05-08,SHIFT_C,128,74,3,1,27,0
EMP0018,2026-05-11,SHIFT_C,131,78,3,2,30,0
EMP0018,2026-05-12,SHIFT_C,146,96,4,1,24,0
EMP0018,2026-05-15,SHIFT_C,116,73,3,2,43,0
EMP0018,2026-05-18,SHIFT_C,150,85,4,1,30,0
EMP0018,2026-05-19,SHIFT_C,126,76,4,1,1,0
EMP0018,2026-05-20,SHIFT_C,129,81,3,1,24,0
EMP0018,2026-05-21,SHIFT_C,114,77,3,2,21,1
EMP0018,2026-05-22,SHIFT_C,145,89,4,3,57,0
EMP0018,2026-05-25,SHIFT_C,117,70,3,2,15,0
EMP0018,2026-05-26,SHIFT_C,112,68,3,1,6,0
EMP0018,2026-05-27,SHIFT_C,132,78,3,2,4,0
EMP0018,2026-05-28,SHIFT_C,142,97,4,2,0,0
EMP0018,2026-05-29,SHIFT_C,133,78,4,3,8,0
EMP0018,2026-06-01,SHIFT_C,147,86,3,2,0,0
EMP0018,2026-06-02,SHIFT_C,113,76,4,1,7,0
EMP0018,2026-06-03,SHIFT_C,145,96,4,2,18,0
EMP0018,2026-06-04,SHIFT_C,131,76,4,3,19,0
EMP0018,2026-06-05,SHIFT_C,131,80,3,2,15,0
EMP0018,2026-06-08,SHIFT_C,113,74,3,2,28,0
EMP0018,2026-06-09,SHIFT_C,139,83,3,2,3,0
EMP0018,2026-06-10,SHIFT_C,144,81,4,2,2,0
EMP0018,2026-06-11,SHIFT_C,112,75,4,2,68,0
EMP0018,2026-06-12,SHIFT_C,147,87,3,1,19,0
EMP0018,2026-06-15,SHIFT_C,122,83,3,1,15,0
EMP0018,2026-06-16,SHIFT_C,128,73,4,2,22,0
EMP0018,2026-06-17,SHIFT_C,136,90,4,3,7,0
EMP0018,2026-06-18,SHIFT_C,143,88,4,2,0,0
EMP0018,2026-06-19,SHIFT_C,113,76,4,3,29,0
EMP0018,2026-06-22,SHIFT_C,136,84,3,1,13,0
EMP0018,2026-06-23,SHIFT_C,130,81,3,2,12,0
EMP0018,2026-06-24,SHIFT_C,139,93,5,3,11,0
EMP0018,2026-06-25,SHIFT_C,135,88,4,1,25,0
EMP0018,2026-06-26,SHIFT_C,142,90,5,2,16,0
EMP0018,2026-06-29,SHIFT_C,150,94,4,2,11,0
EMP0018,2026-06-30,SHIFT_C,136,91,5,2,9,0
EMP0018,2026-07-01,SHIFT_C,127,83,3,1,18,0
EMP0018,2026-07-02,SHIFT_C,129,86,3,1,11,0
EMP0018,2026-07-03,SHIFT_C,125,86,3,1,10,0
EMP0018,2026-07-06,SHIFT_C,120,71,3,2,13,0
EMP0018,2026-07-07,SHIFT_C,127,74,3,2,17,0
EMP0018,2026-07-08,SHIFT_C,130,74,3,1,11,0
EMP0018,2026-07-09,SHIFT_C,140,89,4,2,22,0
EMP0018,2026-07-10,SHIFT_C,150,101,4,2,26,0
EMP0018,2026-07-13,SHIFT_C,135,92,5,3,54,0
EMP0018,2026-07-14,SHIFT_C,122,73,3,2,23,0
EMP0018,2026-07-15,SHIFT_C,145,87,3,1,26,0
EMP0018,2026-07-16,SHIFT_C,150,84,4,2,15,0
EMP0018,2026-07-20,SHIFT_C,133,82,4,2,13,0
EMP0018,2026-07-21,SHIFT_C,131,89,4,2,5,0
EMP0018,2026-07-22,SHIFT_C,136,83,4,2,24,0
EMP0018,2026-07-23,SHIFT_C,114,65,3,1,26,0
EMP0018,2026-07-24,SHIFT_C,116,76,4,3,23,0
EMP0018,2026-07-27,SHIFT_C,137,89,4,1,16,0
EMP0018,2026-07-28,SHIFT_C,123,78,3,1,19,1
EMP0018,2026-07-29,SHIFT_C,135,87,4,3,12,0
EMP0018,2026-07-30,SHIFT_C,147,93,4,2,16,0
EMP0018,2026-07-31,SHIFT_C,148,86,3,1,17,0
EMP0018,2026-08-03,SHIFT_C,118,79,3,2,16,0
EMP0018,2026-08-04,SHIFT_C,120,80,3,2,21,0
EMP0018,2026-08-06,SHIFT_C,125,79,4,2,27,0
EMP0018,2026-08-07,SHIFT_C,141,95,5,3,22,0
EMP0018,2026-08-10,SHIFT_C,140,84,3,1,11,0
EMP0018,2026-08-11,SHIFT_C,131,75,4,1,19,0
EMP0018,2026-08-12,SHIFT_C,138,93,5,2,6,0
EMP0018,2026-08-13,SHIFT_C,123,69,3,1,12,0
EMP0018,2026-08-14,SHIFT_C,136,82,4,1,1,0
EMP0018,2026-08-17,SHIFT_C,147,86,3,1,10,0
EMP0018,2026-08-18,SHIFT_C,137,92,4,2,30,0
EMP0018,2026-08-19,SHIFT_C,133,88,4,3,8,0
EMP0018,2026-08-20,SHIFT_C,111,64,3,2,17,0
EMP0018,2026-08-21,SHIFT_C,135,88,4,3,14,0
EMP0018,2026-08-24,SHIFT_C,136,81,4,2,11,0
EMP0018,2026-08-25,SHIFT_C,114,71,3,1,47,0
EMP0018,2026-08-26,SHIFT_C,133,78,3,1,20,0
EMP0018,2026-08-27,SHIFT_C,126,76,4,2,27,0
EMP0018,2026-08-28,SHIFT_C,122,76,3,1,18,0
EMP0018,2026-08-31,SHIFT_C,134,86,3,1,29,0
EMP0018,2026-09-01,SHIFT_C,130,89,4,2,2,0
EMP0018,2026-09-02,SHIFT_C,150,101,5,2,15,0
EMP0018,2026-09-03,SHIFT_C,135,77,3,1,25,0
EMP0018,2026-09-04,SHIFT_C,113,66,3,2,1,0
EMP0018,2026-09-07,SHIFT_C,121,81,3,1,24,0
EMP0018,2026-09-08,SHIFT_C,142,82,4,3,9,0
EMP0018,2026-09-09,SHIFT_C,133,83,3,2,27,0
EMP0018,2026-09-10,SHIFT_C,121,79,3,2,25,0
EMP0018,2026-09-11,SHIFT_C,129,77,3,1,11,0
EMP0019,2025-09-11,SHIFT_B,117,94,4,2,1,0
EMP0019,2025-09-12,SHIFT_B,143,122,4,2,1,0
EMP0019,2025-09-15,SHIFT_B,140,109,4,2,14,0
EMP0019,2025-09-16,SHIFT_B,140,119,5,2,6,0
EMP0019,2025-09-17,SHIFT_B,123,94,4,2,18,0
EMP0019,2025-09-18,SHIFT_B,148,124,4,1,9,0
EMP0019,2025-09-19,SHIFT_B,137,116,5,2,28,0
EMP0019,2025-09-22,SHIFT_B,113,82,2,1,2,0
EMP0019,2025-09-23,SHIFT_B,143,109,3,1,3,0
EMP0019,2025-09-24,SHIFT_B,143,122,4,2,16,0
EMP0019,2025-09-25,SHIFT_B,126,100,3,2,2,0
EMP0019,2025-09-26,SHIFT_B,135,103,3,1,8,0
EMP0019,2025-09-29,SHIFT_B,121,92,4,2,22,0
EMP0019,2025-09-30,SHIFT_B,145,125,5,2,1,0
EMP0019,2025-10-01,SHIFT_B,129,104,3,2,9,0
EMP0019,2025-10-02,SHIFT_B,147,122,4,2,25,0
EMP0019,2025-10-03,SHIFT_B,136,107,4,2,33,0
EMP0019,2025-10-06,SHIFT_B,118,85,3,2,69,0
EMP0019,2025-10-07,SHIFT_B,113,91,4,2,29,0
EMP0019,2025-10-08,SHIFT_B,139,99,3,1,24,0
EMP0019,2025-10-09,SHIFT_B,133,97,3,1,21,0
EMP0019,2025-10-10,SHIFT_B,137,102,4,2,29,0
EMP0019,2025-10-13,SHIFT_B,128,105,3,2,38,0
EMP0019,2025-10-14,SHIFT_B,130,94,3,2,3,0
EMP0019,2025-10-15,SHIFT_B,132,107,3,2,15,0
EMP0019,2025-10-16,SHIFT_B,137,108,3,2,17,0
EMP0019,2025-10-17,SHIFT_B,145,105,3,1,15,0
EMP0019,2025-10-20,SHIFT_B,118,86,3,2,5,0
EMP0019,2025-10-21,SHIFT_B,132,97,4,3,16,0
EMP0019,2025-10-22,SHIFT_B,114,92,3,2,2,0
EMP0019,2025-10-24,SHIFT_B,110,84,3,2,7,0
EMP0019,2025-10-27,SHIFT_B,137,104,3,1,0,0
EMP0019,2025-10-28,SHIFT_B,142,110,3,1,15,0
EMP0019,2025-10-29,SHIFT_B,119,89,4,2,9,0
EMP0019,2025-10-30,SHIFT_B,123,101,3,2,17,0
EMP0019,2025-10-31,SHIFT_B,144,117,4,2,4,0
EMP0019,2025-11-03,SHIFT_B,131,105,4,2,29,0
EMP0019,2025-11-04,SHIFT_B,134,116,5,2,11,0
EMP0019,2025-11-05,SHIFT_B,141,111,3,1,16,0
EMP0019,2025-11-06,SHIFT_B,119,93,3,2,3,0
EMP0019,2025-11-07,SHIFT_B,133,106,3,1,8,0
EMP0019,2025-11-10,SHIFT_B,144,118,4,2,11,0
EMP0019,2025-11-11,SHIFT_B,132,95,3,1,15,0
EMP0019,2025-11-12,SHIFT_B,143,124,5,2,12,0
EMP0019,2025-11-13,SHIFT_B,114,87,3,2,2,0
EMP0019,2025-11-14,SHIFT_B,119,87,3,2,5,0
EMP0019,2025-11-17,SHIFT_B,117,91,4,2,2,0
EMP0019,2025-11-18,SHIFT_B,116,89,4,2,15,0
EMP0019,2025-11-19,SHIFT_B,117,85,3,1,29,0
EMP0019,2025-11-20,SHIFT_B,150,123,4,3,6,0
EMP0019,2025-11-21,SHIFT_B,144,115,5,3,9,0
EMP0019,2025-11-24,SHIFT_B,145,108,4,2,11,0
EMP0019,2025-11-25,SHIFT_B,143,107,4,2,19,0
EMP0019,2025-11-27,SHIFT_B,121,96,3,1,12,0
EMP0019,2025-11-28,SHIFT_B,143,107,4,2,19,0
EMP0019,2025-12-01,SHIFT_B,123,97,3,2,8,0
EMP0019,2025-12-02,SHIFT_B,124,89,4,2,16,0
EMP0019,2025-12-03,SHIFT_B,117,97,4,2,25,0
EMP0019,2025-12-04,SHIFT_B,140,100,3,2,8,0
EMP0019,2025-12-05,SHIFT_B,128,108,4,3,2,0
EMP0019,2025-12-08,SHIFT_B,134,101,3,2,1,0
EMP0019,2025-12-09,SHIFT_B,141,114,5,3,25,0
EMP0019,2025-12-10,SHIFT_B,140,121,5,2,0,0
EMP0019,2025-12-11,SHIFT_B,124,102,3,1,23,0
EMP0019,2025-12-12,SHIFT_B,124,89,3,1,18,0
EMP0019,2025-12-15,SHIFT_B,134,105,4,2,43,0
EMP0019,2025-12-16,SHIFT_B,123,94,3,2,0,0
EMP0019,2025-12-17,SHIFT_B,137,112,3,2,40,0
EMP0019,2025-12-18,SHIFT_B,142,102,3,2,22,0
EMP0019,2025-12-19,SHIFT_B,141,113,3,1,37,0
EMP0019,2025-12-22,SHIFT_B,122,91,3,2,16,0
EMP0019,2025-12-23,SHIFT_B,121,86,3,2,22,0
EMP0019,2025-12-24,SHIFT_B,129,100,3,1,3,0
EMP0019,2025-12-26,SHIFT_B,133,115,3,1,14,0
EMP0019,2025-12-29,SHIFT_B,150,111,3,1,44,1
EMP0019,2025-12-30,SHIFT_B,129,98,3,2,22,0
EMP0019,2026-01-02,SHIFT_B,130,95,4,3,21,0
EMP0019,2026-01-05,SHIFT_B,122,103,3,2,9,0
EMP0019,2026-01-06,SHIFT_B,110,92,4,1,6,0
EMP0019,2026-01-07,SHIFT_B,143,124,4,3,8,0
EMP0019,2026-01-08,SHIFT_B,116,89,3,2,22,0
EMP0019,2026-01-09,SHIFT_B,114,88,3,2,12,0
EMP0019,2026-01-12,SHIFT_B,119,88,4,2,29,0
EMP0019,2026-01-13,SHIFT_B,148,121,4,1,3,0
EMP0019,2026-01-14,SHIFT_B,131,96,3,1,17,0
EMP0019,2026-01-15,SHIFT_B,126,106,3,1,18,0
EMP0019,2026-01-16,SHIFT_B,150,123,5,3,26,0
EMP0019,2026-01-19,SHIFT_B,148,121,4,2,26,0
EMP0019,2026-01-20,SHIFT_B,137,112,4,2,9,0
EMP0019,2026-01-21,SHIFT_B,143,118,5,3,1,0
EMP0019,2026-01-22,SHIFT_B,111,83,2,1,20,0
EMP0019,2026-01-23,SHIFT_B,122,102,3,2,7,0
EMP0019,2026-01-26,SHIFT_B,122,96,4,2,61,0
EMP0019,2026-01-27,SHIFT_B,144,107,4,2,5,0
EMP0019,2026-01-28,SHIFT_B,110,86,3,2,14,0
EMP0019,2026-01-29,SHIFT_B,118,96,4,3,11,0
EMP0019,2026-01-30,SHIFT_B,139,108,4,1,5,0
EMP0019,2026-02-02,SHIFT_B,144,105,4,3,36,0
EMP0019,2026-02-03,SHIFT_B,138,117,4,2,16,0
EMP0019,2026-02-05,SHIFT_B,149,110,4,3,14,0
EMP0019,2026-02-06,SHIFT_B,141,105,3,1,11,0
EMP0019,2026-02-09,SHIFT_B,121,96,4,1,8,0
EMP0019,2026-02-10,SHIFT_B,117,95,3,2,9,0
EMP0019,2026-02-11,SHIFT_B,111,83,3,1,3,0
EMP0019,2026-02-12,SHIFT_B,122,104,3,2,9,0
EMP0019,2026-02-13,SHIFT_B,150,108,3,2,22,0
EMP0019,2026-02-16,SHIFT_B,131,108,3,1,29,0
EMP0019,2026-02-17,SHIFT_B,118,87,3,2,21,0
EMP0019,2026-02-18,SHIFT_B,134,112,3,1,9,0
EMP0019,2026-02-19,SHIFT_B,148,115,3,2,12,0
EMP0019,2026-02-20,SHIFT_B,138,114,3,2,17,0
EMP0019,2026-02-23,SHIFT_B,138,119,5,2,65,0
EMP0019,2026-02-24,SHIFT_B,138,112,4,1,19,0
EMP0019,2026-02-25,SHIFT_B,133,101,4,3,17,0
EMP0019,2026-02-26,SHIFT_B,128,100,4,3,22,0
EMP0019,2026-02-27,SHIFT_B,112,88,3,1,29,0
EMP0019,2026-03-02,SHIFT_B,130,111,3,2,49,0
EMP0019,2026-03-03,SHIFT_B,142,108,4,3,12,0
EMP0019,2026-03-04,SHIFT_B,128,96,4,1,8,0
EMP0019,2026-03-06,SHIFT_B,142,110,4,1,0,0
EMP0019,2026-03-09,SHIFT_B,134,103,4,2,21,0
EMP0019,2026-03-10,SHIFT_B,136,102,3,1,4,0
EMP0019,2026-03-11,SHIFT_B,132,106,4,3,21,0
EMP0019,2026-03-12,SHIFT_B,135,101,3,2,6,0
EMP0019,2026-03-13,SHIFT_B,134,112,4,1,46,0
EMP0019,2026-03-16,SHIFT_B,138,110,3,1,72,0
EMP0019,2026-03-17,SHIFT_B,146,118,5,2,60,1
EMP0019,2026-03-18,SHIFT_B,112,96,3,2,17,1
EMP0019,2026-03-19,SHIFT_B,119,103,3,2,21,0
EMP0019,2026-03-20,SHIFT_B,140,111,4,1,27,0
EMP0019,2026-03-23,SHIFT_B,139,103,3,2,24,0
EMP0019,2026-03-24,SHIFT_B,115,83,2,1,21,0
EMP0019,2026-03-25,SHIFT_B,126,97,4,2,69,0
EMP0019,2026-03-26,SHIFT_B,132,101,3,2,22,0
EMP0019,2026-03-27,SHIFT_B,118,95,3,1,29,0
EMP0019,2026-03-30,SHIFT_B,114,85,3,1,70,0
EMP0019,2026-03-31,SHIFT_B,125,104,3,2,4,0
EMP0019,2026-04-01,SHIFT_B,140,118,4,2,6,0
EMP0019,2026-04-02,SHIFT_B,144,113,5,3,11,0
EMP0019,2026-04-03,SHIFT_B,130,104,3,1,2,0
EMP0019,2026-04-06,SHIFT_B,141,105,4,2,23,0
EMP0019,2026-04-07,SHIFT_B,129,105,4,2,16,0
EMP0019,2026-04-08,SHIFT_B,132,102,4,2,22,0
EMP0019,2026-04-09,SHIFT_B,130,94,4,2,29,0
EMP0019,2026-04-10,SHIFT_B,135,98,4,1,7,0
EMP0019,2026-04-13,SHIFT_B,139,103,4,2,9,0
EMP0019,2026-04-14,SHIFT_B,119,92,3,2,2,0
EMP0019,2026-04-15,SHIFT_B,115,91,4,1,27,0
EMP0019,2026-04-16,SHIFT_B,150,128,5,3,7,0
EMP0019,2026-04-17,SHIFT_B,121,89,4,2,6,0
EMP0019,2026-04-20,SHIFT_B,113,96,3,2,27,0
EMP0019,2026-04-22,SHIFT_B,150,108,3,2,18,0
EMP0019,2026-04-23,SHIFT_B,122,93,4,1,16,0
EMP0019,2026-04-24,SHIFT_B,125,96,4,1,12,1
EMP0019,2026-04-27,SHIFT_B,142,116,5,2,27,0
EMP0019,2026-04-28,SHIFT_B,142,119,4,2,30,0
EMP0019,2026-04-29,SHIFT_B,113,89,4,1,26,0
EMP0019,2026-04-30,SHIFT_B,119,85,3,2,26,0
EMP0019,2026-05-04,SHIFT_B,125,107,3,1,22,0
EMP0019,2026-05-05,SHIFT_B,132,104,4,3,2,0
EMP0019,2026-05-07,SHIFT_B,140,115,5,3,15,0
EMP0019,2026-05-08,SHIFT_B,130,112,3,2,2,0
EMP0019,2026-05-11,SHIFT_B,116,87,3,2,18,0
EMP0019,2026-05-12,SHIFT_B,121,87,3,2,1,0
EMP0019,2026-05-13,SHIFT_B,127,107,3,1,5,0
EMP0019,2026-05-14,SHIFT_B,145,120,4,3,15,0
EMP0019,2026-05-15,SHIFT_B,118,95,3,1,21,0
EMP0019,2026-05-18,SHIFT_B,118,95,3,1,15,0
EMP0019,2026-05-19,SHIFT_B,115,93,3,2,22,0
EMP0019,2026-05-20,SHIFT_B,134,101,3,2,7,0
EMP0019,2026-05-21,SHIFT_B,147,115,5,3,9,0
EMP0019,2026-05-22,SHIFT_B,149,128,4,2,7,0
EMP0019,2026-05-25,SHIFT_B,149,129,4,1,15,0
EMP0019,2026-05-26,SHIFT_B,148,124,5,3,18,0
EMP0019,2026-05-27,SHIFT_B,147,112,3,1,35,0
EMP0019,2026-05-28,SHIFT_B,138,99,4,1,26,0
EMP0019,2026-05-29,SHIFT_B,144,112,4,3,18,0
EMP0019,2026-06-01,SHIFT_B,133,99,3,2,2,0
EMP0019,2026-06-02,SHIFT_B,131,107,3,1,20,0
EMP0019,2026-06-03,SHIFT_B,126,108,4,2,22,0
EMP0019,2026-06-04,SHIFT_B,129,93,3,2,14,0
EMP0019,2026-06-05,SHIFT_B,119,85,3,1,27,0
EMP0019,2026-06-08,SHIFT_B,129,107,3,2,21,0
EMP0019,2026-06-09,SHIFT_B,125,96,3,1,16,0
EMP0019,2026-06-10,SHIFT_B,138,111,4,3,30,0
EMP0019,2026-06-11,SHIFT_B,113,94,3,1,1,0
EMP0019,2026-06-12,SHIFT_B,140,104,4,2,8,0
EMP0019,2026-06-15,SHIFT_B,130,94,3,2,15,0
EMP0019,2026-06-16,SHIFT_B,150,107,4,1,8,0
EMP0019,2026-06-18,SHIFT_B,111,87,3,1,45,0
EMP0019,2026-06-19,SHIFT_B,139,116,3,2,19,0
EMP0019,2026-06-22,SHIFT_B,147,120,5,2,1,0
EMP0019,2026-06-23,SHIFT_B,148,112,3,2,30,0
EMP0019,2026-06-24,SHIFT_B,129,102,3,1,27,0
EMP0019,2026-06-25,SHIFT_B,119,84,3,1,27,0
EMP0019,2026-06-26,SHIFT_B,149,116,3,2,17,0
EMP0019,2026-06-29,SHIFT_B,121,97,3,2,20,0
EMP0019,2026-06-30,SHIFT_B,148,113,3,1,2,0
EMP0019,2026-07-01,SHIFT_B,136,104,3,2,24,0
EMP0019,2026-07-02,SHIFT_B,132,101,3,2,27,0
EMP0019,2026-07-03,SHIFT_B,136,102,3,1,27,1
EMP0019,2026-07-06,SHIFT_B,120,90,4,2,0,0
EMP0019,2026-07-07,SHIFT_B,140,106,3,2,8,0
EMP0019,2026-07-08,SHIFT_B,144,118,4,3,19,0
EMP0019,2026-07-09,SHIFT_B,140,120,5,3,28,0
EMP0019,2026-07-13,SHIFT_B,126,93,3,1,30,0
EMP0019,2026-07-14,SHIFT_B,138,118,5,3,2,0
EMP0019,2026-07-16,SHIFT_B,139,110,3,1,18,0
EMP0019,2026-07-17,SHIFT_B,113,86,3,2,29,0
EMP0019,2026-07-20,SHIFT_B,130,107,3,2,6,0
EMP0019,2026-07-21,SHIFT_B,125,98,3,2,3,0
EMP0019,2026-07-22,SHIFT_B,144,106,3,1,25,0
EMP0019,2026-07-23,SHIFT_B,116,96,4,2,14,0
EMP0019,2026-07-24,SHIFT_B,136,109,4,2,17,0
EMP0019,2026-07-27,SHIFT_B,132,97,4,2,4,0
EMP0019,2026-07-28,SHIFT_B,135,100,3,1,3,0
EMP0019,2026-07-29,SHIFT_B,137,104,4,2,27,0
EMP0019,2026-07-30,SHIFT_B,128,111,3,1,21,0
EMP0019,2026-07-31,SHIFT_B,150,119,4,3,16,0
EMP0019,2026-08-03,SHIFT_B,127,96,4,2,26,0
EMP0019,2026-08-04,SHIFT_B,124,97,3,1,9,0
EMP0019,2026-08-05,SHIFT_B,111,85,3,2,6,0
EMP0019,2026-08-06,SHIFT_B,134,102,3,2,30,0
EMP0019,2026-08-07,SHIFT_B,118,92,4,2,8,0
EMP0019,2026-08-10,SHIFT_B,110,93,3,1,12,0
EMP0019,2026-08-11,SHIFT_B,121,93,3,1,24,0
EMP0019,2026-08-12,SHIFT_B,114,85,3,1,0,0
EMP0019,2026-08-13,SHIFT_B,137,114,5,2,19,0
EMP0019,2026-08-14,SHIFT_B,130,109,3,2,14,0
EMP0019,2026-08-17,SHIFT_B,134,115,3,1,7,0
EMP0019,2026-08-18,SHIFT_B,138,103,3,1,21,0
EMP0019,2026-08-19,SHIFT_B,113,91,3,1,4,0
EMP0019,2026-08-20,SHIFT_B,135,116,5,3,22,0
EMP0019,2026-08-21,SHIFT_B,119,97,4,1,2,0
EMP0019,2026-08-24,SHIFT_B,142,119,4,1,28,0
EMP0019,2026-08-25,SHIFT_B,145,120,4,1,25,0
EMP0019,2026-08-26,SHIFT_B,120,93,3,2,4,0
EMP0019,2026-08-27,SHIFT_B,143,104,3,2,5,0
EMP0019,2026-08-28,SHIFT_B,113,83,2,1,12,0
EMP0019,2026-08-31,SHIFT_B,114,87,3,1,26,0
EMP0019,2026-09-01,SHIFT_B,121,95,3,2,29,0
EMP0019,2026-09-02,SHIFT_B,111,85,3,1,12,0
EMP0019,2026-09-03,SHIFT_B,142,115,5,3,14,0
EMP0019,2026-09-04,SHIFT_B,149,107,3,1,30,0
EMP0019,2026-09-07,SHIFT_B,147,119,5,3,27,0
EMP0019,2026-09-08,SHIFT_B,139,114,3,1,13,0
EMP0019,2026-09-09,SHIFT_B,136,102,3,2,9,0
EMP0019,2026-09-10,SHIFT_B,129,105,3,1,24,0
EMP0019,2026-09-11,SHIFT_B,142,110,3,1,7,0
EMP0020,2025-09-11,SHIFT_A,140,90,3,2,24,0
EMP0020,2025-09-12,SHIFT_A,139,95,4,1,24,0
EMP0020,2025-09-15,SHIFT_A,122,89,3,2,33,0
EMP0020,2025-09-16,SHIFT_A,141,88,3,2,21,0
EMP0020,2025-09-17,SHIFT_A,129,82,2,1,15,0
EMP0020,2025-09-18,SHIFT_A,140,104,3,2,19,0
EMP0020,2025-09-19,SHIFT_A,127,83,3,2,22,0
EMP0020,2025-09-22,SHIFT_A,113,78,2,1,5,0
EMP0020,2025-09-23,SHIFT_A,120,83,3,1,28,0
EMP0020,2025-09-24,SHIFT_A,111,75,2,1,25,0
EMP0020,2025-09-25,SHIFT_A,123,86,3,2,10,0
EMP0020,2025-09-26,SHIFT_A,119,88,3,2,26,0
EMP0020,2025-09-29,SHIFT_A,119,87,3,2,25,0
EMP0020,2025-09-30,SHIFT_A,110,70,3,2,54,0
EMP0020,2025-10-01,SHIFT_A,134,87,3,2,10,0
EMP0020,2025-10-02,SHIFT_A,115,81,2,1,20,0
EMP0020,2025-10-03,SHIFT_A,150,99,3,1,60,0
EMP0020,2025-10-06,SHIFT_A,110,67,2,1,31,0
EMP0020,2025-10-07,SHIFT_A,144,106,3,2,51,0
EMP0020,2025-10-08,SHIFT_A,119,88,3,1,13,0
EMP0020,2025-10-09,SHIFT_A,136,99,4,2,1,0
EMP0020,2025-10-10,SHIFT_A,114,82,2,1,4,0
EMP0020,2025-10-13,SHIFT_A,115,74,3,1,27,0
EMP0020,2025-10-14,SHIFT_A,127,88,4,1,24,0
EMP0020,2025-10-15,SHIFT_A,126,90,4,2,25,0
EMP0020,2025-10-16,SHIFT_A,114,79,2,1,6,0
EMP0020,2025-10-17,SHIFT_A,122,90,4,2,14,0
EMP0020,2025-10-20,SHIFT_A,147,105,4,1,2,0
EMP0020,2025-10-21,SHIFT_A,116,84,3,2,25,0
EMP0020,2025-10-22,SHIFT_A,124,85,3,2,28,0
EMP0020,2025-10-23,SHIFT_A,122,80,3,1,21,0
EMP0020,2025-10-24,SHIFT_A,131,90,3,1,26,0
EMP0020,2025-10-27,SHIFT_A,141,87,3,2,29,0
EMP0020,2025-10-28,SHIFT_A,121,91,4,2,23,0
EMP0020,2025-10-30,SHIFT_A,142,100,4,2,26,0
EMP0020,2025-10-31,SHIFT_A,138,96,3,2,11,0
EMP0020,2025-11-03,SHIFT_A,148,92,4,2,10,0
EMP0020,2025-11-04,SHIFT_A,150,111,3,1,23,0
EMP0020,2025-11-05,SHIFT_A,111,78,2,1,12,0
EMP0020,2025-11-06,SHIFT_A,146,92,3,1,17,0
EMP0020,2025-11-07,SHIFT_A,117,86,3,2,22,0
EMP0020,2025-11-10,SHIFT_A,126,93,3,2,20,0
EMP0020,2025-11-11,SHIFT_A,144,89,3,1,23,0
EMP0020,2025-11-12,SHIFT_A,142,98,3,1,29,0
EMP0020,2025-11-13,SHIFT_A,123,87,3,1,59,0
EMP0020,2025-11-17,SHIFT_A,123,84,3,1,11,0
EMP0020,2025-11-18,SHIFT_A,123,85,3,2,20,0
EMP0020,2025-11-19,SHIFT_A,123,88,3,1,22,1
EMP0020,2025-11-20,SHIFT_A,132,88,3,2,26,0
EMP0020,2025-11-21,SHIFT_A,121,85,3,2,37,0
EMP0020,2025-11-24,SHIFT_A,114,73,3,1,6,0
EMP0020,2025-11-25,SHIFT_A,147,99,3,1,16,0
EMP0020,2025-11-26,SHIFT_A,131,83,2,1,16,0
EMP0020,2025-11-27,SHIFT_A,139,86,3,2,21,0
EMP0020,2025-11-28,SHIFT_A,131,83,3,2,23,0
EMP0020,2025-12-01,SHIFT_A,125,77,2,1,0,0
EMP0020,2025-12-03,SHIFT_A,148,94,4,2,52,0
EMP0020,2025-12-04,SHIFT_A,134,88,4,1,23,0
EMP0020,2025-12-05,SHIFT_A,121,82,2,1,39,0
EMP0020,2025-12-08,SHIFT_A,146,95,3,2,51,0
EMP0020,2025-12-09,SHIFT_A,126,87,3,2,16,0
EMP0020,2025-12-10,SHIFT_A,130,81,2,1,26,1
EMP0020,2025-12-11,SHIFT_A,111,77,2,1,3,0
EMP0020,2025-12-12,SHIFT_A,111,72,3,2,10,0
EMP0020,2025-12-15,SHIFT_A,146,104,3,2,27,0
EMP0020,2025-12-16,SHIFT_A,129,89,4,3,29,0
EMP0020,2025-12-17,SHIFT_A,126,80,2,1,16,0
EMP0020,2025-12-18,SHIFT_A,123,83,2,1,30,0
EMP0020,2025-12-19,SHIFT_A,142,93,3,1,5,0
EMP0020,2025-12-22,SHIFT_A,137,85,3,1,16,0
EMP0020,2025-12-23,SHIFT_A,144,94,3,2,25,0
EMP0020,2025-12-24,SHIFT_A,123,75,2,1,16,0
EMP0020,2025-12-26,SHIFT_A,140,104,3,1,30,0
EMP0020,2025-12-29,SHIFT_A,133,90,3,1,1,0
EMP0020,2025-12-30,SHIFT_A,130,80,2,1,10,0
EMP0020,2026-01-02,SHIFT_A,113,72,3,1,21,0
EMP0020,2026-01-05,SHIFT_A,148,93,4,2,21,0
EMP0020,2026-01-07,SHIFT_A,124,79,3,1,24,0
EMP0020,2026-01-08,SHIFT_A,150,104,3,2,11,0
EMP0020,2026-01-09,SHIFT_A,110,78,2,1,16,0
EMP0020,2026-01-12,SHIFT_A,140,89,4,2,11,0
EMP0020,2026-01-13,SHIFT_A,116,79,2,1,18,0
EMP0020,2026-01-14,SHIFT_A,146,96,3,2,9,0
EMP0020,2026-01-15,SHIFT_A,118,82,2,1,21,0
EMP0020,2026-01-16,SHIFT_A,138,99,4,3,60,0
EMP0020,2026-01-19,SHIFT_A,138,85,3,1,27,0
EMP0020,2026-01-20,SHIFT_A,122,89,4,3,21,0
EMP0020,2026-01-21,SHIFT_A,140,102,4,2,73,0
EMP0020,2026-01-22,SHIFT_A,120,78,2,1,16,0
EMP0020,2026-01-23,SHIFT_A,110,69,3,1,7,0
EMP0020,2026-01-26,SHIFT_A,133,97,3,1,9,0
EMP0020,2026-01-27,SHIFT_A,114,81,2,1,7,0
EMP0020,2026-01-28,SHIFT_A,117,85,3,2,13,0
EMP0020,2026-01-30,SHIFT_A,140,102,3,2,66,0
EMP0020,2026-02-02,SHIFT_A,146,109,4,1,3,0
EMP0020,2026-02-03,SHIFT_A,143,103,3,1,0,0
EMP0020,2026-02-05,SHIFT_A,146,98,3,2,12,0
EMP0020,2026-02-06,SHIFT_A,133,93,3,2,23,0
EMP0020,2026-02-09,SHIFT_A,150,100,3,1,28,0
EMP0020,2026-02-10,SHIFT_A,119,83,3,1,18,0
EMP0020,2026-02-11,SHIFT_A,132,84,3,2,2,0
EMP0020,2026-02-12,SHIFT_A,110,73,3,1,30,0
EMP0020,2026-02-13,SHIFT_A,144,89,4,2,13,0
EMP0020,2026-02-16,SHIFT_A,134,93,3,1,13,0
EMP0020,2026-02-17,SHIFT_A,118,76,2,1,12,0
EMP0020,2026-02-18,SHIFT_A,112,81,3,1,28,0
EMP0020,2026-02-19,SHIFT_A,147,94,4,2,17,0
EMP0020,2026-02-20,SHIFT_A,128,79,2,1,12,0
EMP0020,2026-02-23,SHIFT_A,126,85,3,1,7,0
EMP0020,2026-02-24,SHIFT_A,122,86,3,1,10,0
EMP0020,2026-02-25,SHIFT_A,136,92,3,2,60,0
EMP0020,2026-02-27,SHIFT_A,119,85,3,1,7,0
EMP0020,2026-03-02,SHIFT_A,127,86,3,1,27,0
EMP0020,2026-03-03,SHIFT_A,119,84,3,1,4,0
EMP0020,2026-03-04,SHIFT_A,132,98,3,1,15,0
EMP0020,2026-03-05,SHIFT_A,127,86,3,2,0,0
EMP0020,2026-03-06,SHIFT_A,115,81,2,1,4,0
EMP0020,2026-03-09,SHIFT_A,115,73,2,1,27,0
EMP0020,2026-03-10,SHIFT_A,144,106,3,2,35,0
EMP0020,2026-03-11,SHIFT_A,112,83,2,1,1,0
EMP0020,2026-03-12,SHIFT_A,115,81,3,1,3,0
EMP0020,2026-03-13,SHIFT_A,119,88,3,1,0,0
EMP0020,2026-03-16,SHIFT_A,128,84,3,2,26,0
EMP0020,2026-03-17,SHIFT_A,127,92,3,1,19,0
EMP0020,2026-03-18,SHIFT_A,116,73,3,1,2,0
EMP0020,2026-03-19,SHIFT_A,111,76,2,1,24,0
EMP0020,2026-03-20,SHIFT_A,149,99,4,3,24,0
EMP0020,2026-03-23,SHIFT_A,146,108,4,2,11,0
EMP0020,2026-03-24,SHIFT_A,129,89,4,1,4,0
EMP0020,2026-03-25,SHIFT_A,118,87,3,1,22,0
EMP0020,2026-03-26,SHIFT_A,143,94,4,3,6,0
EMP0020,2026-03-27,SHIFT_A,113,72,2,1,27,0
EMP0020,2026-03-30,SHIFT_A,125,77,2,1,60,0
EMP0020,2026-03-31,SHIFT_A,131,81,3,2,22,0
EMP0020,2026-04-01,SHIFT_A,150,96,3,1,73,0
EMP0020,2026-04-02,SHIFT_A,117,73,2,1,10,0
EMP0020,2026-04-03,SHIFT_A,121,76,2,1,27,0
EMP0020,2026-04-06,SHIFT_A,116,75,2,1,21,0
EMP0020,2026-04-07,SHIFT_A,122,82,2,1,5,0
EMP0020,2026-04-08,SHIFT_A,150,98,3,2,3,0
EMP0020,2026-04-09,SHIFT_A,135,87,3,2,19,0
EMP0020,2026-04-10,SHIFT_A,144,105,4,3,28,0
EMP0020,2026-04-13,SHIFT_A,128,92,4,2,6,0
EMP0020,2026-04-14,SHIFT_A,142,98,3,1,17,0
EMP0020,2026-04-15,SHIFT_A,133,82,2,1,27,0
EMP0020,2026-04-16,SHIFT_A,116,87,3,2,11,0
EMP0020,2026-04-17,SHIFT_A,114,82,2,1,23,0
EMP0020,2026-04-20,SHIFT_A,137,90,3,2,0,0
EMP0020,2026-04-21,SHIFT_A,116,83,2,1,11,0
EMP0020,2026-04-22,SHIFT_A,125,89,3,1,0,0
EMP0020,2026-04-23,SHIFT_A,138,86,3,1,13,0
EMP0020,2026-04-24,SHIFT_A,144,94,4,2,3,0
EMP0020,2026-04-27,SHIFT_A,134,83,3,2,29,0
EMP0020,2026-04-28,SHIFT_A,114,75,2,1,0,0
EMP0020,2026-04-29,SHIFT_A,148,106,3,1,11,0
EMP0020,2026-04-30,SHIFT_A,132,90,3,1,4,0
EMP0020,2026-05-04,SHIFT_A,126,79,3,1,44,0
EMP0020,2026-05-05,SHIFT_A,146,89,3,1,18,0
EMP0020,2026-05-06,SHIFT_A,110,78,3,2,22,0
EMP0020,2026-05-07,SHIFT_A,141,92,3,2,11,0
EMP0020,2026-05-11,SHIFT_A,111,76,2,1,13,0
EMP0020,2026-05-12,SHIFT_A,135,85,3,1,16,0
EMP0020,2026-05-13,SHIFT_A,148,92,3,1,7,0
EMP0020,2026-05-14,SHIFT_A,121,80,3,2,11,0
EMP0020,2026-05-15,SHIFT_A,148,105,3,1,11,0
EMP0020,2026-05-18,SHIFT_A,145,105,4,2,6,0
EMP0020,2026-05-19,SHIFT_A,124,92,3,2,19,0
EMP0020,2026-05-20,SHIFT_A,120,85,3,2,15,0
EMP0020,2026-05-21,SHIFT_A,135,84,3,2,0,0
EMP0020,2026-05-22,SHIFT_A,149,109,4,2,25,0
EMP0020,2026-05-25,SHIFT_A,117,80,3,1,13,0
EMP0020,2026-05-26,SHIFT_A,136,100,4,3,49,0
EMP0020,2026-05-27,SHIFT_A,144,100,4,2,22,0
EMP0020,2026-05-28,SHIFT_A,150,99,3,1,12,0
EMP0020,2026-05-29,SHIFT_A,147,95,3,1,11,0
EMP0020,2026-06-01,SHIFT_A,146,90,3,2,59,0
EMP0020,2026-06-02,SHIFT_A,141,89,4,2,11,0
EMP0020,2026-06-03,SHIFT_A,142,93,4,2,15,0
EMP0020,2026-06-04,SHIFT_A,122,86,3,2,1,0
EMP0020,2026-06-05,SHIFT_A,127,85,3,2,12,0
EMP0020,2026-06-08,SHIFT_A,125,94,3,2,7,0
EMP0020,2026-06-09,SHIFT_A,133,92,3,2,9,0
EMP0020,2026-06-10,SHIFT_A,122,91,3,2,17,0
EMP0020,2026-06-11,SHIFT_A,110,81,3,2,37,0
EMP0020,2026-06-12,SHIFT_A,113,85,3,2,23,0
EMP0020,2026-06-15,SHIFT_A,136,84,3,2,20,0
EMP0020,2026-06-16,SHIFT_A,137,90,3,1,28,0
EMP0020,2026-06-17,SHIFT_A,145,103,3,2,24,0
EMP0020,2026-06-18,SHIFT_A,140,88,3,2,0,0
EMP0020,2026-06-19,SHIFT_A,128,84,3,1,16,0
EMP0020,2026-06-22,SHIFT_A,113,81,2,1,20,0
EMP0020,2026-06-24,SHIFT_A,115,81,2,1,28,0
EMP0020,2026-06-25,SHIFT_A,116,83,2,1,24,0
EMP0020,2026-06-26,SHIFT_A,146,107,4,2,29,0
EMP0020,2026-06-29,SHIFT_A,130,86,3,2,9,0
EMP0020,2026-06-30,SHIFT_A,122,90,3,1,28,0
EMP0020,2026-07-01,SHIFT_A,112,70,2,1,29,0
EMP0020,2026-07-02,SHIFT_A,136,99,3,2,21,0
EMP0020,2026-07-03,SHIFT_A,139,87,3,2,12,0
EMP0020,2026-07-06,SHIFT_A,116,80,3,1,0,0
EMP0020,2026-07-07,SHIFT_A,128,89,4,2,1,0
EMP0020,2026-07-08,SHIFT_A,120,75,2,1,3,0
EMP0020,2026-07-09,SHIFT_A,112,81,2,1,9,0
EMP0020,2026-07-10,SHIFT_A,139,90,3,2,23,0
EMP0020,2026-07-13,SHIFT_A,134,93,3,2,24,0
EMP0020,2026-07-15,SHIFT_A,137,99,4,2,20,0
EMP0020,2026-07-16,SHIFT_A,127,88,3,2,2,0
EMP0020,2026-07-17,SHIFT_A,128,87,3,1,4,0
EMP0020,2026-07-20,SHIFT_A,127,89,3,2,13,0
EMP0020,2026-07-21,SHIFT_A,132,93,3,1,5,0
EMP0020,2026-07-22,SHIFT_A,136,90,4,3,24,0
EMP0020,2026-07-23,SHIFT_A,124,89,3,2,6,0
EMP0020,2026-07-24,SHIFT_A,113,76,2,1,6,0
EMP0020,2026-07-27,SHIFT_A,125,93,3,1,29,0
EMP0020,2026-07-28,SHIFT_A,132,97,4,2,28,0
EMP0020,2026-07-29,SHIFT_A,150,104,3,1,20,0
EMP0020,2026-07-30,SHIFT_A,140,100,3,1,7,0
EMP0020,2026-07-31,SHIFT_A,118,75,2,1,2,0
EMP0020,2026-08-03,SHIFT_A,117,81,2,1,16,0
EMP0020,2026-08-04,SHIFT_A,147,102,3,1,3,0
EMP0020,2026-08-05,SHIFT_A,128,93,4,2,12,0
EMP0020,2026-08-06,SHIFT_A,131,96,4,3,11,0
EMP0020,2026-08-07,SHIFT_A,136,85,3,1,2,0
EMP0020,2026-08-10,SHIFT_A,116,80,3,2,23,0
EMP0020,2026-08-11,SHIFT_A,142,89,3,1,4,0
EMP0020,2026-08-12,SHIFT_A,144,93,4,2,9,0
EMP0020,2026-08-13,SHIFT_A,137,90,3,2,56,0
EMP0020,2026-08-14,SHIFT_A,139,92,4,3,21,0
EMP0020,2026-08-17,SHIFT_A,138,95,3,2,4,0
EMP0020,2026-08-18,SHIFT_A,137,98,3,1,13,1
EMP0020,2026-08-19,SHIFT_A,116,78,3,1,26,0
EMP0020,2026-08-20,SHIFT_A,127,87,3,1,0,0
EMP0020,2026-08-21,SHIFT_A,149,102,3,2,46,0
EMP0020,2026-08-24,SHIFT_A,133,86,3,1,3,0
EMP0020,2026-08-25,SHIFT_A,140,91,3,1,33,0
EMP0020,2026-08-26,SHIFT_A,121,77,2,1,11,0
EMP0020,2026-08-27,SHIFT_A,139,100,4,3,23,0
EMP0020,2026-08-28,SHIFT_A,132,85,3,2,0,0
EMP0020,2026-08-31,SHIFT_A,118,80,3,2,28,0
EMP0020,2026-09-01,SHIFT_A,137,96,3,2,20,0
EMP0020,2026-09-03,SHIFT_A,148,97,3,2,19,0
EMP0020,2026-09-04,SHIFT_A,129,93,3,1,2,0
EMP0020,2026-09-07,SHIFT_A,128,88,3,1,23,0
EMP0020,2026-09-08,SHIFT_A,116,86,3,2,19,0
EMP0020,2026-09-09,SHIFT_A,140,86,3,1,24,0
EMP0020,2026-09-10,SHIFT_A,147,91,3,1,12,0
EMP0020,2026-09-11,SHIFT_A,121,77,2,1,2,0
EMP0021,2026-02-09,SHIFT_A,111,127,1,1,6,0
EMP0021,2026-02-10,SHIFT_A,131,147,3,2,66,0
EMP0021,2026-02-11,SHIFT_A,134,158,2,1,29,0
EMP0021,2026-02-12,SHIFT_A,121,123,1,1,2,0
EMP0021,2026-02-13,SHIFT_A,115,133,1,1,10,0
EMP0021,2026-02-16,SHIFT_A,120,123,1,0,9,0
EMP0021,2026-02-17,SHIFT_A,148,168,2,1,2,0
EMP0021,2026-02-18,SHIFT_A,115,130,3,2,0,0
EMP0021,2026-02-19,SHIFT_A,131,134,1,1,18,0
EMP0021,2026-02-20,SHIFT_A,130,146,1,1,14,0
EMP0021,2026-02-23,SHIFT_A,134,153,2,1,10,0
EMP0021,2026-02-24,SHIFT_A,149,167,2,1,19,0
EMP0021,2026-02-25,SHIFT_A,121,141,3,1,2,0
EMP0021,2026-02-26,SHIFT_A,139,146,3,2,24,0
EMP0021,2026-02-27,SHIFT_A,128,142,1,1,17,0
EMP0021,2026-03-02,SHIFT_A,118,139,3,1,30,0
EMP0021,2026-03-03,SHIFT_A,148,147,3,2,21,0
EMP0021,2026-03-04,SHIFT_A,134,137,1,0,28,0
EMP0021,2026-03-05,SHIFT_A,142,158,2,1,23,0
EMP0021,2026-03-06,SHIFT_A,127,136,1,1,5,0
EMP0021,2026-03-09,SHIFT_A,116,134,1,0,20,0
EMP0021,2026-03-10,SHIFT_A,110,122,1,1,54,0
EMP0021,2026-03-11,SHIFT_A,148,163,3,1,18,0
EMP0021,2026-03-12,SHIFT_A,139,165,3,1,29,0
EMP0021,2026-03-13,SHIFT_A,115,130,1,0,6,0
EMP0021,2026-03-16,SHIFT_A,134,155,3,1,30,0
EMP0021,2026-03-17,SHIFT_A,126,148,1,0,30,0
EMP0021,2026-03-18,SHIFT_A,133,134,3,2,12,0
EMP0021,2026-03-19,SHIFT_A,140,163,2,1,9,0
EMP0021,2026-03-20,SHIFT_A,115,125,1,0,22,0
EMP0021,2026-03-23,SHIFT_A,130,138,1,1,17,0
EMP0021,2026-03-24,SHIFT_A,115,124,1,1,4,0
EMP0021,2026-03-25,SHIFT_A,147,143,1,0,11,0
EMP0021,2026-03-26,SHIFT_A,133,135,1,1,4,0
EMP0021,2026-03-27,SHIFT_A,127,123,2,1,26,0
EMP0021,2026-03-30,SHIFT_A,121,118,2,1,23,0
EMP0021,2026-03-31,SHIFT_A,115,114,2,1,1,0
EMP0021,2026-04-01,SHIFT_A,121,132,1,1,9,0
EMP0021,2026-04-02,SHIFT_A,132,137,3,1,8,0
EMP0021,2026-04-03,SHIFT_A,116,129,1,1,12,0
EMP0021,2026-04-06,SHIFT_A,150,173,2,1,7,0
EMP0021,2026-04-07,SHIFT_A,141,158,2,1,21,0
EMP0021,2026-04-08,SHIFT_A,119,136,1,0,13,0
EMP0021,2026-04-09,SHIFT_A,113,128,3,1,28,0
EMP0021,2026-04-10,SHIFT_A,125,140,1,0,8,0
EMP0021,2026-04-13,SHIFT_A,112,119,1,1,34,0
EMP0021,2026-04-14,SHIFT_A,128,137,1,1,6,0
EMP0021,2026-04-15,SHIFT_A,123,139,1,1,15,0
EMP0021,2026-04-16,SHIFT_A,136,147,1,0,30,0
EMP0021,2026-04-17,SHIFT_A,114,123,1,0,4,0
EMP0021,2026-04-20,SHIFT_A,122,130,1,1,3,0
EMP0021,2026-04-21,SHIFT_A,145,152,2,1,41,0
EMP0021,2026-04-22,SHIFT_A,116,132,1,1,26,0
EMP0021,2026-04-23,SHIFT_A,137,163,2,1,4,0
EMP0021,2026-04-24,SHIFT_A,145,150,2,1,12,0
EMP0021,2026-04-27,SHIFT_A,143,153,2,1,53,0
EMP0021,2026-04-28,SHIFT_A,144,149,3,2,19,0
EMP0021,2026-04-29,SHIFT_A,126,148,1,0,10,0
EMP0021,2026-04-30,SHIFT_A,127,140,3,2,15,0
EMP0021,2026-05-04,SHIFT_A,140,139,1,1,6,1
EMP0021,2026-05-05,SHIFT_A,124,123,2,1,15,0
EMP0021,2026-05-06,SHIFT_A,150,168,2,1,11,0
EMP0021,2026-05-07,SHIFT_A,150,146,1,1,13,0
EMP0021,2026-05-08,SHIFT_A,112,131,1,0,29,0
EMP0021,2026-05-11,SHIFT_A,121,140,1,1,20,0
EMP0021,2026-05-12,SHIFT_A,112,127,1,0,28,0
EMP0021,2026-05-13,SHIFT_A,123,133,1,1,6,0
EMP0021,2026-05-14,SHIFT_A,123,135,1,0,3,0
EMP0021,2026-05-15,SHIFT_A,137,163,2,1,20,0
EMP0021,2026-05-18,SHIFT_A,140,163,2,1,14,0
EMP0021,2026-05-19,SHIFT_A,116,132,1,1,20,0
EMP0021,2026-05-20,SHIFT_A,149,153,2,1,0,0
EMP0021,2026-05-21,SHIFT_A,139,155,2,1,14,0
EMP0021,2026-05-22,SHIFT_A,115,125,1,1,10,0
EMP0021,2026-05-25,SHIFT_A,113,132,1,1,28,0
EMP0021,2026-05-26,SHIFT_A,121,120,1,1,8,0
EMP0021,2026-05-27,SHIFT_A,132,130,1,1,9,0
EMP0021,2026-05-28,SHIFT_A,132,150,3,1,28,0
EMP0021,2026-05-29,SHIFT_A,131,154,3,2,2,0
EMP0021,2026-06-01,SHIFT_A,125,140,1,0,15,0
EMP0021,2026-06-02,SHIFT_A,134,155,3,2,30,0
EMP0021,2026-06-03,SHIFT_A,114,115,2,1,15,0
EMP0021,2026-06-04,SHIFT_A,126,146,1,1,21,0
EMP0021,2026-06-05,SHIFT_A,137,144,1,0,13,0
EMP0021,2026-06-08,SHIFT_A,114,132,1,1,16,0
EMP0021,2026-06-09,SHIFT_A,123,133,1,1,1,0
EMP0021,2026-06-10,SHIFT_A,133,148,3,2,8,0
EMP0021,2026-06-11,SHIFT_A,139,152,2,1,5,0
EMP0021,2026-06-12,SHIFT_A,149,166,2,1,19,0
EMP0021,2026-06-15,SHIFT_A,124,122,1,1,23,0
EMP0021,2026-06-16,SHIFT_A,148,155,3,1,27,0
EMP0021,2026-06-17,SHIFT_A,137,149,1,1,26,0
EMP0021,2026-06-18,SHIFT_A,111,113,2,1,15,0
EMP0021,2026-06-19,SHIFT_A,125,131,3,1,2,0
EMP0021,2026-06-22,SHIFT_A,113,126,1,1,25,0
EMP0021,2026-06-23,SHIFT_A,140,145,3,2,28,0
EMP0021,2026-06-24,SHIFT_A,114,116,2,1,37,0
EMP0021,2026-06-25,SHIFT_A,132,138,1,0,15,0
EMP0021,2026-06-26,SHIFT_A,141,160,2,1,6,0
EMP0021,2026-06-29,SHIFT_A,147,154,3,2,11,0
EMP0021,2026-06-30,SHIFT_A,139,143,1,1,22,0
EMP0021,2026-07-01,SHIFT_A,130,131,3,1,69,0
EMP0021,2026-07-02,SHIFT_A,119,134,1,0,26,0
EMP0021,2026-07-03,SHIFT_A,139,162,3,1,21,0
EMP0021,2026-07-06,SHIFT_A,150,178,2,1,26,0
EMP0021,2026-07-07,SHIFT_A,113,117,2,1,18,0
EMP0021,2026-07-08,SHIFT_A,142,144,3,1,13,0
EMP0021,2026-07-09,SHIFT_A,145,172,3,2,1,0
EMP0021,2026-07-10,SHIFT_A,144,143,1,0,25,0
EMP0021,2026-07-13,SHIFT_A,121,135,1,0,15,0
EMP0021,2026-07-14,SHIFT_A,145,161,2,1,13,0
EMP0021,2026-07-15,SHIFT_A,133,152,3,1,1,0
EMP0021,2026-07-16,SHIFT_A,129,143,3,1,15,0
EMP0021,2026-07-17,SHIFT_A,120,131,1,0,1,0
EMP0021,2026-07-20,SHIFT_A,128,127,1,1,8,0
EMP0021,2026-07-21,SHIFT_A,135,157,3,1,7,0
EMP0021,2026-07-22,SHIFT_A,115,120,1,1,12,0
EMP0021,2026-07-23,SHIFT_A,138,155,2,1,24,0
EMP0021,2026-07-24,SHIFT_A,143,165,2,1,26,0
EMP0021,2026-07-27,SHIFT_A,138,137,3,1,8,0
EMP0021,2026-07-28,SHIFT_A,111,121,2,1,65,0
EMP0021,2026-07-29,SHIFT_A,148,169,3,1,6,0
EMP0021,2026-07-30,SHIFT_A,111,114,2,1,21,0
EMP0021,2026-07-31,SHIFT_A,133,155,2,1,22,0
EMP0021,2026-08-03,SHIFT_A,119,118,1,1,13,0
EMP0021,2026-08-05,SHIFT_A,113,129,3,2,11,0
EMP0021,2026-08-06,SHIFT_A,131,140,1,1,36,0
EMP0021,2026-08-07,SHIFT_A,143,148,3,2,20,0
EMP0021,2026-08-10,SHIFT_A,135,143,1,1,11,0
EMP0021,2026-08-11,SHIFT_A,126,146,1,0,5,0
EMP0021,2026-08-12,SHIFT_A,115,125,1,0,14,0
EMP0021,2026-08-13,SHIFT_A,113,115,2,1,22,0
EMP0021,2026-08-14,SHIFT_A,140,141,3,2,17,0
EMP0021,2026-08-17,SHIFT_A,116,129,1,1,10,0
EMP0021,2026-08-18,SHIFT_A,121,136,3,2,20,0
EMP0021,2026-08-19,SHIFT_A,147,175,2,1,17,0
EMP0021,2026-08-21,SHIFT_A,138,154,2,1,2,0
EMP0021,2026-08-24,SHIFT_A,150,167,2,1,55,0
EMP0021,2026-08-25,SHIFT_A,125,122,2,1,14,0
EMP0021,2026-08-26,SHIFT_A,126,128,3,2,27,0
EMP0021,2026-08-27,SHIFT_A,125,135,1,1,13,0
EMP0021,2026-08-28,SHIFT_A,110,109,2,1,8,0
EMP0021,2026-08-31,SHIFT_A,141,157,2,1,23,1
EMP0021,2026-09-01,SHIFT_A,124,142,1,0,3,0
EMP0021,2026-09-03,SHIFT_A,140,162,2,1,2,0
EMP0021,2026-09-04,SHIFT_A,148,169,3,1,9,0
EMP0021,2026-09-07,SHIFT_A,117,125,1,0,24,0
EMP0021,2026-09-08,SHIFT_A,118,124,1,0,18,0
EMP0021,2026-09-09,SHIFT_A,128,142,1,0,24,0
EMP0021,2026-09-10,SHIFT_A,143,142,3,2,26,0
EMP0021,2026-09-11,SHIFT_A,110,125,1,0,0,0
EMP0022,2025-09-11,SHIFT_C,142,90,4,3,15,0
EMP0022,2025-09-12,SHIFT_C,123,74,2,1,16,0
EMP0022,2025-09-15,SHIFT_C,121,72,2,1,4,0
EMP0022,2025-09-16,SHIFT_C,113,68,3,1,15,0
EMP0022,2025-09-17,SHIFT_C,113,76,2,1,8,0
EMP0022,2025-09-18,SHIFT_C,141,91,3,2,1,0
EMP0022,2025-09-19,SHIFT_C,116,78,3,2,24,0
EMP0022,2025-09-22,SHIFT_C,134,98,4,3,21,0
EMP0022,2025-09-23,SHIFT_C,124,89,4,2,3,0
EMP0022,2025-09-24,SHIFT_C,116,81,2,1,16,0
EMP0022,2025-09-25,SHIFT_C,110,78,3,1,55,0
EMP0022,2025-09-26,SHIFT_C,124,87,3,2,5,0
EMP0022,2025-09-29,SHIFT_C,120,76,3,2,6,0
EMP0022,2025-09-30,SHIFT_C,144,93,3,1,69,0
EMP0022,2025-10-01,SHIFT_C,126,85,3,1,25,0
EMP0022,2025-10-02,SHIFT_C,145,88,3,1,14,0
EMP0022,2025-10-03,SHIFT_C,136,99,3,1,11,0
EMP0022,2025-10-06,SHIFT_C,147,103,3,1,8,0
EMP0022,2025-10-07,SHIFT_C,127,90,3,1,12,0
EMP0022,2025-10-08,SHIFT_C,128,91,4,2,27,0
EMP0022,2025-10-09,SHIFT_C,127,91,3,2,19,0
EMP0022,2025-10-10,SHIFT_C,140,85,3,1,30,0
EMP0022,2025-10-13,SHIFT_C,124,84,3,2,27,0
EMP0022,2025-10-14,SHIFT_C,131,89,4,2,23,0
EMP0022,2025-10-15,SHIFT_C,129,83,2,1,52,0
EMP0022,2025-10-16,SHIFT_C,136,86,3,2,71,0
EMP0022,2025-10-17,SHIFT_C,112,79,2,1,26,0
EMP0022,2025-10-20,SHIFT_C,111,70,2,1,12,0
EMP0022,2025-10-21,SHIFT_C,114,77,2,1,16,0
EMP0022,2025-10-22,SHIFT_C,138,96,3,2,16,0
EMP0022,2025-10-23,SHIFT_C,147,95,4,2,5,0
EMP0022,2025-10-24,SHIFT_C,135,88,3,2,22,0
EMP0022,2025-10-27,SHIFT_C,137,88,3,2,5,0
EMP0022,2025-10-28,SHIFT_C,127,92,4,2,9,0
EMP0022,2025-10-29,SHIFT_C,117,71,3,2,1,0
EMP0022,2025-10-30,SHIFT_C,113,76,2,1,13,0
EMP0022,2025-10-31,SHIFT_C,116,77,2,1,13,0
EMP0022,2025-11-03,SHIFT_C,146,93,3,2,26,0
EMP0022,2025-11-04,SHIFT_C,126,84,3,2,2,0
EMP0022,2025-11-05,SHIFT_C,139,85,3,2,6,0
EMP0022,2025-11-06,SHIFT_C,142,102,3,2,31,0
EMP0022,2025-11-07,SHIFT_C,146,103,4,2,21,0
EMP0022,2025-11-10,SHIFT_C,129,84,3,2,10,0
EMP0022,2025-11-11,SHIFT_C,136,83,3,2,9,0
EMP0022,2025-11-12,SHIFT_C,136,89,3,1,7,0
EMP0022,2025-11-13,SHIFT_C,139,89,4,1,4,0
EMP0022,2025-11-14,SHIFT_C,140,91,3,2,72,0
EMP0022,2025-11-17,SHIFT_C,141,96,3,1,21,0
EMP0022,2025-11-18,SHIFT_C,146,88,3,2,23,0
EMP0022,2025-11-19,SHIFT_C,111,71,2,1,33,0
EMP0022,2025-11-20,SHIFT_C,124,76,2,1,38,0
EMP0022,2025-11-21,SHIFT_C,131,90,4,1,20,0
EMP0022,2025-11-24,SHIFT_C,143,93,4,2,9,0
EMP0022,2025-11-25,SHIFT_C,136,86,3,1,17,0
EMP0022,2025-11-26,SHIFT_C,114,71,3,2,14,0
EMP0022,2025-11-27,SHIFT_C,125,90,3,2,18,0
EMP0022,2025-11-28,SHIFT_C,132,84,3,2,19,0
EMP0022,2025-12-01,SHIFT_C,144,88,3,1,63,0
EMP0022,2025-12-02,SHIFT_C,113,74,2,1,1,0
EMP0022,2025-12-03,SHIFT_C,124,87,3,2,18,0
EMP0022,2025-12-04,SHIFT_C,113,82,2,1,1,0
EMP0022,2025-12-05,SHIFT_C,132,94,4,2,66,0
EMP0022,2025-12-08,SHIFT_C,117,81,2,1,22,1
EMP0022,2025-12-09,SHIFT_C,147,96,4,2,57,1
EMP0022,2025-12-10,SHIFT_C,110,78,2,1,28,0
EMP0022,2025-12-11,SHIFT_C,134,85,3,2,55,0
EMP0022,2025-12-12,SHIFT_C,113,70,2,1,28,0
EMP0022,2025-12-15,SHIFT_C,141,86,3,2,14,0
EMP0022,2025-12-16,SHIFT_C,128,79,2,1,6,0
EMP0022,2025-12-17,SHIFT_C,133,89,3,2,21,0
EMP0022,2025-12-18,SHIFT_C,110,68,2,1,24,0
EMP0022,2025-12-19,SHIFT_C,140,84,3,1,8,0
EMP0022,2025-12-22,SHIFT_C,134,88,4,3,24,0
EMP0022,2025-12-23,SHIFT_C,129,89,4,2,4,0
EMP0022,2025-12-24,SHIFT_C,137,97,3,1,46,0
EMP0022,2025-12-26,SHIFT_C,128,79,3,2,21,0
EMP0022,2025-12-29,SHIFT_C,119,80,3,1,22,0
EMP0022,2025-12-30,SHIFT_C,126,80,3,1,6,0
EMP0022,2026-01-02,SHIFT_C,120,77,2,1,22,0
EMP0022,2026-01-05,SHIFT_C,128,87,3,2,7,0
EMP0022,2026-01-06,SHIFT_C,134,88,3,2,0,0
EMP0022,2026-01-07,SHIFT_C,142,87,3,1,2,0
EMP0022,2026-01-08,SHIFT_C,141,86,3,2,19,0
EMP0022,2026-01-09,SHIFT_C,144,100,3,2,15,0
EMP0022,2026-01-12,SHIFT_C,128,88,4,2,28,0
EMP0022,2026-01-13,SHIFT_C,137,98,4,2,18,0
EMP0022,2026-01-14,SHIFT_C,128,92,3,1,10,0
EMP0022,2026-01-15,SHIFT_C,123,88,3,2,29,0
EMP0022,2026-01-16,SHIFT_C,131,91,3,1,23,0
EMP0022,2026-01-19,SHIFT_C,144,102,4,1,23,0
EMP0022,2026-01-20,SHIFT_C,126,83,2,1,22,0
EMP0022,2026-01-21,SHIFT_C,132,88,3,1,8,0
EMP0022,2026-01-22,SHIFT_C,126,89,3,1,16,0
EMP0022,2026-01-23,SHIFT_C,119,86,3,2,3,0
EMP0022,2026-01-26,SHIFT_C,145,90,3,2,19,0
EMP0022,2026-01-27,SHIFT_C,137,92,3,2,44,0
EMP0022,2026-01-28,SHIFT_C,150,96,3,1,49,0
EMP0022,2026-01-29,SHIFT_C,121,83,2,1,17,0
EMP0022,2026-01-30,SHIFT_C,117,76,3,2,28,0
EMP0022,2026-02-02,SHIFT_C,125,84,3,1,1,0
EMP0022,2026-02-03,SHIFT_C,119,80,2,1,55,0
EMP0022,2026-02-06,SHIFT_C,119,78,3,2,70,0
EMP0022,2026-02-09,SHIFT_C,127,92,4,2,26,0
EMP0022,2026-02-10,SHIFT_C,139,85,3,2,7,0
EMP0022,2026-02-11,SHIFT_C,115,82,3,1,27,0
EMP0022,2026-02-12,SHIFT_C,146,88,3,2,26,0
EMP0022,2026-02-13,SHIFT_C,132,94,4,2,23,0
EMP0022,2026-02-16,SHIFT_C,150,91,3,1,1,0
EMP0022,2026-02-17,SHIFT_C,138,93,4,2,27,0
EMP0022,2026-02-18,SHIFT_C,141,97,4,2,7,0
EMP0022,2026-02-19,SHIFT_C,150,91,3,1,13,0
EMP0022,2026-02-20,SHIFT_C,134,83,3,1,6,0
EMP0022,2026-02-23,SHIFT_C,143,102,3,2,14,0
EMP0022,2026-02-24,SHIFT_C,113,71,2,1,25,0
EMP0022,2026-02-25,SHIFT_C,114,79,3,1,50,0
EMP0022,2026-02-26,SHIFT_C,116,85,3,1,30,0
EMP0022,2026-02-27,SHIFT_C,112,81,2,1,17,0
EMP0022,2026-03-02,SHIFT_C,131,83,2,1,8,0
EMP0022,2026-03-03,SHIFT_C,132,88,3,1,12,0
EMP0022,2026-03-04,SHIFT_C,149,92,3,1,25,0
EMP0022,2026-03-05,SHIFT_C,136,95,4,2,14,0
EMP0022,2026-03-09,SHIFT_C,127,83,3,2,20,0
EMP0022,2026-03-10,SHIFT_C,119,72,3,2,28,0
EMP0022,2026-03-11,SHIFT_C,111,74,2,1,17,0
EMP0022,2026-03-12,SHIFT_C,112,78,2,1,27,0
EMP0022,2026-03-13,SHIFT_C,121,75,3,2,16,0
EMP0022,2026-03-16,SHIFT_C,126,78,2,1,15,0
EMP0022,2026-03-17,SHIFT_C,149,94,4,2,17,0
EMP0022,2026-03-18,SHIFT_C,144,87,3,1,27,0
EMP0022,2026-03-19,SHIFT_C,125,87,3,2,4,0
EMP0022,2026-03-20,SHIFT_C,113,67,3,1,16,0
EMP0022,2026-03-23,SHIFT_C,142,97,3,1,12,0
EMP0022,2026-03-24,SHIFT_C,148,108,3,2,29,0
EMP0022,2026-03-25,SHIFT_C,135,89,3,2,61,0
EMP0022,2026-03-26,SHIFT_C,128,92,4,2,5,0
EMP0022,2026-03-27,SHIFT_C,138,93,3,1,10,0
EMP0022,2026-03-30,SHIFT_C,134,89,4,2,30,0
EMP0022,2026-03-31,SHIFT_C,110,73,2,1,26,0
EMP0022,2026-04-01,SHIFT_C,123,87,3,1,22,0
EMP0022,2026-04-02,SHIFT_C,144,90,3,2,20,0
EMP0022,2026-04-03,SHIFT_C,135,96,3,2,40,0
EMP0022,2026-04-06,SHIFT_C,121,83,2,1,8,0
EMP0022,2026-04-07,SHIFT_C,130,91,4,3,28,0
EMP0022,2026-04-08,SHIFT_C,130,92,3,2,9,0
EMP0022,2026-04-09,SHIFT_C,146,90,4,2,0,0
EMP0022,2026-04-10,SHIFT_C,127,82,3,1,38,0
EMP0022,2026-04-13,SHIFT_C,124,78,2,1,7,0
EMP0022,2026-04-14,SHIFT_C,134,87,3,2,23,0
EMP0022,2026-04-15,SHIFT_C,136,92,4,2,17,0
EMP0022,2026-04-16,SHIFT_C,132,83,2,1,26,0
EMP0022,2026-04-17,SHIFT_C,141,93,3,1,24,0
EMP0022,2026-04-20,SHIFT_C,122,78,3,1,19,0
EMP0022,2026-04-21,SHIFT_C,126,83,3,2,11,0
EMP0022,2026-04-22,SHIFT_C,120,83,3,1,1,0
EMP0022,2026-04-23,SHIFT_C,141,97,3,1,6,0
EMP0022,2026-04-24,SHIFT_C,135,80,3,2,12,0
EMP0022,2026-04-28,SHIFT_C,136,92,4,2,27,0
EMP0022,2026-04-29,SHIFT_C,120,77,2,1,17,0
EMP0022,2026-04-30,SHIFT_C,112,67,2,1,17,0
EMP0022,2026-05-04,SHIFT_C,148,94,4,2,13,0
EMP0022,2026-05-05,SHIFT_C,113,69,2,1,18,0
EMP0022,2026-05-06,SHIFT_C,123,87,3,2,30,0
EMP0022,2026-05-07,SHIFT_C,136,99,3,2,8,0
EMP0022,2026-05-08,SHIFT_C,143,95,3,2,22,0
EMP0022,2026-05-11,SHIFT_C,127,89,4,2,12,0
EMP0022,2026-05-12,SHIFT_C,140,91,3,2,19,0
EMP0022,2026-05-13,SHIFT_C,114,82,2,1,13,0
EMP0022,2026-05-14,SHIFT_C,118,84,3,2,8,0
EMP0022,2026-05-15,SHIFT_C,114,80,2,1,43,0
EMP0022,2026-05-18,SHIFT_C,142,103,3,1,23,0
EMP0022,2026-05-19,SHIFT_C,112,79,3,1,0,0
EMP0022,2026-05-20,SHIFT_C,127,76,2,1,9,0
EMP0022,2026-05-21,SHIFT_C,112,76,3,1,23,0
EMP0022,2026-05-22,SHIFT_C,137,85,3,2,24,0
EMP0022,2026-05-25,SHIFT_C,118,82,2,1,28,0
EMP0022,2026-05-26,SHIFT_C,150,93,3,2,3,0
EMP0022,2026-05-27,SHIFT_C,127,78,3,2,30,0
EMP0022,2026-05-28,SHIFT_C,118,84,3,1,2,0
EMP0022,2026-05-29,SHIFT_C,119,81,3,1,15,0
EMP0022,2026-06-01,SHIFT_C,140,95,3,1,29,0
EMP0022,2026-06-02,SHIFT_C,131,93,3,1,26,0
EMP0022,2026-06-03,SHIFT_C,133,93,4,2,37,0
EMP0022,2026-06-04,SHIFT_C,142,99,3,2,44,0
EMP0022,2026-06-05,SHIFT_C,141,99,4,2,14,0
EMP0022,2026-06-08,SHIFT_C,147,98,3,2,14,0
EMP0022,2026-06-09,SHIFT_C,115,69,2,1,15,0
EMP0022,2026-06-10,SHIFT_C,145,96,3,1,5,0
EMP0022,2026-06-11,SHIFT_C,144,103,3,2,0,0
EMP0022,2026-06-12,SHIFT_C,113,76,3,1,8,0
EMP0022,2026-06-15,SHIFT_C,139,98,3,1,50,0
EMP0022,2026-06-16,SHIFT_C,111,68,2,1,32,0
EMP0022,2026-06-17,SHIFT_C,129,77,2,1,2,0
EMP0022,2026-06-18,SHIFT_C,131,86,3,2,5,0
EMP0022,2026-06-19,SHIFT_C,120,83,3,2,42,0
EMP0022,2026-06-22,SHIFT_C,111,71,2,1,20,0
EMP0022,2026-06-23,SHIFT_C,116,71,3,2,27,0
EMP0022,2026-06-24,SHIFT_C,147,97,4,1,4,0
EMP0022,2026-06-26,SHIFT_C,138,82,2,1,14,0
EMP0022,2026-06-29,SHIFT_C,144,96,3,2,28,0
EMP0022,2026-06-30,SHIFT_C,111,79,3,1,37,0
EMP0022,2026-07-01,SHIFT_C,113,82,3,1,24,0
EMP0022,2026-07-02,SHIFT_C,139,96,4,2,28,0
EMP0022,2026-07-03,SHIFT_C,133,87,3,1,29,0
EMP0022,2026-07-06,SHIFT_C,145,88,4,2,23,0
EMP0022,2026-07-07,SHIFT_C,136,91,4,2,27,0
EMP0022,2026-07-08,SHIFT_C,120,79,2,1,74,0
EMP0022,2026-07-09,SHIFT_C,111,69,2,1,20,0
EMP0022,2026-07-10,SHIFT_C,140,93,3,2,29,0
EMP0022,2026-07-14,SHIFT_C,130,87,3,2,6,0
EMP0022,2026-07-15,SHIFT_C,144,93,3,2,25,0
EMP0022,2026-07-16,SHIFT_C,136,83,2,1,6,0
EMP0022,2026-07-17,SHIFT_C,142,103,3,1,1,0
EMP0022,2026-07-21,SHIFT_C,116,82,3,2,29,0
EMP0022,2026-07-22,SHIFT_C,118,85,3,2,23,0
EMP0022,2026-07-23,SHIFT_C,121,74,2,1,3,0
EMP0022,2026-07-24,SHIFT_C,112,73,2,1,5,0
EMP0022,2026-07-27,SHIFT_C,140,86,3,2,7,0
EMP0022,2026-07-28,SHIFT_C,143,99,3,2,13,0
EMP0022,2026-07-29,SHIFT_C,113,76,2,1,65,0
EMP0022,2026-07-30,SHIFT_C,140,92,4,2,19,0
EMP0022,2026-07-31,SHIFT_C,116,72,2,1,28,0
EMP0022,2026-08-03,SHIFT_C,126,77,2,1,13,0
EMP0022,2026-08-04,SHIFT_C,114,82,2,1,9,0
EMP0022,2026-08-05,SHIFT_C,138,98,4,2,23,0
EMP0022,2026-08-06,SHIFT_C,138,86,3,2,12,0
EMP0022,2026-08-07,SHIFT_C,133,88,3,2,19,0
EMP0022,2026-08-11,SHIFT_C,122,76,3,2,22,0
EMP0022,2026-08-12,SHIFT_C,113,82,3,1,21,0
EMP0022,2026-08-13,SHIFT_C,144,87,3,1,10,0
EMP0022,2026-08-14,SHIFT_C,132,91,3,1,19,0
EMP0022,2026-08-17,SHIFT_C,142,103,3,2,20,0
EMP0022,2026-08-18,SHIFT_C,148,95,3,1,26,0
EMP0022,2026-08-19,SHIFT_C,131,89,4,3,3,0
EMP0022,2026-08-20,SHIFT_C,145,89,3,1,7,0
EMP0022,2026-08-21,SHIFT_C,114,73,2,1,6,0
EMP0022,2026-08-24,SHIFT_C,148,99,3,1,0,0
EMP0022,2026-08-25,SHIFT_C,140,95,4,3,26,0
EMP0022,2026-08-27,SHIFT_C,132,93,3,2,22,0
EMP0022,2026-08-28,SHIFT_C,126,89,3,2,30,0
EMP0022,2026-08-31,SHIFT_C,132,94,4,1,28,0
EMP0022,2026-09-01,SHIFT_C,130,82,2,1,16,0
EMP0022,2026-09-02,SHIFT_C,116,78,2,1,10,0
EMP0022,2026-09-03,SHIFT_C,150,89,3,2,0,0
EMP0022,2026-09-04,SHIFT_C,141,90,4,1,17,0
EMP0022,2026-09-07,SHIFT_C,121,82,2,1,17,0
EMP0022,2026-09-08,SHIFT_C,124,76,3,2,6,0
EMP0022,2026-09-09,SHIFT_C,142,103,3,2,6,0
EMP0022,2026-09-10,SHIFT_C,115,69,3,1,30,0
EMP0022,2026-09-11,SHIFT_C,122,87,3,2,29,0
EMP0023,2025-09-11,SHIFT_A,118,144,0,0,1,0
EMP0023,2025-09-12,SHIFT_A,134,161,0,0,2,0
EMP0023,2025-09-15,SHIFT_A,123,142,0,0,49,0
EMP0023,2025-09-16,SHIFT_A,143,157,0,0,11,0
EMP0023,2025-09-17,SHIFT_A,137,159,2,1,19,0
EMP0023,2025-09-18,SHIFT_A,143,157,0,0,29,0
EMP0023,2025-09-19,SHIFT_A,149,180,2,1,14,0
EMP0023,2025-09-22,SHIFT_A,148,184,0,0,14,0
EMP0023,2025-09-23,SHIFT_A,137,151,0,0,28,0
EMP0023,2025-09-25,SHIFT_A,136,167,2,1,30,0
EMP0023,2025-09-26,SHIFT_A,112,126,0,0,5,0
EMP0023,2025-09-29,SHIFT_A,112,122,1,0,25,0
EMP0023,2025-09-30,SHIFT_A,132,150,0,0,12,0
EMP0023,2025-10-01,SHIFT_A,114,136,0,0,29,0
EMP0023,2025-10-02,SHIFT_A,125,139,0,0,18,0
EMP0023,2025-10-03,SHIFT_A,136,146,0,0,10,0
EMP0023,2025-10-06,SHIFT_A,110,136,0,0,27,0
EMP0023,2025-10-07,SHIFT_A,129,137,0,0,5,0
EMP0023,2025-10-08,SHIFT_A,125,140,1,0,11,0
EMP0023,2025-10-09,SHIFT_A,112,136,0,0,7,0
EMP0023,2025-10-10,SHIFT_A,112,132,0,0,17,0
EMP0023,2025-10-13,SHIFT_A,123,154,2,1,11,0
EMP0023,2025-10-14,SHIFT_A,114,128,0,0,29,0
EMP0023,2025-10-15,SHIFT_A,125,133,1,1,19,0
EMP0023,2025-10-16,SHIFT_A,138,158,2,1,23,0
EMP0023,2025-10-17,SHIFT_A,135,155,2,1,27,0
EMP0023,2025-10-20,SHIFT_A,146,155,2,1,12,0
EMP0023,2025-10-21,SHIFT_A,112,121,0,0,8,0
EMP0023,2025-10-22,SHIFT_A,139,168,0,0,61,0
EMP0023,2025-10-23,SHIFT_A,130,154,2,1,20,0
EMP0023,2025-10-24,SHIFT_A,130,157,0,0,6,0
EMP0023,2025-10-27,SHIFT_A,149,166,0,0,15,0
EMP0023,2025-10-28,SHIFT_A,128,154,0,0,8,0
EMP0023,2025-10-29,SHIFT_A,150,168,0,0,0,0
EMP0023,2025-10-30,SHIFT_A,130,144,0,0,2,0
EMP0023,2025-10-31,SHIFT_A,135,155,0,0,14,0
EMP0023,2025-11-03,SHIFT_A,128,153,0,0,10,0
EMP0023,2025-11-04,SHIFT_A,149,188,2,1,16,0
EMP0023,2025-11-05,SHIFT_A,118,149,0,0,10,0
EMP0023,2025-11-06,SHIFT_A,145,170,0,0,7,0
EMP0023,2025-11-07,SHIFT_A,114,133,0,0,15,0
EMP0023,2025-11-10,SHIFT_A,114,136,0,0,17,0
EMP0023,2025-11-11,SHIFT_A,117,123,0,0,10,0
EMP0023,2025-11-12,SHIFT_A,130,143,0,0,15,0
EMP0023,2025-11-13,SHIFT_A,138,153,2,1,6,0
EMP0023,2025-11-14,SHIFT_A,141,148,0,0,5,0
EMP0023,2025-11-17,SHIFT_A,144,174,0,0,11,0
EMP0023,2025-11-18,SHIFT_A,133,152,2,1,23,0
EMP0023,2025-11-19,SHIFT_A,148,161,2,1,26,0
EMP0023,2025-11-20,SHIFT_A,134,141,0,0,1,0
EMP0023,2025-11-21,SHIFT_A,120,131,0,0,3,0
EMP0023,2025-11-24,SHIFT_A,150,163,0,0,2,0
EMP0023,2025-11-25,SHIFT_A,125,142,1,0,21,0
EMP0023,2025-11-26,SHIFT_A,124,144,0,0,15,0
EMP0023,2025-11-27,SHIFT_A,124,151,2,1,20,0
EMP0023,2025-11-28,SHIFT_A,120,129,0,0,21,0
EMP0023,2025-12-01,SHIFT_A,148,187,2,1,25,0
EMP0023,2025-12-02,SHIFT_A,122,138,1,0,37,0
EMP0023,2025-12-04,SHIFT_A,125,140,1,1,20,0
EMP0023,2025-12-05,SHIFT_A,129,143,1,1,15,0
EMP0023,2025-12-08,SHIFT_A,144,152,0,0,9,1
EMP0023,2025-12-09,SHIFT_A,125,159,2,1,4,0
EMP0023,2025-12-10,SHIFT_A,117,137,0,0,30,0
EMP0023,2025-12-11,SHIFT_A,120,135,0,0,8,0
EMP0023,2025-12-12,SHIFT_A,116,149,0,0,5,0
EMP0023,2025-12-15,SHIFT_A,114,137,0,0,6,0
EMP0023,2025-12-16,SHIFT_A,140,147,0,0,22,0
EMP0023,2025-12-17,SHIFT_A,119,128,0,0,9,0
EMP0023,2025-12-18,SHIFT_A,137,165,0,0,13,0
EMP0023,2025-12-19,SHIFT_A,128,139,1,0,2,0
EMP0023,2025-12-22,SHIFT_A,150,190,2,1,4,0
EMP0023,2025-12-23,SHIFT_A,111,136,0,0,4,0
EMP0023,2025-12-24,SHIFT_A,140,157,2,1,24,0
EMP0023,2025-12-26,SHIFT_A,147,160,2,1,5,0
EMP0023,2025-12-29,SHIFT_A,128,154,2,1,16,0
EMP0023,2025-12-30,SHIFT_A,126,144,0,0,8,0
EMP0023,2026-01-02,SHIFT_A,146,161,0,0,1,0
EMP0023,2026-01-05,SHIFT_A,111,130,0,0,21,0
EMP0023,2026-01-06,SHIFT_A,119,128,1,0,32,0
EMP0023,2026-01-07,SHIFT_A,142,163,0,0,20,0
EMP0023,2026-01-08,SHIFT_A,122,134,1,0,25,0
EMP0023,2026-01-09,SHIFT_A,112,136,0,0,29,0
EMP0023,2026-01-12,SHIFT_A,120,150,0,0,27,0
EMP0023,2026-01-13,SHIFT_A,115,137,0,0,14,0
EMP0023,2026-01-14,SHIFT_A,129,136,0,0,15,0
EMP0023,2026-01-15,SHIFT_A,134,166,0,0,3,0
EMP0023,2026-01-16,SHIFT_A,144,162,2,1,10,0
EMP0023,2026-01-19,SHIFT_A,130,155,0,0,10,0
EMP0023,2026-01-20,SHIFT_A,134,146,0,0,30,0
EMP0023,2026-01-22,SHIFT_A,138,155,2,1,17,0
EMP0023,2026-01-26,SHIFT_A,111,122,1,1,28,0
EMP0023,2026-01-27,SHIFT_A,116,129,0,0,74,0
EMP0023,2026-01-28,SHIFT_A,144,163,0,0,24,0
EMP0023,2026-01-29,SHIFT_A,136,172,0,0,22,0
EMP0023,2026-01-30,SHIFT_A,135,161,2,1,20,0
EMP0023,2026-02-02,SHIFT_A,120,136,0,0,28,0
EMP0023,2026-02-03,SHIFT_A,146,157,2,1,24,0
EMP0023,2026-02-05,SHIFT_A,129,155,0,0,5,0
EMP0023,2026-02-06,SHIFT_A,124,158,2,1,25,0
EMP0023,2026-02-09,SHIFT_A,140,175,0,0,23,0
EMP0023,2026-02-10,SHIFT_A,117,142,0,0,38,1
EMP0023,2026-02-11,SHIFT_A,114,136,0,0,45,0
EMP0023,2026-02-12,SHIFT_A,126,158,0,0,11,0
EMP0023,2026-02-13,SHIFT_A,111,135,1,1,27,0
EMP0023,2026-02-16,SHIFT_A,116,136,0,0,1,0
EMP0023,2026-02-17,SHIFT_A,150,177,0,0,18,0
EMP0023,2026-02-18,SHIFT_A,113,136,1,0,7,0
EMP0023,2026-02-19,SHIFT_A,126,143,1,1,13,0
EMP0023,2026-02-20,SHIFT_A,119,153,0,0,24,0
EMP0023,2026-02-23,SHIFT_A,122,147,0,0,8,0
EMP0023,2026-02-24,SHIFT_A,121,149,0,0,49,0
EMP0023,2026-02-25,SHIFT_A,134,158,0,0,11,0
EMP0023,2026-02-26,SHIFT_A,114,144,0,0,7,0
EMP0023,2026-02-27,SHIFT_A,114,139,1,0,2,0
EMP0023,2026-03-02,SHIFT_A,128,145,0,0,7,0
EMP0023,2026-03-03,SHIFT_A,140,162,2,1,23,0
EMP0023,2026-03-04,SHIFT_A,150,172,0,0,12,0
EMP0023,2026-03-05,SHIFT_A,144,170,0,0,29,0
EMP0023,2026-03-06,SHIFT_A,131,158,2,1,5,0
EMP0023,2026-03-09,SHIFT_A,114,144,0,0,1,0
EMP0023,2026-03-10,SHIFT_A,139,150,0,0,6,0
EMP0023,2026-03-12,SHIFT_A,142,161,0,0,30,0
EMP0023,2026-03-13,SHIFT_A,130,154,0,0,6,0
EMP0023,2026-03-16,SHIFT_A,119,129,1,0,3,0
EMP0023,2026-03-17,SHIFT_A,133,142,0,0,12,0
EMP0023,2026-03-18,SHIFT_A,116,125,1,0,22,0
EMP0023,2026-03-19,SHIFT_A,120,128,0,0,8,0
EMP0023,2026-03-20,SHIFT_A,134,161,0,0,22,0
EMP0023,2026-03-23,SHIFT_A,135,171,2,1,54,0
EMP0023,2026-03-24,SHIFT_A,149,160,0,0,9,0
EMP0023,2026-03-25,SHIFT_A,112,121,0,0,66,0
EMP0023,2026-03-26,SHIFT_A,139,171,0,0,17,0
EMP0023,2026-03-27,SHIFT_A,120,147,0,0,5,0
EMP0023,2026-03-30,SHIFT_A,138,166,2,1,1,0
EMP0023,2026-03-31,SHIFT_A,111,132,0,0,8,0
EMP0023,2026-04-01,SHIFT_A,148,187,2,1,27,0
EMP0023,2026-04-02,SHIFT_A,115,128,1,1,73,0
EMP0023,2026-04-03,SHIFT_A,120,132,1,1,75,0
EMP0023,2026-04-06,SHIFT_A,139,166,0,0,4,0
EMP0023,2026-04-07,SHIFT_A,110,142,0,0,10,0
EMP0023,2026-04-08,SHIFT_A,137,172,0,0,12,0
EMP0023,2026-04-09,SHIFT_A,147,189,0,0,28,0
EMP0023,2026-04-10,SHIFT_A,134,171,2,1,28,0
EMP0023,2026-04-13,SHIFT_A,129,149,1,0,18,0
EMP0023,2026-04-14,SHIFT_A,150,191,0,0,29,0
EMP0023,2026-04-15,SHIFT_A,143,159,2,1,22,0
EMP0023,2026-04-16,SHIFT_A,148,161,2,1,2,0
EMP0023,2026-04-17,SHIFT_A,127,146,0,0,8,0
EMP0023,2026-04-20,SHIFT_A,126,149,0,0,22,0
EMP0023,2026-04-21,SHIFT_A,149,171,0,0,11,0
EMP0023,2026-04-22,SHIFT_A,146,181,0,0,52,0
EMP0023,2026-04-23,SHIFT_A,144,168,0,0,12,0
EMP0023,2026-04-24,SHIFT_A,147,187,2,1,19,0
EMP0023,2026-04-27,SHIFT_A,123,155,0,0,10,0
EMP0023,2026-04-28,SHIFT_A,114,127,1,1,20,0
EMP0023,2026-04-29,SHIFT_A,150,179,0,0,22,0
EMP0023,2026-04-30,SHIFT_A,143,171,0,0,30,0
EMP0023,2026-05-04,SHIFT_A,139,153,0,0,19,0
EMP0023,2026-05-05,SHIFT_A,131,138,0,0,8,0
EMP0023,2026-05-06,SHIFT_A,134,171,0,0,30,0
EMP0023,2026-05-07,SHIFT_A,141,160,0,0,4,0
EMP0023,2026-05-08,SHIFT_A,110,134,0,0,23,0
EMP0023,2026-05-11,SHIFT_A,136,164,0,0,7,0
EMP0023,2026-05-12,SHIFT_A,122,148,0,0,8,0
EMP0023,2026-05-13,SHIFT_A,125,137,0,0,20,0
EMP0023,2026-05-14,SHIFT_A,150,177,0,0,24,0
EMP0023,2026-05-15,SHIFT_A,147,169,2,1,10,0
EMP0023,2026-05-18,SHIFT_A,132,145,1,0,57,0
EMP0023,2026-05-19,SHIFT_A,110,131,0,0,1,0
EMP0023,2026-05-20,SHIFT_A,134,154,0,0,2,0
EMP0023,2026-05-21,SHIFT_A,129,149,0,0,12,0
EMP0023,2026-05-22,SHIFT_A,126,133,1,1,7,0
EMP0023,2026-05-25,SHIFT_A,130,143,1,1,12,0
EMP0023,2026-05-26,SHIFT_A,134,157,2,1,0,0
EMP0023,2026-05-27,SHIFT_A,136,173,0,0,22,0
EMP0023,2026-05-28,SHIFT_A,143,167,0,0,4,0
EMP0023,2026-05-29,SHIFT_A,137,167,2,1,19,0
EMP0023,2026-06-01,SHIFT_A,148,156,2,1,64,0
EMP0023,2026-06-02,SHIFT_A,144,152,0,0,17,0
EMP0023,2026-06-03,SHIFT_A,142,158,2,1,2,0
EMP0023,2026-06-04,SHIFT_A,148,182,2,1,42,0
EMP0023,2026-06-05,SHIFT_A,145,168,2,1,30,0
EMP0023,2026-06-08,SHIFT_A,126,144,0,0,21,0
EMP0023,2026-06-09,SHIFT_A,133,170,0,0,6,0
EMP0023,2026-06-10,SHIFT_A,122,138,0,0,1,0
EMP0023,2026-06-11,SHIFT_A,150,176,0,0,8,0
EMP0023,2026-06-12,SHIFT_A,149,174,0,0,4,0
EMP0023,2026-06-15,SHIFT_A,138,149,0,0,11,0
EMP0023,2026-06-16,SHIFT_A,117,144,0,0,12,0
EMP0023,2026-06-17,SHIFT_A,121,144,0,0,13,0
EMP0023,2026-06-18,SHIFT_A,141,155,0,0,21,0
EMP0023,2026-06-19,SHIFT_A,134,151,2,1,22,0
EMP0023,2026-06-22,SHIFT_A,148,163,0,0,6,0
EMP0023,2026-06-23,SHIFT_A,121,143,0,0,30,0
EMP0023,2026-06-24,SHIFT_A,145,180,0,0,27,0
EMP0023,2026-06-25,SHIFT_A,150,161,0,0,7,0
EMP0023,2026-06-26,SHIFT_A,139,166,0,0,17,0
EMP0023,2026-06-30,SHIFT_A,134,171,0,0,6,0
EMP0023,2026-07-01,SHIFT_A,148,189,2,1,25,0
EMP0023,2026-07-03,SHIFT_A,112,140,0,0,19,0
EMP0023,2026-07-06,SHIFT_A,148,161,2,1,22,0
EMP0023,2026-07-07,SHIFT_A,122,150,0,0,1,0
EMP0023,2026-07-08,SHIFT_A,150,181,0,0,22,0
EMP0023,2026-07-10,SHIFT_A,137,146,0,0,10,0
EMP0023,2026-07-13,SHIFT_A,124,132,0,0,31,0
EMP0023,2026-07-14,SHIFT_A,129,166,0,0,28,0
EMP0023,2026-07-15,SHIFT_A,135,160,2,1,4,0
EMP0023,2026-07-16,SHIFT_A,132,151,0,0,17,0
EMP0023,2026-07-17,SHIFT_A,112,144,0,0,9,0
EMP0023,2026-07-20,SHIFT_A,133,162,2,1,5,0
EMP0023,2026-07-21,SHIFT_A,119,138,0,0,18,0
EMP0023,2026-07-22,SHIFT_A,135,152,0,0,26,0
EMP0023,2026-07-23,SHIFT_A,148,180,0,0,40,0
EMP0023,2026-07-24,SHIFT_A,143,179,0,0,20,0
EMP0023,2026-07-27,SHIFT_A,125,149,0,0,16,0
EMP0023,2026-07-28,SHIFT_A,134,155,2,1,3,0
EMP0023,2026-07-29,SHIFT_A,135,148,0,0,3,0
EMP0023,2026-07-30,SHIFT_A,125,156,2,1,20,0
EMP0023,2026-07-31,SHIFT_A,114,143,1,1,1,0
EMP0023,2026-08-03,SHIFT_A,119,135,0,0,0,0
EMP0023,2026-08-04,SHIFT_A,127,150,0,0,18,0
EMP0023,2026-08-05,SHIFT_A,132,150,0,0,21,0
EMP0023,2026-08-06,SHIFT_A,118,126,0,0,67,0
EMP0023,2026-08-07,SHIFT_A,122,146,1,0,1,0
EMP0023,2026-08-10,SHIFT_A,138,171,2,1,5,0
EMP0023,2026-08-11,SHIFT_A,143,169,0,0,57,0
EMP0023,2026-08-12,SHIFT_A,124,145,0,0,7,0
EMP0023,2026-08-13,SHIFT_A,146,155,2,1,25,0
EMP0023,2026-08-14,SHIFT_A,117,145,0,0,11,0
EMP0023,2026-08-17,SHIFT_A,128,142,1,0,20,0
EMP0023,2026-08-18,SHIFT_A,144,168,0,0,64,0
EMP0023,2026-08-20,SHIFT_A,150,172,0,0,26,0
EMP0023,2026-08-21,SHIFT_A,146,181,0,0,2,0
EMP0023,2026-08-24,SHIFT_A,115,133,0,0,29,0
EMP0023,2026-08-25,SHIFT_A,147,182,0,0,63,0
EMP0023,2026-08-26,SHIFT_A,127,144,0,0,69,0
EMP0023,2026-08-27,SHIFT_A,143,174,0,0,17,0
EMP0023,2026-08-28,SHIFT_A,125,140,1,1,28,0
EMP0023,2026-08-31,SHIFT_A,142,173,2,1,11,0
EMP0023,2026-09-01,SHIFT_A,138,145,0,0,5,0
EMP0023,2026-09-02,SHIFT_A,124,157,0,0,19,0
EMP0023,2026-09-03,SHIFT_A,133,159,2,1,30,0
EMP0023,2026-09-04,SHIFT_A,115,145,1,0,18,0
EMP0023,2026-09-07,SHIFT_A,144,163,2,1,2,0
EMP0023,2026-09-08,SHIFT_A,135,155,0,0,15,0
EMP0023,2026-09-09,SHIFT_A,147,170,0,0,24,0
EMP0023,2026-09-10,SHIFT_A,131,164,0,0,9,0
EMP0023,2026-09-11,SHIFT_A,113,136,0,0,56,0
EMP0024,2025-09-12,SHIFT_B,115,87,4,2,18,0
EMP0024,2025-09-15,SHIFT_B,128,99,5,3,23,0
EMP0024,2025-09-16,SHIFT_B,147,106,4,2,27,0
EMP0024,2025-09-17,SHIFT_B,137,103,4,2,13,0
EMP0024,2025-09-18,SHIFT_B,137,102,4,3,28,0
EMP0024,2025-09-19,SHIFT_B,120,100,4,3,10,0
EMP0024,2025-09-22,SHIFT_B,112,91,4,2,3,0
EMP0024,2025-09-23,SHIFT_B,148,125,5,3,7,0
EMP0024,2025-09-24,SHIFT_B,143,116,5,4,7,0
EMP0024,2025-09-25,SHIFT_B,127,106,5,3,7,0
EMP0024,2025-09-26,SHIFT_B,132,92,5,3,3,0
EMP0024,2025-09-29,SHIFT_B,145,116,6,4,9,0
EMP0024,2025-09-30,SHIFT_B,137,102,4,2,28,0
EMP0024,2025-10-01,SHIFT_B,116,97,5,2,44,0
EMP0024,2025-10-02,SHIFT_B,120,97,5,3,29,0
EMP0024,2025-10-03,SHIFT_B,132,94,5,3,29,0
EMP0024,2025-10-06,SHIFT_B,113,81,3,1,9,0
EMP0024,2025-10-07,SHIFT_B,135,113,5,3,23,0
EMP0024,2025-10-08,SHIFT_B,124,88,4,1,20,0
EMP0024,2025-10-09,SHIFT_B,128,104,4,2,22,0
EMP0024,2025-10-10,SHIFT_B,117,91,5,2,28,0
EMP0024,2025-10-13,SHIFT_B,120,96,5,2,7,0
EMP0024,2025-10-14,SHIFT_B,141,112,4,3,23,0
EMP0024,2025-10-15,SHIFT_B,127,99,5,3,28,0
EMP0024,2025-10-16,SHIFT_B,138,106,4,2,19,0
EMP0024,2025-10-17,SHIFT_B,133,105,4,2,30,0
EMP0024,2025-10-20,SHIFT_B,148,119,5,2,36,0
EMP0024,2025-10-21,SHIFT_B,112,88,4,2,29,0
EMP0024,2025-10-22,SHIFT_B,137,108,4,2,0,0
EMP0024,2025-10-23,SHIFT_B,121,92,4,2,21,0
EMP0024,2025-10-24,SHIFT_B,145,112,4,2,2,0
EMP0024,2025-10-27,SHIFT_B,132,108,5,3,13,0
EMP0024,2025-10-28,SHIFT_B,121,85,4,3,13,0
EMP0024,2025-10-29,SHIFT_B,118,98,4,1,9,0
EMP0024,2025-10-30,SHIFT_B,125,92,4,1,2,0
EMP0024,2025-10-31,SHIFT_B,149,120,5,2,28,0
EMP0024,2025-11-03,SHIFT_B,129,92,5,3,71,0
EMP0024,2025-11-04,SHIFT_B,144,108,4,2,5,0
EMP0024,2025-11-05,SHIFT_B,137,105,5,3,14,0
EMP0024,2025-11-06,SHIFT_B,130,90,4,2,7,0
EMP0024,2025-11-07,SHIFT_B,144,100,5,2,22,0
EMP0024,2025-11-10,SHIFT_B,113,87,4,2,17,0
EMP0024,2025-11-11,SHIFT_B,134,100,4,2,11,0
EMP0024,2025-11-12,SHIFT_B,128,89,4,2,35,0
EMP0024,2025-11-13,SHIFT_B,140,111,4,2,8,0
EMP0024,2025-11-14,SHIFT_B,117,82,4,2,20,0
EMP0024,2025-11-17,SHIFT_B,113,91,4,3,10,0
EMP0024,2025-11-18,SHIFT_B,145,117,6,4,11,0
EMP0024,2025-11-19,SHIFT_B,147,113,5,3,23,0
EMP0024,2025-11-20,SHIFT_B,149,112,6,3,11,0
EMP0024,2025-11-21,SHIFT_B,141,116,5,3,4,0
EMP0024,2025-11-24,SHIFT_B,124,86,3,1,13,0
EMP0024,2025-11-25,SHIFT_B,113,86,3,2,26,0
EMP0024,2025-11-26,SHIFT_B,128,95,4,3,6,0
EMP0024,2025-11-28,SHIFT_B,111,78,4,2,1,0
EMP0024,2025-12-01,SHIFT_B,120,85,3,1,25,0
EMP0024,2025-12-02,SHIFT_B,132,96,5,3,3,0
EMP0024,2025-12-03,SHIFT_B,145,104,5,3,21,0
EMP0024,2025-12-04,SHIFT_B,132,96,4,2,10,0
EMP0024,2025-12-05,SHIFT_B,143,108,4,2,10,0
EMP0024,2025-12-08,SHIFT_B,135,103,5,3,28,0
EMP0024,2025-12-09,SHIFT_B,150,111,6,3,53,0
EMP0024,2025-12-10,SHIFT_B,145,113,5,3,1,0
EMP0024,2025-12-11,SHIFT_B,140,103,4,2,12,0
EMP0024,2025-12-12,SHIFT_B,119,89,4,1,22,0
EMP0024,2025-12-15,SHIFT_B,128,92,4,2,10,0
EMP0024,2025-12-16,SHIFT_B,125,92,4,2,12,0
EMP0024,2025-12-17,SHIFT_B,148,109,4,2,29,0
EMP0024,2025-12-18,SHIFT_B,136,96,5,2,20,0
EMP0024,2025-12-19,SHIFT_B,136,100,5,3,17,0
EMP0024,2025-12-22,SHIFT_B,131,107,4,2,16,0
EMP0024,2025-12-23,SHIFT_B,122,92,4,2,3,0
EMP0024,2025-12-24,SHIFT_B,137,106,5,2,25,0
EMP0024,2025-12-26,SHIFT_B,133,95,4,1,14,0
EMP0024,2025-12-29,SHIFT_B,144,104,4,2,10,0
EMP0024,2025-12-30,SHIFT_B,125,92,4,2,26,0
EMP0024,2026-01-02,SHIFT_B,141,113,5,3,4,1
EMP0024,2026-01-05,SHIFT_B,127,107,5,2,29,0
EMP0024,2026-01-06,SHIFT_B,144,113,5,3,24,0
EMP0024,2026-01-07,SHIFT_B,142,102,4,3,19,0
EMP0024,2026-01-08,SHIFT_B,131,109,4,2,10,0
EMP0024,2026-01-09,SHIFT_B,127,100,4,3,11,0
EMP0024,2026-01-13,SHIFT_B,145,120,6,2,14,0
EMP0024,2026-01-15,SHIFT_B,139,104,4,3,4,0
EMP0024,2026-01-16,SHIFT_B,126,103,5,2,24,0
EMP0024,2026-01-19,SHIFT_B,135,95,4,1,24,0
EMP0024,2026-01-20,SHIFT_B,144,104,5,3,8,0
EMP0024,2026-01-21,SHIFT_B,118,82,3,1,18,0
EMP0024,2026-01-22,SHIFT_B,114,91,4,2,14,0
EMP0024,2026-01-23,SHIFT_B,125,93,4,2,21,0
EMP0024,2026-01-26,SHIFT_B,128,105,4,2,41,0
EMP0024,2026-01-27,SHIFT_B,121,92,4,3,19,0
EMP0024,2026-01-29,SHIFT_B,128,96,5,2,29,0
EMP0024,2026-01-30,SHIFT_B,143,118,5,2,11,0
EMP0024,2026-02-02,SHIFT_B,126,92,4,1,28,0
EMP0024,2026-02-03,SHIFT_B,123,93,4,3,17,0
EMP0024,2026-02-05,SHIFT_B,129,99,4,2,1,0
EMP0024,2026-02-06,SHIFT_B,119,94,5,2,27,0
EMP0024,2026-02-09,SHIFT_B,143,113,5,2,14,0
EMP0024,2026-02-10,SHIFT_B,121,87,3,1,17,0
EMP0024,2026-02-11,SHIFT_B,144,115,5,3,72,0
EMP0024,2026-02-12,SHIFT_B,150,124,6,4,8,0
EMP0024,2026-02-13,SHIFT_B,122,100,5,2,18,0
EMP0024,2026-02-16,SHIFT_B,150,117,5,3,23,0
EMP0024,2026-02-17,SHIFT_B,126,102,4,1,15,0
EMP0024,2026-02-18,SHIFT_B,129,106,4,2,24,0
EMP0024,2026-02-19,SHIFT_B,127,88,4,2,9,0
EMP0024,2026-02-20,SHIFT_B,122,100,4,2,6,0
EMP0024,2026-02-23,SHIFT_B,145,101,4,2,12,0
EMP0024,2026-02-24,SHIFT_B,148,112,4,1,27,0
EMP0024,2026-02-25,SHIFT_B,148,118,6,3,16,0
EMP0024,2026-02-26,SHIFT_B,130,100,4,2,18,0
EMP0024,2026-02-27,SHIFT_B,131,105,4,2,16,0
EMP0024,2026-03-02,SHIFT_B,141,116,5,2,21,0
EMP0024,2026-03-04,SHIFT_B,140,102,5,3,29,0
EMP0024,2026-03-05,SHIFT_B,147,113,6,4,11,0
EMP0024,2026-03-06,SHIFT_B,120,90,5,3,20,0
EMP0024,2026-03-09,SHIFT_B,128,91,5,2,6,0
EMP0024,2026-03-10,SHIFT_B,121,99,5,3,5,0
EMP0024,2026-03-11,SHIFT_B,148,125,5,2,12,0
EMP0024,2026-03-12,SHIFT_B,117,83,4,2,15,0
EMP0024,2026-03-13,SHIFT_B,121,97,4,3,6,0
EMP0024,2026-03-16,SHIFT_B,137,108,5,2,13,0
EMP0024,2026-03-17,SHIFT_B,129,93,4,1,18,0
EMP0024,2026-03-18,SHIFT_B,117,91,4,2,60,0
EMP0024,2026-03-19,SHIFT_B,138,95,4,2,21,0
EMP0024,2026-03-20,SHIFT_B,131,102,5,2,23,0
EMP0024,2026-03-23,SHIFT_B,142,104,4,3,15,0
EMP0024,2026-03-24,SHIFT_B,118,86,4,1,27,0
EMP0024,2026-03-25,SHIFT_B,122,88,4,2,12,0
EMP0024,2026-03-26,SHIFT_B,145,110,4,1,14,0
EMP0024,2026-03-27,SHIFT_B,130,106,5,3,22,0
EMP0024,2026-03-30,SHIFT_B,111,78,3,2,30,0
EMP0024,2026-03-31,SHIFT_B,138,111,4,3,13,0
EMP0024,2026-04-01,SHIFT_B,141,107,4,3,0,0
EMP0024,2026-04-02,SHIFT_B,144,116,5,3,8,0
EMP0024,2026-04-03,SHIFT_B,114,84,3,1,0,0
EMP0024,2026-04-06,SHIFT_B,134,98,5,2,7,0
EMP0024,2026-04-07,SHIFT_B,110,80,4,2,5,0
EMP0024,2026-04-08,SHIFT_B,119,98,5,3,24,0
EMP0024,2026-04-09,SHIFT_B,138,98,4,2,7,0
EMP0024,2026-04-10,SHIFT_B,127,97,4,2,16,0
EMP0024,2026-04-13,SHIFT_B,110,84,3,2,29,0
EMP0024,2026-04-14,SHIFT_B,147,110,4,2,25,0
EMP0024,2026-04-15,SHIFT_B,131,95,4,3,22,0
EMP0024,2026-04-16,SHIFT_B,149,106,4,1,1,0
EMP0024,2026-04-17,SHIFT_B,144,102,5,2,25,0
EMP0024,2026-04-20,SHIFT_B,117,96,5,2,20,0
EMP0024,2026-04-21,SHIFT_B,143,112,4,3,26,0
EMP0024,2026-04-22,SHIFT_B,130,110,6,2,0,0
EMP0024,2026-04-23,SHIFT_B,140,105,4,2,3,0
EMP0024,2026-04-24,SHIFT_B,131,109,4,1,13,0
EMP0024,2026-04-27,SHIFT_B,133,96,5,3,29,0
EMP0024,2026-04-28,SHIFT_B,141,117,5,3,9,0
EMP0024,2026-04-29,SHIFT_B,142,104,5,2,5,0
EMP0024,2026-04-30,SHIFT_B,111,93,5,3,26,0
EMP0024,2026-05-04,SHIFT_B,136,101,4,2,6,0
EMP0024,2026-05-05,SHIFT_B,121,94,4,1,23,0
EMP0024,2026-05-06,SHIFT_B,147,121,5,3,57,0
EMP0024,2026-05-07,SHIFT_B,120,84,3,2,17,0
EMP0024,2026-05-08,SHIFT_B,115,87,3,2,4,0
EMP0024,2026-05-11,SHIFT_B,124,98,4,1,30,0
EMP0024,2026-05-12,SHIFT_B,111,77,3,1,17,0
EMP0024,2026-05-13,SHIFT_B,118,98,4,3,4,0
EMP0024,2026-05-14,SHIFT_B,148,116,5,3,27,0
EMP0024,2026-05-15,SHIFT_B,137,97,4,1,28,0
EMP0024,2026-05-18,SHIFT_B,111,88,4,2,2,0
EMP0024,2026-05-19,SHIFT_B,125,90,4,3,0,0
EMP0024,2026-05-20,SHIFT_B,134,92,5,3,1,0
EMP0024,2026-05-21,SHIFT_B,139,114,6,2,30,0
EMP0024,2026-05-22,SHIFT_B,117,88,4,1,20,0
EMP0024,2026-05-25,SHIFT_B,128,103,4,2,3,0
EMP0024,2026-05-26,SHIFT_B,142,119,5,3,4,0
EMP0024,2026-05-27,SHIFT_B,115,96,5,3,10,0
EMP0024,2026-05-28,SHIFT_B,142,103,4,2,29,0
EMP0024,2026-05-29,SHIFT_B,116,92,5,2,21,0
EMP0024,2026-06-01,SHIFT_B,112,78,3,1,19,0
EMP0024,2026-06-02,SHIFT_B,118,92,4,2,8,0
EMP0024,2026-06-03,SHIFT_B,139,112,6,4,4,0
EMP0024,2026-06-04,SHIFT_B,123,91,4,1,20,0
EMP0024,2026-06-05,SHIFT_B,118,91,4,2,24,0
EMP0024,2026-06-08,SHIFT_B,133,110,6,2,9,0
EMP0024,2026-06-09,SHIFT_B,129,97,4,2,4,0
EMP0024,2026-06-10,SHIFT_B,145,117,5,2,24,0
EMP0024,2026-06-11,SHIFT_B,126,103,4,2,29,0
EMP0024,2026-06-12,SHIFT_B,139,102,4,2,20,0
EMP0024,2026-06-15,SHIFT_B,145,111,4,1,47,0
EMP0024,2026-06-16,SHIFT_B,111,88,4,2,14,0
EMP0024,2026-06-17,SHIFT_B,150,115,6,3,8,0
EMP0024,2026-06-18,SHIFT_B,125,89,4,2,3,0
EMP0024,2026-06-19,SHIFT_B,148,102,4,2,67,0
EMP0024,2026-06-22,SHIFT_B,128,100,4,2,20,0
EMP0024,2026-06-23,SHIFT_B,120,95,4,2,46,0
EMP0024,2026-06-24,SHIFT_B,135,106,4,3,12,0
EMP0024,2026-06-25,SHIFT_B,126,90,5,2,25,0
EMP0024,2026-06-26,SHIFT_B,147,106,4,2,3,0
EMP0024,2026-06-29,SHIFT_B,126,94,4,1,3,0
EMP0024,2026-06-30,SHIFT_B,126,93,4,2,14,0
EMP0024,2026-07-01,SHIFT_B,136,95,4,1,22,0
EMP0024,2026-07-02,SHIFT_B,138,102,5,3,17,0
EMP0024,2026-07-03,SHIFT_B,127,95,4,2,14,0
EMP0024,2026-07-06,SHIFT_B,131,100,4,3,13,0
EMP0024,2026-07-07,SHIFT_B,150,109,5,2,0,0
EMP0024,2026-07-08,SHIFT_B,123,87,3,1,13,0
EMP0024,2026-07-09,SHIFT_B,118,90,5,3,5,0
EMP0024,2026-07-10,SHIFT_B,112,89,4,1,22,0
EMP0024,2026-07-13,SHIFT_B,119,88,4,2,19,0
EMP0024,2026-07-14,SHIFT_B,140,105,5,2,15,0
EMP0024,2026-07-15,SHIFT_B,132,99,5,2,14,0
EMP0024,2026-07-16,SHIFT_B,146,111,4,1,10,0
EMP0024,2026-07-17,SHIFT_B,125,97,4,2,5,0
EMP0024,2026-07-20,SHIFT_B,145,118,5,3,27,0
EMP0024,2026-07-21,SHIFT_B,147,104,4,1,21,0
EMP0024,2026-07-22,SHIFT_B,115,89,4,2,20,0
EMP0024,2026-07-23,SHIFT_B,142,114,5,2,4,0
EMP0024,2026-07-24,SHIFT_B,113,81,3,1,29,0
EMP0024,2026-07-27,SHIFT_B,135,103,5,2,25,0
EMP0024,2026-07-28,SHIFT_B,133,99,5,3,23,0
EMP0024,2026-07-29,SHIFT_B,138,102,5,3,16,0
EMP0024,2026-07-30,SHIFT_B,120,96,4,3,22,0
EMP0024,2026-07-31,SHIFT_B,119,88,4,2,11,0
EMP0024,2026-08-03,SHIFT_B,141,118,5,3,8,0
EMP0024,2026-08-04,SHIFT_B,139,99,5,3,23,0
EMP0024,2026-08-05,SHIFT_B,147,108,4,2,23,0
EMP0024,2026-08-06,SHIFT_B,146,101,5,3,63,0
EMP0024,2026-08-07,SHIFT_B,130,91,4,1,25,0
EMP0024,2026-08-10,SHIFT_B,137,114,5,2,7,0
EMP0024,2026-08-11,SHIFT_B,123,87,3,1,62,0
EMP0024,2026-08-12,SHIFT_B,147,101,5,2,16,0
EMP0024,2026-08-13,SHIFT_B,144,119,6,3,22,0
EMP0024,2026-08-14,SHIFT_B,148,108,4,1,24,0
EMP0024,2026-08-17,SHIFT_B,120,87,4,2,2,0
EMP0024,2026-08-18,SHIFT_B,111,92,4,2,24,0
EMP0024,2026-08-19,SHIFT_B,130,105,5,2,5,0
EMP0024,2026-08-20,SHIFT_B,112,89,4,2,29,0
EMP0024,2026-08-21,SHIFT_B,121,88,4,1,11,0
EMP0024,2026-08-24,SHIFT_B,143,117,6,2,28,0
EMP0024,2026-08-25,SHIFT_B,110,83,3,2,14,0
EMP0024,2026-08-26,SHIFT_B,128,88,4,2,12,0
EMP0024,2026-08-27,SHIFT_B,135,101,5,3,13,0
EMP0024,2026-08-28,SHIFT_B,130,109,5,3,12,0
EMP0024,2026-08-31,SHIFT_B,115,81,3,2,8,0
EMP0024,2026-09-01,SHIFT_B,124,88,4,2,14,0
EMP0024,2026-09-02,SHIFT_B,116,92,4,3,5,0
EMP0024,2026-09-03,SHIFT_B,139,104,5,2,27,0
EMP0024,2026-09-04,SHIFT_B,130,100,4,2,22,0
EMP0024,2026-09-07,SHIFT_B,118,97,5,3,29,0
EMP0024,2026-09-08,SHIFT_B,129,95,4,2,10,0
EMP0024,2026-09-09,SHIFT_B,138,96,4,1,26,0
EMP0024,2026-09-10,SHIFT_B,116,84,3,1,4,0
EMP0024,2026-09-11,SHIFT_B,115,93,4,2,0,0
EMP0025,2025-09-11,SHIFT_A,140,102,4,1,29,0
EMP0025,2025-09-12,SHIFT_A,116,86,4,2,0,0
EMP0025,2025-09-15,SHIFT_A,122,82,3,1,20,0
EMP0025,2025-09-16,SHIFT_A,132,105,5,3,19,0
EMP0025,2025-09-17,SHIFT_A,135,95,4,1,16,0
EMP0025,2025-09-18,SHIFT_A,134,101,4,2,27,0
EMP0025,2025-09-19,SHIFT_A,115,82,3,1,15,0
EMP0025,2025-09-22,SHIFT_A,143,110,4,2,30,0
EMP0025,2025-09-23,SHIFT_A,111,88,4,2,8,0
EMP0025,2025-09-24,SHIFT_A,134,89,4,3,5,0
EMP0025,2025-09-25,SHIFT_A,136,99,5,2,27,0
EMP0025,2025-09-26,SHIFT_A,118,82,4,1,20,0
EMP0025,2025-09-29,SHIFT_A,147,114,5,3,16,0
EMP0025,2025-09-30,SHIFT_A,115,81,3,1,21,0
EMP0025,2025-10-01,SHIFT_A,128,87,4,3,22,0
EMP0025,2025-10-02,SHIFT_A,117,83,3,1,4,0
EMP0025,2025-10-03,SHIFT_A,115,83,3,2,18,0
EMP0025,2025-10-06,SHIFT_A,122,89,4,2,16,0
EMP0025,2025-10-07,SHIFT_A,131,107,4,2,22,0
EMP0025,2025-10-08,SHIFT_A,130,90,4,2,24,0
EMP0025,2025-10-09,SHIFT_A,134,98,5,3,46,0
EMP0025,2025-10-10,SHIFT_A,142,107,4,2,7,0
EMP0025,2025-10-13,SHIFT_A,119,95,4,2,18,0
EMP0025,2025-10-14,SHIFT_A,123,87,3,1,23,0
EMP0025,2025-10-15,SHIFT_A,112,83,3,2,30,0
EMP0025,2025-10-16,SHIFT_A,137,112,4,2,13,0
EMP0025,2025-10-17,SHIFT_A,127,89,4,2,29,0
EMP0025,2025-10-20,SHIFT_A,120,83,3,1,4,0
EMP0025,2025-10-21,SHIFT_A,125,96,4,1,11,0
EMP0025,2025-10-22,SHIFT_A,112,89,4,1,17,0
EMP0025,2025-10-23,SHIFT_A,116,82,3,1,21,0
EMP0025,2025-10-27,SHIFT_A,122,97,5,3,19,0
EMP0025,2025-10-28,SHIFT_A,141,100,4,1,25,0
EMP0025,2025-10-29,SHIFT_A,139,111,4,1,24,0
EMP0025,2025-10-30,SHIFT_A,117,91,4,2,14,0
EMP0025,2025-10-31,SHIFT_A,127,100,4,3,30,0
EMP0025,2025-11-03,SHIFT_A,111,77,4,2,16,0
EMP0025,2025-11-04,SHIFT_A,128,96,4,2,8,0
EMP0025,2025-11-05,SHIFT_A,131,99,5,3,52,0
EMP0025,2025-11-06,SHIFT_A,113,84,3,1,15,0
EMP0025,2025-11-07,SHIFT_A,117,87,3,2,30,0
EMP0025,2025-11-10,SHIFT_A,112,85,3,1,6,0
EMP0025,2025-11-11,SHIFT_A,145,102,4,2,0,0
EMP0025,2025-11-12,SHIFT_A,142,100,4,2,5,0
EMP0025,2025-11-13,SHIFT_A,110,81,3,2,15,1
EMP0025,2025-11-14,SHIFT_A,141,103,4,3,14,0
EMP0025,2025-11-17,SHIFT_A,127,94,4,2,22,0
EMP0025,2025-11-18,SHIFT_A,138,97,4,1,23,0
EMP0025,2025-11-19,SHIFT_A,146,104,5,3,0,0
EMP0025,2025-11-20,SHIFT_A,113,81,4,2,7,0
EMP0025,2025-11-21,SHIFT_A,119,93,4,1,22,0
EMP0025,2025-11-24,SHIFT_A,124,101,4,2,11,0
EMP0025,2025-11-25,SHIFT_A,146,106,4,2,3,0
EMP0025,2025-11-26,SHIFT_A,117,93,4,2,52,0
EMP0025,2025-11-27,SHIFT_A,137,101,5,3,18,0
EMP0025,2025-11-28,SHIFT_A,126,90,5,2,16,0
EMP0025,2025-12-01,SHIFT_A,111,85,4,2,20,0
EMP0025,2025-12-02,SHIFT_A,146,113,5,3,24,0
EMP0025,2025-12-04,SHIFT_A,120,83,3,1,14,0
EMP0025,2025-12-05,SHIFT_A,147,120,5,3,9,0
EMP0025,2025-12-08,SHIFT_A,142,110,4,3,3,0
EMP0025,2025-12-09,SHIFT_A,132,101,5,3,16,0
EMP0025,2025-12-10,SHIFT_A,141,112,6,2,2,0
EMP0025,2025-12-12,SHIFT_A,140,102,4,2,24,0
EMP0025,2025-12-15,SHIFT_A,120,90,4,2,14,0
EMP0025,2025-12-16,SHIFT_A,141,109,4,2,13,0
EMP0025,2025-12-17,SHIFT_A,143,112,6,3,22,0
EMP0025,2025-12-18,SHIFT_A,131,92,5,3,23,0
EMP0025,2025-12-19,SHIFT_A,121,85,4,3,29,0
EMP0025,2025-12-22,SHIFT_A,133,105,4,2,10,0
EMP0025,2025-12-23,SHIFT_A,132,101,5,2,11,0
EMP0025,2025-12-24,SHIFT_A,131,87,3,2,19,0
EMP0025,2025-12-26,SHIFT_A,116,92,4,2,3,0
EMP0025,2025-12-29,SHIFT_A,124,87,4,2,18,0
EMP0025,2025-12-30,SHIFT_A,137,97,4,2,11,0
EMP0025,2026-01-02,SHIFT_A,132,89,4,1,7,0
EMP0025,2026-01-05,SHIFT_A,118,93,4,3,50,0
EMP0025,2026-01-06,SHIFT_A,150,114,5,3,28,0
EMP0025,2026-01-07,SHIFT_A,135,107,4,2,0,0
EMP0025,2026-01-08,SHIFT_A,130,88,4,3,15,0
EMP0025,2026-01-09,SHIFT_A,143,107,4,2,11,0
EMP0025,2026-01-12,SHIFT_A,150,113,5,2,28,0
EMP0025,2026-01-13,SHIFT_A,114,87,4,3,25,0
EMP0025,2026-01-14,SHIFT_A,135,97,5,3,23,0
EMP0025,2026-01-15,SHIFT_A,146,99,4,2,7,0
EMP0025,2026-01-16,SHIFT_A,135,104,4,2,8,0
EMP0025,2026-01-19,SHIFT_A,142,111,6,3,28,0
EMP0025,2026-01-20,SHIFT_A,149,111,4,1,16,0
EMP0025,2026-01-21,SHIFT_A,140,108,5,2,11,0
EMP0025,2026-01-22,SHIFT_A,132,94,5,3,2,0
EMP0025,2026-01-23,SHIFT_A,131,103,4,2,28,0
EMP0025,2026-01-26,SHIFT_A,114,80,3,1,2,0
EMP0025,2026-01-27,SHIFT_A,137,98,4,2,9,0
EMP0025,2026-01-28,SHIFT_A,120,95,5,3,20,0
EMP0025,2026-01-29,SHIFT_A,149,104,4,1,12,0
EMP0025,2026-01-30,SHIFT_A,140,94,4,2,10,0
EMP0025,2026-02-02,SHIFT_A,130,96,4,3,6,0
EMP0025,2026-02-03,SHIFT_A,138,97,4,2,68,0
EMP0025,2026-02-05,SHIFT_A,130,105,5,2,26,0
EMP0025,2026-02-06,SHIFT_A,121,81,4,1,9,0
EMP0025,2026-02-09,SHIFT_A,150,119,5,3,5,0
EMP0025,2026-02-10,SHIFT_A,129,99,5,3,36,0
EMP0025,2026-02-11,SHIFT_A,140,100,4,2,25,0
EMP0025,2026-02-12,SHIFT_A,114,78,3,1,22,0
EMP0025,2026-02-13,SHIFT_A,114,83,3,1,22,0
EMP0025,2026-02-16,SHIFT_A,132,104,4,3,18,0
EMP0025,2026-02-17,SHIFT_A,130,87,3,2,13,0
EMP0025,2026-02-18,SHIFT_A,147,112,4,2,1,0
EMP0025,2026-02-19,SHIFT_A,132,105,4,2,7,0
EMP0025,2026-02-20,SHIFT_A,148,107,4,2,10,0
EMP0025,2026-02-23,SHIFT_A,132,105,5,3,25,0
EMP0025,2026-02-24,SHIFT_A,131,101,4,2,9,0
EMP0025,2026-02-25,SHIFT_A,124,92,4,2,16,0
EMP0025,2026-02-26,SHIFT_A,137,101,4,1,18,0
EMP0025,2026-02-27,SHIFT_A,120,98,4,1,9,0
EMP0025,2026-03-02,SHIFT_A,148,107,5,2,5,0
EMP0025,2026-03-03,SHIFT_A,140,103,4,1,32,0
EMP0025,2026-03-04,SHIFT_A,132,92,4,2,17,0
EMP0025,2026-03-05,SHIFT_A,110,78,4,3,18,0
EMP0025,2026-03-06,SHIFT_A,144,96,5,2,10,0
EMP0025,2026-03-10,SHIFT_A,131,105,5,2,4,0
EMP0025,2026-03-11,SHIFT_A,150,110,6,4,18,0
EMP0025,2026-03-12,SHIFT_A,133,101,4,2,7,0
EMP0025,2026-03-13,SHIFT_A,140,105,5,3,20,0
EMP0025,2026-03-16,SHIFT_A,137,97,5,2,3,0
EMP0025,2026-03-17,SHIFT_A,115,86,3,1,16,0
EMP0025,2026-03-18,SHIFT_A,116,78,3,2,61,0
EMP0025,2026-03-19,SHIFT_A,131,103,5,3,74,0
EMP0025,2026-03-23,SHIFT_A,130,97,4,2,28,0
EMP0025,2026-03-24,SHIFT_A,135,101,5,3,45,0
EMP0025,2026-03-25,SHIFT_A,141,105,4,2,22,0
EMP0025,2026-03-26,SHIFT_A,121,84,3,1,22,0
EMP0025,2026-03-27,SHIFT_A,118,81,4,2,6,0
EMP0025,2026-03-30,SHIFT_A,116,81,3,2,3,0
EMP0025,2026-03-31,SHIFT_A,141,101,5,2,7,0
EMP0025,2026-04-01,SHIFT_A,134,90,4,2,15,0
EMP0025,2026-04-02,SHIFT_A,125,94,4,2,21,0
EMP0025,2026-04-03,SHIFT_A,130,93,4,2,4,0
EMP0025,2026-04-06,SHIFT_A,145,107,4,2,18,0
EMP0025,2026-04-07,SHIFT_A,117,87,3,1,25,0
EMP0025,2026-04-08,SHIFT_A,141,100,5,2,39,0
EMP0025,2026-04-09,SHIFT_A,136,99,5,3,10,0
EMP0025,2026-04-10,SHIFT_A,132,106,4,2,10,0
EMP0025,2026-04-13,SHIFT_A,149,105,5,2,2,0
EMP0025,2026-04-14,SHIFT_A,136,109,4,2,17,0
EMP0025,2026-04-15,SHIFT_A,127,97,4,2,16,0
EMP0025,2026-04-16,SHIFT_A,116,91,5,4,26,0
EMP0025,2026-04-20,SHIFT_A,127,96,4,2,2,0
EMP0025,2026-04-21,SHIFT_A,142,97,4,1,16,0
EMP0025,2026-04-22,SHIFT_A,145,117,5,3,12,0
EMP0025,2026-04-23,SHIFT_A,150,120,6,2,49,0
EMP0025,2026-04-24,SHIFT_A,131,98,5,2,25,0
EMP0025,2026-04-27,SHIFT_A,148,119,5,3,13,0
EMP0025,2026-04-28,SHIFT_A,122,96,4,2,3,0
EMP0025,2026-04-29,SHIFT_A,129,104,4,2,13,0
EMP0025,2026-04-30,SHIFT_A,128,94,5,2,26,0
EMP0025,2026-05-04,SHIFT_A,134,98,4,1,5,0
EMP0025,2026-05-05,SHIFT_A,126,94,5,3,25,0
EMP0025,2026-05-06,SHIFT_A,139,100,4,2,5,0
EMP0025,2026-05-07,SHIFT_A,135,103,4,2,2,0
EMP0025,2026-05-08,SHIFT_A,115,89,4,2,62,0
EMP0025,2026-05-11,SHIFT_A,145,102,4,2,7,0
EMP0025,2026-05-12,SHIFT_A,127,101,4,2,22,0
EMP0025,2026-05-13,SHIFT_A,120,91,4,2,14,0
EMP0025,2026-05-14,SHIFT_A,149,108,5,2,20,0
EMP0025,2026-05-15,SHIFT_A,128,93,5,2,29,0
EMP0025,2026-05-18,SHIFT_A,147,102,4,2,21,0
EMP0025,2026-05-19,SHIFT_A,117,94,4,2,9,0
EMP0025,2026-05-20,SHIFT_A,121,89,4,2,54,0
EMP0025,2026-05-21,SHIFT_A,133,91,4,1,4,0
EMP0025,2026-05-22,SHIFT_A,144,115,5,2,20,0
EMP0025,2026-05-25,SHIFT_A,142,100,4,1,36,0
EMP0025,2026-05-26,SHIFT_A,150,103,4,2,8,0
EMP0025,2026-05-27,SHIFT_A,146,111,4,2,30,0
EMP0025,2026-05-28,SHIFT_A,127,101,4,2,12,0
EMP0025,2026-05-29,SHIFT_A,121,98,5,3,34,1
EMP0025,2026-06-01,SHIFT_A,117,80,3,1,5,0
EMP0025,2026-06-02,SHIFT_A,142,99,4,2,3,0
EMP0025,2026-06-03,SHIFT_A,145,99,4,2,65,0
EMP0025,2026-06-04,SHIFT_A,131,95,5,3,14,0
EMP0025,2026-06-05,SHIFT_A,130,106,4,2,10,0
EMP0025,2026-06-08,SHIFT_A,129,105,5,3,8,0
EMP0025,2026-06-09,SHIFT_A,114,76,3,2,8,0
EMP0025,2026-06-10,SHIFT_A,143,97,4,1,6,0
EMP0025,2026-06-11,SHIFT_A,110,88,4,2,21,0
EMP0025,2026-06-12,SHIFT_A,147,117,5,2,4,0
EMP0025,2026-06-15,SHIFT_A,147,114,5,3,25,0
EMP0025,2026-06-16,SHIFT_A,143,107,5,2,30,0
EMP0025,2026-06-17,SHIFT_A,120,96,4,3,4,0
EMP0025,2026-06-18,SHIFT_A,140,111,4,1,21,0
EMP0025,2026-06-19,SHIFT_A,123,88,4,2,4,0
EMP0025,2026-06-22,SHIFT_A,142,99,5,3,22,0
EMP0025,2026-06-23,SHIFT_A,110,88,4,1,24,0
EMP0025,2026-06-24,SHIFT_A,126,85,4,2,22,0
EMP0025,2026-06-25,SHIFT_A,141,104,5,2,1,0
EMP0025,2026-06-26,SHIFT_A,143,109,5,2,25,0
EMP0025,2026-06-29,SHIFT_A,139,105,4,3,20,0
EMP0025,2026-06-30,SHIFT_A,114,78,4,2,22,0
EMP0025,2026-07-01,SHIFT_A,138,107,4,3,29,0
EMP0025,2026-07-02,SHIFT_A,146,116,6,4,11,0
EMP0025,2026-07-03,SHIFT_A,146,102,4,2,1,0
EMP0025,2026-07-06,SHIFT_A,116,77,3,2,50,0
EMP0025,2026-07-07,SHIFT_A,129,104,5,3,26,0
EMP0025,2026-07-08,SHIFT_A,135,92,5,2,11,0
EMP0025,2026-07-09,SHIFT_A,138,103,4,1,4,0
EMP0025,2026-07-10,SHIFT_A,149,103,5,3,16,0
EMP0025,2026-07-13,SHIFT_A,128,99,4,1,17,0
EMP0025,2026-07-15,SHIFT_A,115,91,5,3,26,0
EMP0025,2026-07-16,SHIFT_A,136,99,4,3,24,0
EMP0025,2026-07-17,SHIFT_A,113,81,4,1,41,0
EMP0025,2026-07-20,SHIFT_A,137,101,4,3,27,0
EMP0025,2026-07-21,SHIFT_A,139,101,5,2,18,0
EMP0025,2026-07-22,SHIFT_A,111,90,4,2,2,0
EMP0025,2026-07-23,SHIFT_A,143,97,4,3,12,0
EMP0025,2026-07-24,SHIFT_A,111,76,3,2,61,0
EMP0025,2026-07-27,SHIFT_A,115,94,4,1,4,0
EMP0025,2026-07-28,SHIFT_A,112,76,3,2,10,0
EMP0025,2026-07-29,SHIFT_A,139,102,4,2,24,0
EMP0025,2026-07-30,SHIFT_A,117,86,4,2,30,0
EMP0025,2026-07-31,SHIFT_A,121,98,4,2,19,0
EMP0025,2026-08-03,SHIFT_A,115,77,4,1,48,0
EMP0025,2026-08-04,SHIFT_A,139,107,4,2,6,0
EMP0025,2026-08-05,SHIFT_A,128,93,4,3,0,0
EMP0025,2026-08-06,SHIFT_A,129,94,5,2,18,0
EMP0025,2026-08-07,SHIFT_A,125,98,5,3,19,0
EMP0025,2026-08-10,SHIFT_A,144,105,4,2,13,0
EMP0025,2026-08-11,SHIFT_A,122,85,3,2,18,0
EMP0025,2026-08-12,SHIFT_A,129,105,4,2,1,0
EMP0025,2026-08-13,SHIFT_A,147,112,4,2,24,0
EMP0025,2026-08-14,SHIFT_A,127,94,4,2,8,0
EMP0025,2026-08-17,SHIFT_A,129,95,4,2,16,0
EMP0025,2026-08-18,SHIFT_A,114,92,5,2,5,0
EMP0025,2026-08-19,SHIFT_A,134,102,5,3,4,1
EMP0025,2026-08-20,SHIFT_A,146,107,4,2,11,0
EMP0025,2026-08-21,SHIFT_A,140,105,5,2,25,0
EMP0025,2026-08-24,SHIFT_A,120,96,4,2,35,0
EMP0025,2026-08-25,SHIFT_A,138,95,4,2,0,0
EMP0025,2026-08-26,SHIFT_A,150,102,4,2,23,0
EMP0025,2026-08-27,SHIFT_A,131,93,4,2,30,0
EMP0025,2026-08-28,SHIFT_A,143,101,4,2,24,0
EMP0025,2026-08-31,SHIFT_A,125,98,4,2,18,0
EMP0025,2026-09-01,SHIFT_A,120,89,4,3,19,0
EMP0025,2026-09-02,SHIFT_A,142,115,5,2,27,0
EMP0025,2026-09-04,SHIFT_A,146,100,4,2,10,0
EMP0025,2026-09-07,SHIFT_A,150,120,5,2,24,0
EMP0025,2026-09-08,SHIFT_A,120,96,5,2,55,0
EMP0025,2026-09-09,SHIFT_A,129,94,5,2,4,1
EMP0025,2026-09-10,SHIFT_A,117,94,4,1,3,0
EMP0025,2026-09-11,SHIFT_A,120,95,4,2,21,0
EMP0026,2025-09-11,SHIFT_A,141,158,2,1,18,0
EMP0026,2025-09-12,SHIFT_A,134,148,1,1,7,0
EMP0026,2025-09-15,SHIFT_A,122,130,3,2,15,0
EMP0026,2025-09-16,SHIFT_A,112,121,1,0,8,0
EMP0026,2025-09-17,SHIFT_A,111,117,1,1,11,0
EMP0026,2025-09-18,SHIFT_A,124,149,1,0,25,0
EMP0026,2025-09-19,SHIFT_A,135,134,1,1,20,0
EMP0026,2025-09-22,SHIFT_A,133,157,2,1,26,0
EMP0026,2025-09-24,SHIFT_A,148,165,2,1,65,0
EMP0026,2025-09-25,SHIFT_A,150,175,4,3,22,0
EMP0026,2025-09-29,SHIFT_A,118,125,1,1,19,0
EMP0026,2025-09-30,SHIFT_A,140,162,2,1,4,0
EMP0026,2025-10-01,SHIFT_A,117,140,3,1,23,0
EMP0026,2025-10-02,SHIFT_A,130,147,3,2,11,0
EMP0026,2025-10-03,SHIFT_A,148,153,3,2,15,0
EMP0026,2025-10-06,SHIFT_A,125,134,1,1,30,0
EMP0026,2025-10-07,SHIFT_A,120,120,1,1,16,0
EMP0026,2025-10-08,SHIFT_A,138,146,1,0,59,0
EMP0026,2025-10-09,SHIFT_A,111,126,3,2,21,0
EMP0026,2025-10-10,SHIFT_A,147,155,3,2,10,0
EMP0026,2025-10-13,SHIFT_A,148,173,2,1,66,0
EMP0026,2025-10-14,SHIFT_A,135,155,2,1,18,0
EMP0026,2025-10-15,SHIFT_A,113,121,1,1,5,0
EMP0026,2025-10-16,SHIFT_A,113,129,1,1,11,0
EMP0026,2025-10-17,SHIFT_A,136,159,2,1,11,0
EMP0026,2025-10-20,SHIFT_A,133,130,3,1,55,0
EMP0026,2025-10-21,SHIFT_A,117,135,1,0,20,0
EMP0026,2025-10-22,SHIFT_A,113,134,1,1,26,0
EMP0026,2025-10-23,SHIFT_A,121,120,1,1,6,0
EMP0026,2025-10-24,SHIFT_A,127,144,3,1,1,0
EMP0026,2025-10-27,SHIFT_A,115,122,2,1,7,0
EMP0026,2025-10-28,SHIFT_A,148,163,2,1,17,0
EMP0026,2025-10-29,SHIFT_A,146,164,2,1,27,0
EMP0026,2025-10-30,SHIFT_A,145,160,2,1,21,0
EMP0026,2025-10-31,SHIFT_A,142,169,2,1,20,0
EMP0026,2025-11-03,SHIFT_A,147,168,3,2,3,0
EMP0026,2025-11-04,SHIFT_A,131,156,2,1,8,0
EMP0026,2025-11-05,SHIFT_A,122,137,1,1,5,0
EMP0026,2025-11-06,SHIFT_A,114,119,2,1,29,0
EMP0026,2025-11-07,SHIFT_A,144,146,3,1,26,0
EMP0026,2025-11-10,SHIFT_A,147,171,3,1,16,0
EMP0026,2025-11-11,SHIFT_A,142,167,3,1,68,0
EMP0026,2025-11-12,SHIFT_A,117,119,1,0,11,0
EMP0026,2025-11-13,SHIFT_A,140,146,1,1,27,0
EMP0026,2025-11-14,SHIFT_A,135,152,2,1,1,0
EMP0026,2025-11-17,SHIFT_A,115,129,3,2,7,0
EMP0026,2025-11-18,SHIFT_A,125,138,3,2,0,0
EMP0026,2025-11-19,SHIFT_A,115,130,1,0,7,0
EMP0026,2025-11-20,SHIFT_A,139,145,1,0,17,0
EMP0026,2025-11-21,SHIFT_A,140,145,1,1,20,0
EMP0026,2025-11-24,SHIFT_A,113,134,1,0,14,0
EMP0026,2025-11-25,SHIFT_A,135,132,1,0,1,0
EMP0026,2025-11-26,SHIFT_A,147,151,2,1,5,0
EMP0026,2025-11-27,SHIFT_A,118,136,3,1,11,0
EMP0026,2025-11-28,SHIFT_A,146,145,1,0,4,0
EMP0026,2025-12-01,SHIFT_A,110,128,1,1,21,0
EMP0026,2025-12-03,SHIFT_A,111,116,1,0,29,0
EMP0026,2025-12-04,SHIFT_A,133,144,1,1,74,0
EMP0026,2025-12-05,SHIFT_A,120,129,1,0,30,0
EMP0026,2025-12-08,SHIFT_A,136,157,2,1,28,0
EMP0026,2025-12-09,SHIFT_A,148,169,2,1,27,0
EMP0026,2025-12-10,SHIFT_A,125,134,3,1,4,0
EMP0026,2025-12-11,SHIFT_A,121,140,1,0,15,0
EMP0026,2025-12-12,SHIFT_A,114,128,3,1,24,0
EMP0026,2025-12-15,SHIFT_A,110,114,2,1,12,0
EMP0026,2025-12-16,SHIFT_A,141,157,3,1,6,0
EMP0026,2025-12-17,SHIFT_A,131,143,1,1,25,1
EMP0026,2025-12-18,SHIFT_A,119,136,3,1,2,0
EMP0026,2025-12-19,SHIFT_A,112,117,1,0,48,0
EMP0026,2025-12-22,SHIFT_A,147,160,2,1,24,0
EMP0026,2025-12-23,SHIFT_A,112,121,2,1,2,0
EMP0026,2025-12-24,SHIFT_A,129,129,1,0,29,0
EMP0026,2025-12-26,SHIFT_A,113,118,1,1,9,0
EMP0026,2025-12-29,SHIFT_A,139,158,2,1,17,0
EMP0026,2025-12-30,SHIFT_A,146,158,3,2,27,0
EMP0026,2026-01-02,SHIFT_A,122,128,1,1,24,0
EMP0026,2026-01-05,SHIFT_A,148,152,2,1,26,0
EMP0026,2026-01-06,SHIFT_A,117,135,1,1,50,0
EMP0026,2026-01-07,SHIFT_A,130,143,1,0,28,0
EMP0026,2026-01-08,SHIFT_A,148,155,3,1,30,0
EMP0026,2026-01-09,SHIFT_A,138,153,2,1,10,0
EMP0026,2026-01-12,SHIFT_A,125,131,3,1,15,0
EMP0026,2026-01-13,SHIFT_A,128,128,1,1,29,0
EMP0026,2026-01-14,SHIFT_A,140,150,3,1,46,0
EMP0026,2026-01-15,SHIFT_A,139,156,2,1,22,0
EMP0026,2026-01-16,SHIFT_A,121,133,1,0,5,0
EMP0026,2026-01-19,SHIFT_A,110,125,3,1,23,0
EMP0026,2026-01-20,SHIFT_A,118,116,1,1,19,0
EMP0026,2026-01-21,SHIFT_A,123,122,2,1,22,0
EMP0026,2026-01-22,SHIFT_A,130,143,3,2,8,0
EMP0026,2026-01-23,SHIFT_A,135,141,1,0,4,0
EMP0026,2026-01-26,SHIFT_A,133,149,1,1,25,0
EMP0026,2026-01-27,SHIFT_A,113,135,1,1,60,0
EMP0026,2026-01-28,SHIFT_A,142,153,2,1,30,0
EMP0026,2026-01-29,SHIFT_A,139,147,1,1,22,0
EMP0026,2026-02-02,SHIFT_A,133,152,2,1,72,0
EMP0026,2026-02-03,SHIFT_A,144,159,2,1,9,0
EMP0026,2026-02-05,SHIFT_A,137,136,1,1,18,0
EMP0026,2026-02-06,SHIFT_A,120,141,3,2,13,0
EMP0026,2026-02-09,SHIFT_A,117,125,1,0,17,0
EMP0026,2026-02-10,SHIFT_A,112,128,3,2,8,0
EMP0026,2026-02-11,SHIFT_A,116,134,1,0,14,0
EMP0026,2026-02-12,SHIFT_A,132,134,1,0,26,0
EMP0026,2026-02-16,SHIFT_A,115,127,1,0,64,0
EMP0026,2026-02-17,SHIFT_A,129,135,3,2,27,0
EMP0026,2026-02-18,SHIFT_A,129,145,3,2,5,0
EMP0026,2026-02-19,SHIFT_A,133,154,3,1,20,0
EMP0026,2026-02-20,SHIFT_A,116,137,1,0,14,0
EMP0026,2026-02-23,SHIFT_A,145,152,2,1,28,0
EMP0026,2026-02-24,SHIFT_A,117,138,1,0,1,0
EMP0026,2026-02-25,SHIFT_A,122,141,1,0,9,0
EMP0026,2026-02-26,SHIFT_A,124,147,1,0,10,0
EMP0026,2026-02-27,SHIFT_A,122,142,1,1,6,0
EMP0026,2026-03-02,SHIFT_A,133,139,1,0,33,0
EMP0026,2026-03-03,SHIFT_A,136,162,2,1,47,0
EMP0026,2026-03-04,SHIFT_A,119,140,1,0,8,0
EMP0026,2026-03-05,SHIFT_A,129,129,1,0,6,0
EMP0026,2026-03-06,SHIFT_A,121,137,3,2,8,0
EMP0026,2026-03-09,SHIFT_A,149,153,3,1,1,0
EMP0026,2026-03-10,SHIFT_A,130,140,1,0,16,0
EMP0026,2026-03-11,SHIFT_A,125,132,3,1,17,0
EMP0026,2026-03-12,SHIFT_A,140,156,2,1,19,0
EMP0026,2026-03-13,SHIFT_A,117,122,1,0,5,0
EMP0026,2026-03-16,SHIFT_A,120,123,2,1,25,0
EMP0026,2026-03-17,SHIFT_A,123,146,1,0,26,0
EMP0026,2026-03-18,SHIFT_A,142,167,2,1,25,0
EMP0026,2026-03-19,SHIFT_A,148,176,4,2,14,0
EMP0026,2026-03-20,SHIFT_A,120,123,2,1,24,0
EMP0026,2026-03-23,SHIFT_A,138,158,2,1,21,0
EMP0026,2026-03-24,SHIFT_A,114,122,1,1,72,0
EMP0026,2026-03-25,SHIFT_A,140,166,3,2,26,0
EMP0026,2026-03-26,SHIFT_A,137,158,3,2,5,0
EMP0026,2026-03-27,SHIFT_A,124,142,1,1,4,0
EMP0026,2026-03-30,SHIFT_A,142,169,3,1,19,0
EMP0026,2026-03-31,SHIFT_A,136,157,2,1,17,0
EMP0026,2026-04-01,SHIFT_A,128,137,1,0,3,0
EMP0026,2026-04-03,SHIFT_A,131,151,3,1,21,0
EMP0026,2026-04-06,SHIFT_A,149,156,2,1,14,0
EMP0026,2026-04-07,SHIFT_A,131,143,3,2,6,0
EMP0026,2026-04-08,SHIFT_A,126,137,3,1,11,0
EMP0026,2026-04-09,SHIFT_A,135,160,2,1,27,0
EMP0026,2026-04-10,SHIFT_A,124,132,1,1,13,0
EMP0026,2026-04-13,SHIFT_A,145,171,2,1,8,0
EMP0026,2026-04-14,SHIFT_A,148,150,3,1,9,0
EMP0026,2026-04-15,SHIFT_A,127,148,3,2,9,0
EMP0026,2026-04-16,SHIFT_A,145,161,2,1,18,0
EMP0026,2026-04-17,SHIFT_A,135,159,2,1,4,0
EMP0026,2026-04-20,SHIFT_A,139,141,3,1,4,0
EMP0026,2026-04-21,SHIFT_A,130,142,1,0,6,0
EMP0026,2026-04-22,SHIFT_A,115,115,2,1,19,0
EMP0026,2026-04-23,SHIFT_A,126,143,1,0,5,0
EMP0026,2026-04-24,SHIFT_A,132,151,2,1,30,0
EMP0026,2026-04-27,SHIFT_A,113,122,1,0,17,0
EMP0026,2026-04-28,SHIFT_A,111,111,1,1,30,0
EMP0026,2026-04-29,SHIFT_A,146,158,3,2,40,0
EMP0026,2026-04-30,SHIFT_A,128,137,1,0,18,0
EMP0026,2026-05-04,SHIFT_A,149,164,2,1,19,0
EMP0026,2026-05-05,SHIFT_A,111,129,3,2,18,0
EMP0026,2026-05-06,SHIFT_A,136,145,1,1,15,0
EMP0026,2026-05-07,SHIFT_A,127,145,1,1,29,0
EMP0026,2026-05-08,SHIFT_A,126,130,1,1,21,0
EMP0026,2026-05-11,SHIFT_A,139,136,3,2,2,0
EMP0026,2026-05-12,SHIFT_A,123,130,1,1,22,0
EMP0026,2026-05-13,SHIFT_A,112,114,1,0,13,0
EMP0026,2026-05-14,SHIFT_A,125,129,1,1,25,0
EMP0026,2026-05-15,SHIFT_A,140,156,2,1,27,0
EMP0026,2026-05-18,SHIFT_A,144,151,3,2,14,1
EMP0026,2026-05-19,SHIFT_A,141,148,1,1,24,0
EMP0026,2026-05-20,SHIFT_A,124,137,3,1,14,0
EMP0026,2026-05-21,SHIFT_A,117,136,1,0,2,0
EMP0026,2026-05-22,SHIFT_A,121,123,1,0,18,0
EMP0026,2026-05-25,SHIFT_A,127,140,3,1,30,0
EMP0026,2026-05-26,SHIFT_A,141,158,3,2,15,0
EMP0026,2026-05-27,SHIFT_A,129,141,1,1,2,0
EMP0026,2026-05-28,SHIFT_A,139,144,3,2,62,0
EMP0026,2026-05-29,SHIFT_A,115,119,2,1,66,0
EMP0026,2026-06-01,SHIFT_A,128,133,1,0,2,0
EMP0026,2026-06-02,SHIFT_A,118,132,3,1,57,0
EMP0026,2026-06-03,SHIFT_A,129,138,1,0,7,0
EMP0026,2026-06-04,SHIFT_A,132,147,1,1,30,0
EMP0026,2026-06-05,SHIFT_A,115,125,1,0,6,0
EMP0026,2026-06-08,SHIFT_A,118,139,3,1,3,0
EMP0026,2026-06-09,SHIFT_A,117,121,1,1,15,0
EMP0026,2026-06-10,SHIFT_A,117,138,1,1,27,0
EMP0026,2026-06-11,SHIFT_A,113,113,1,0,14,0
EMP0026,2026-06-12,SHIFT_A,129,149,1,1,5,0
EMP0026,2026-06-15,SHIFT_A,129,153,2,1,25,0
EMP0026,2026-06-16,SHIFT_A,118,116,2,1,27,0
EMP0026,2026-06-17,SHIFT_A,115,125,1,0,7,0
EMP0026,2026-06-18,SHIFT_A,117,133,1,0,44,0
EMP0026,2026-06-19,SHIFT_A,139,141,1,0,0,0
EMP0026,2026-06-22,SHIFT_A,147,149,3,1,12,0
EMP0026,2026-06-23,SHIFT_A,142,166,2,1,12,0
EMP0026,2026-06-24,SHIFT_A,125,138,1,0,13,0
EMP0026,2026-06-25,SHIFT_A,136,142,1,1,27,0
EMP0026,2026-06-26,SHIFT_A,122,134,1,1,15,0
EMP0026,2026-06-29,SHIFT_A,110,127,1,0,29,0
EMP0026,2026-06-30,SHIFT_A,126,143,1,1,13,0
EMP0026,2026-07-01,SHIFT_A,127,150,3,1,5,0
EMP0026,2026-07-02,SHIFT_A,149,159,2,1,16,0
EMP0026,2026-07-03,SHIFT_A,143,162,2,1,4,0
EMP0026,2026-07-06,SHIFT_A,148,153,2,1,23,0
EMP0026,2026-07-07,SHIFT_A,139,162,3,2,1,0
EMP0026,2026-07-08,SHIFT_A,148,166,2,1,39,0
EMP0026,2026-07-09,SHIFT_A,114,124,1,0,30,0
EMP0026,2026-07-10,SHIFT_A,139,141,3,2,17,0
EMP0026,2026-07-13,SHIFT_A,115,117,1,1,13,0
EMP0026,2026-07-14,SHIFT_A,139,155,2,1,30,0
EMP0026,2026-07-15,SHIFT_A,141,143,1,0,23,0
EMP0026,2026-07-16,SHIFT_A,125,139,3,2,1,0
EMP0026,2026-07-17,SHIFT_A,128,146,1,1,14,0
EMP0026,2026-07-20,SHIFT_A,119,136,3,2,0,0
EMP0026,2026-07-21,SHIFT_A,119,140,1,1,2,0
EMP0026,2026-07-22,SHIFT_A,140,151,2,1,12,0
EMP0026,2026-07-23,SHIFT_A,149,179,2,1,67,0
EMP0026,2026-07-24,SHIFT_A,133,158,3,1,30,0
EMP0026,2026-07-27,SHIFT_A,126,151,3,1,22,0
EMP0026,2026-07-28,SHIFT_A,125,125,1,0,26,0
EMP0026,2026-07-29,SHIFT_A,137,137,1,0,26,0
EMP0026,2026-07-30,SHIFT_A,133,142,1,0,11,0
EMP0026,2026-07-31,SHIFT_A,119,123,1,1,3,0
EMP0026,2026-08-03,SHIFT_A,119,136,1,1,12,0
EMP0026,2026-08-04,SHIFT_A,126,126,3,1,24,0
EMP0026,2026-08-05,SHIFT_A,115,114,1,0,24,0
EMP0026,2026-08-06,SHIFT_A,147,155,3,1,3,0
EMP0026,2026-08-07,SHIFT_A,148,168,2,1,6,0
EMP0026,2026-08-10,SHIFT_A,145,145,1,0,12,0
EMP0026,2026-08-12,SHIFT_A,113,121,2,1,5,0
EMP0026,2026-08-13,SHIFT_A,130,143,1,1,30,0
EMP0026,2026-08-14,SHIFT_A,144,151,3,2,30,0
EMP0026,2026-08-17,SHIFT_A,139,162,2,1,25,0
EMP0026,2026-08-18,SHIFT_A,135,143,1,0,23,0
EMP0026,2026-08-19,SHIFT_A,147,155,3,2,16,0
EMP0026,2026-08-20,SHIFT_A,131,147,1,0,10,0
EMP0026,2026-08-21,SHIFT_A,126,146,1,1,28,0
EMP0026,2026-08-24,SHIFT_A,124,135,3,1,30,0
EMP0026,2026-08-25,SHIFT_A,129,148,1,1,2,0
EMP0026,2026-08-26,SHIFT_A,129,134,3,1,25,0
EMP0026,2026-08-28,SHIFT_A,147,151,2,1,41,0
EMP0026,2026-09-01,SHIFT_A,111,129,3,1,15,0
EMP0026,2026-09-02,SHIFT_A,128,141,3,2,74,0
EMP0026,2026-09-03,SHIFT_A,143,151,2,1,11,0
EMP0026,2026-09-04,SHIFT_A,145,158,3,1,21,0
EMP0026,2026-09-07,SHIFT_A,144,171,2,1,15,0
EMP0026,2026-09-08,SHIFT_A,150,157,2,1,12,0
EMP0026,2026-09-09,SHIFT_A,116,125,1,0,26,0
EMP0026,2026-09-10,SHIFT_A,117,133,3,2,6,0
EMP0026,2026-09-11,SHIFT_A,121,129,1,0,23,0
EMP0027,2025-09-11,SHIFT_C,113,130,1,1,47,0
EMP0027,2025-09-12,SHIFT_C,117,130,1,1,30,0
EMP0027,2025-09-15,SHIFT_C,121,128,3,1,1,0
EMP0027,2025-09-16,SHIFT_C,121,128,1,1,50,0
EMP0027,2025-09-17,SHIFT_C,129,144,1,0,14,0
EMP0027,2025-09-18,SHIFT_C,144,150,2,1,8,0
EMP0027,2025-09-19,SHIFT_C,113,114,1,1,27,0
EMP0027,2025-09-22,SHIFT_C,135,140,1,1,22,0
EMP0027,2025-09-23,SHIFT_C,115,136,3,2,18,0
EMP0027,2025-09-24,SHIFT_C,113,123,2,1,26,0
EMP0027,2025-09-25,SHIFT_C,139,139,3,1,65,0
EMP0027,2025-09-26,SHIFT_C,134,151,3,2,6,0
EMP0027,2025-09-29,SHIFT_C,143,160,3,1,20,0
EMP0027,2025-09-30,SHIFT_C,114,124,2,1,30,0
EMP0027,2025-10-01,SHIFT_C,118,114,1,0,16,0
EMP0027,2025-10-02,SHIFT_C,112,130,3,2,13,0
EMP0027,2025-10-06,SHIFT_C,140,160,3,1,18,0
EMP0027,2025-10-07,SHIFT_C,147,158,3,1,18,0
EMP0027,2025-10-08,SHIFT_C,111,118,2,1,19,0
EMP0027,2025-10-09,SHIFT_C,132,139,1,0,3,0
EMP0027,2025-10-10,SHIFT_C,129,151,2,1,14,0
EMP0027,2025-10-13,SHIFT_C,146,141,1,1,6,0
EMP0027,2025-10-14,SHIFT_C,126,132,3,1,5,0
EMP0027,2025-10-15,SHIFT_C,141,156,2,1,45,0
EMP0027,2025-10-16,SHIFT_C,134,156,2,1,39,0
EMP0027,2025-10-17,SHIFT_C,126,123,1,0,0,0
EMP0027,2025-10-20,SHIFT_C,124,120,1,0,8,0
EMP0027,2025-10-21,SHIFT_C,129,135,3,2,8,0
EMP0027,2025-10-22,SHIFT_C,143,146,1,0,10,0
EMP0027,2025-10-23,SHIFT_C,134,154,3,1,3,0
EMP0027,2025-10-24,SHIFT_C,145,153,2,1,2,0
EMP0027,2025-10-27,SHIFT_C,131,149,3,1,22,0
EMP0027,2025-10-28,SHIFT_C,138,160,2,1,2,0
EMP0027,2025-10-29,SHIFT_C,126,123,1,1,2,0
EMP0027,2025-10-30,SHIFT_C,118,119,1,1,1,0
EMP0027,2025-10-31,SHIFT_C,122,127,1,0,24,0
EMP0027,2025-11-03,SHIFT_C,113,119,1,1,43,0
EMP0027,2025-11-04,SHIFT_C,141,155,2,1,64,0
EMP0027,2025-11-05,SHIFT_C,141,140,3,1,30,0
EMP0027,2025-11-06,SHIFT_C,119,134,1,1,2,1
EMP0027,2025-11-07,SHIFT_C,118,128,1,1,21,0
EMP0027,2025-11-10,SHIFT_C,143,159,2,1,28,0
EMP0027,2025-11-11,SHIFT_C,125,143,1,0,30,0
EMP0027,2025-11-12,SHIFT_C,114,121,1,1,25,0
EMP0027,2025-11-13,SHIFT_C,147,142,3,2,29,0
EMP0027,2025-11-14,SHIFT_C,143,145,3,2,3,0
EMP0027,2025-11-17,SHIFT_C,143,155,3,1,16,0
EMP0027,2025-11-18,SHIFT_C,138,157,2,1,30,0
EMP0027,2025-11-19,SHIFT_C,133,130,1,0,22,0
EMP0027,2025-11-20,SHIFT_C,141,162,2,1,11,0
EMP0027,2025-11-21,SHIFT_C,112,129,1,0,14,0
EMP0027,2025-11-24,SHIFT_C,133,140,1,1,21,0
EMP0027,2025-11-25,SHIFT_C,124,120,1,0,0,0
EMP0027,2025-11-26,SHIFT_C,134,159,3,1,13,0
EMP0027,2025-11-27,SHIFT_C,138,141,1,0,48,0
EMP0027,2025-11-28,SHIFT_C,131,144,1,0,29,0
EMP0027,2025-12-01,SHIFT_C,145,148,3,2,23,0
EMP0027,2025-12-02,SHIFT_C,130,130,1,1,17,0
EMP0027,2025-12-03,SHIFT_C,119,122,2,1,17,0
EMP0027,2025-12-04,SHIFT_C,122,118,2,1,1,0
EMP0027,2025-12-05,SHIFT_C,124,120,1,1,16,0
EMP0027,2025-12-08,SHIFT_C,115,123,1,1,23,0
EMP0027,2025-12-09,SHIFT_C,117,118,1,1,12,0
EMP0027,2025-12-10,SHIFT_C,135,148,1,0,13,0
EMP0027,2025-12-11,SHIFT_C,129,129,1,0,4,0
EMP0027,2025-12-12,SHIFT_C,132,142,1,1,11,0
EMP0027,2025-12-15,SHIFT_C,129,144,1,1,15,0
EMP0027,2025-12-16,SHIFT_C,115,129,1,0,1,0
EMP0027,2025-12-17,SHIFT_C,147,153,2,1,7,0
EMP0027,2025-12-18,SHIFT_C,144,158,2,1,12,0
EMP0027,2025-12-19,SHIFT_C,142,160,2,1,1,0
EMP0027,2025-12-22,SHIFT_C,122,129,1,0,28,0
EMP0027,2025-12-23,SHIFT_C,143,165,3,1,28,0
EMP0027,2025-12-24,SHIFT_C,141,143,1,0,16,0
EMP0027,2025-12-26,SHIFT_C,122,127,1,0,41,0
EMP0027,2025-12-29,SHIFT_C,111,123,1,0,5,0
EMP0027,2025-12-30,SHIFT_C,129,137,1,1,22,0
EMP0027,2026-01-02,SHIFT_C,150,174,2,1,29,0
EMP0027,2026-01-05,SHIFT_C,129,149,1,1,7,0
EMP0027,2026-01-06,SHIFT_C,122,133,1,1,8,0
EMP0027,2026-01-07,SHIFT_C,121,141,1,1,43,0
EMP0027,2026-01-08,SHIFT_C,143,160,2,1,25,0
EMP0027,2026-01-09,SHIFT_C,145,142,3,2,27,0
EMP0027,2026-01-12,SHIFT_C,133,149,1,0,15,0
EMP0027,2026-01-13,SHIFT_C,143,146,1,1,3,0
EMP0027,2026-01-14,SHIFT_C,126,130,3,2,2,0
EMP0027,2026-01-15,SHIFT_C,139,154,2,1,1,0
EMP0027,2026-01-16,SHIFT_C,148,145,1,1,18,0
EMP0027,2026-01-19,SHIFT_C,130,151,2,1,50,0
EMP0027,2026-01-20,SHIFT_C,119,132,1,1,59,0
EMP0027,2026-01-21,SHIFT_C,115,131,3,1,30,0
EMP0027,2026-01-22,SHIFT_C,142,144,1,0,15,0
EMP0027,2026-01-23,SHIFT_C,125,133,3,1,14,0
EMP0027,2026-01-26,SHIFT_C,142,157,3,1,27,0
EMP0027,2026-01-27,SHIFT_C,134,143,3,1,1,0
EMP0027,2026-01-28,SHIFT_C,138,154,3,2,30,0
EMP0027,2026-01-29,SHIFT_C,131,151,2,1,13,0
EMP0027,2026-01-30,SHIFT_C,112,112,2,1,3,0
EMP0027,2026-02-03,SHIFT_C,124,124,2,1,27,0
EMP0027,2026-02-05,SHIFT_C,116,132,1,1,12,0
EMP0027,2026-02-06,SHIFT_C,131,147,3,1,27,0
EMP0027,2026-02-09,SHIFT_C,127,135,1,1,3,0
EMP0027,2026-02-10,SHIFT_C,113,117,1,0,5,0
EMP0027,2026-02-11,SHIFT_C,112,127,3,1,3,0
EMP0027,2026-02-12,SHIFT_C,111,130,1,0,14,0
EMP0027,2026-02-13,SHIFT_C,129,137,3,2,22,0
EMP0027,2026-02-16,SHIFT_C,125,137,1,1,8,0
EMP0027,2026-02-17,SHIFT_C,143,166,2,1,30,0
EMP0027,2026-02-18,SHIFT_C,148,147,3,2,14,0
EMP0027,2026-02-19,SHIFT_C,115,120,1,1,10,0
EMP0027,2026-02-20,SHIFT_C,148,159,3,1,23,0
EMP0027,2026-02-23,SHIFT_C,111,128,1,0,26,0
EMP0027,2026-02-24,SHIFT_C,136,145,1,1,21,0
EMP0027,2026-02-25,SHIFT_C,127,137,3,1,10,0
EMP0027,2026-02-27,SHIFT_C,114,117,1,1,7,0
EMP0027,2026-03-02,SHIFT_C,148,156,2,1,14,0
EMP0027,2026-03-03,SHIFT_C,124,132,3,2,58,0
EMP0027,2026-03-04,SHIFT_C,135,151,3,1,17,0
EMP0027,2026-03-05,SHIFT_C,131,128,3,1,27,0
EMP0027,2026-03-06,SHIFT_C,130,153,2,1,15,0
EMP0027,2026-03-09,SHIFT_C,127,129,3,1,24,0
EMP0027,2026-03-10,SHIFT_C,122,139,1,1,30,0
EMP0027,2026-03-11,SHIFT_C,132,155,2,1,15,0
EMP0027,2026-03-12,SHIFT_C,126,133,1,1,17,0
EMP0027,2026-03-13,SHIFT_C,120,142,3,2,62,0
EMP0027,2026-03-16,SHIFT_C,124,144,1,1,11,0
EMP0027,2026-03-17,SHIFT_C,114,131,1,0,11,0
EMP0027,2026-03-18,SHIFT_C,147,160,2,1,13,0
EMP0027,2026-03-19,SHIFT_C,120,134,1,0,27,0
EMP0027,2026-03-20,SHIFT_C,145,151,2,1,28,1
EMP0027,2026-03-23,SHIFT_C,143,155,3,1,61,0
EMP0027,2026-03-24,SHIFT_C,120,128,3,2,14,0
EMP0027,2026-03-25,SHIFT_C,148,148,1,1,13,0
EMP0027,2026-03-26,SHIFT_C,143,151,2,1,18,0
EMP0027,2026-03-27,SHIFT_C,138,156,3,1,7,0
EMP0027,2026-03-30,SHIFT_C,126,138,1,0,5,0
EMP0027,2026-03-31,SHIFT_C,111,112,2,1,4,0
EMP0027,2026-04-01,SHIFT_C,131,134,3,1,22,0
EMP0027,2026-04-02,SHIFT_C,112,131,1,1,27,0
EMP0027,2026-04-03,SHIFT_C,112,130,3,2,18,0
EMP0027,2026-04-06,SHIFT_C,119,132,1,1,3,0
EMP0027,2026-04-07,SHIFT_C,148,174,2,1,16,0
EMP0027,2026-04-08,SHIFT_C,126,138,1,1,17,0
EMP0027,2026-04-09,SHIFT_C,146,156,2,1,21,0
EMP0027,2026-04-10,SHIFT_C,125,137,1,1,7,0
EMP0027,2026-04-13,SHIFT_C,138,152,2,1,20,0
EMP0027,2026-04-14,SHIFT_C,114,135,1,1,23,0
EMP0027,2026-04-15,SHIFT_C,124,129,1,0,23,0
EMP0027,2026-04-16,SHIFT_C,119,126,3,2,24,0
EMP0027,2026-04-17,SHIFT_C,133,146,1,0,26,0
EMP0027,2026-04-20,SHIFT_C,116,131,3,2,28,0
EMP0027,2026-04-21,SHIFT_C,140,140,1,0,53,0
EMP0027,2026-04-22,SHIFT_C,144,146,3,2,28,0
EMP0027,2026-04-23,SHIFT_C,118,122,2,1,13,0
EMP0027,2026-04-24,SHIFT_C,147,158,2,1,13,0
EMP0027,2026-04-27,SHIFT_C,132,134,3,2,16,0
EMP0027,2026-04-28,SHIFT_C,111,130,1,0,19,0
EMP0027,2026-04-29,SHIFT_C,149,144,3,2,2,0
EMP0027,2026-04-30,SHIFT_C,141,144,1,1,19,0
EMP0027,2026-05-04,SHIFT_C,116,125,1,0,5,0
EMP0027,2026-05-05,SHIFT_C,140,154,3,2,1,0
EMP0027,2026-05-06,SHIFT_C,116,122,1,1,16,0
EMP0027,2026-05-07,SHIFT_C,126,127,1,1,15,0
EMP0027,2026-05-08,SHIFT_C,149,156,2,1,18,0
EMP0027,2026-05-11,SHIFT_C,114,117,1,0,16,0
EMP0027,2026-05-12,SHIFT_C,122,126,1,0,3,0
EMP0027,2026-05-13,SHIFT_C,131,134,1,1,20,0
EMP0027,2026-05-14,SHIFT_C,117,121,2,1,8,0
EMP0027,2026-05-15,SHIFT_C,126,140,1,1,25,0
EMP0027,2026-05-18,SHIFT_C,117,113,2,1,32,0
EMP0027,2026-05-19,SHIFT_C,144,163,3,2,19,0
EMP0027,2026-05-20,SHIFT_C,149,165,3,1,8,0
EMP0027,2026-05-21,SHIFT_C,150,157,3,2,3,0
EMP0027,2026-05-22,SHIFT_C,110,126,1,0,23,0
EMP0027,2026-05-25,SHIFT_C,116,112,1,1,15,0
EMP0027,2026-05-26,SHIFT_C,111,123,2,1,12,0
EMP0027,2026-05-27,SHIFT_C,147,152,2,1,8,0
EMP0027,2026-05-28,SHIFT_C,135,144,3,2,2,0
EMP0027,2026-05-29,SHIFT_C,150,173,3,1,25,0
EMP0027,2026-06-01,SHIFT_C,144,141,3,1,27,0
EMP0027,2026-06-02,SHIFT_C,127,130,1,0,4,0
EMP0027,2026-06-03,SHIFT_C,119,122,2,1,2,0
EMP0027,2026-06-04,SHIFT_C,145,165,2,1,53,0
EMP0027,2026-06-05,SHIFT_C,148,161,3,2,27,0
EMP0027,2026-06-08,SHIFT_C,139,162,2,1,10,0
EMP0027,2026-06-09,SHIFT_C,117,132,1,1,1,0
EMP0027,2026-06-10,SHIFT_C,110,123,1,0,10,0
EMP0027,2026-06-11,SHIFT_C,141,147,1,1,65,0
EMP0027,2026-06-12,SHIFT_C,142,144,1,0,16,0
EMP0027,2026-06-15,SHIFT_C,111,115,1,0,19,0
EMP0027,2026-06-16,SHIFT_C,113,124,2,1,25,0
EMP0027,2026-06-17,SHIFT_C,128,127,1,0,26,0
EMP0027,2026-06-18,SHIFT_C,117,125,3,2,22,0
EMP0027,2026-06-19,SHIFT_C,112,124,2,1,6,0
EMP0027,2026-06-22,SHIFT_C,132,149,3,1,37,0
EMP0027,2026-06-23,SHIFT_C,149,148,1,0,17,0
EMP0027,2026-06-24,SHIFT_C,121,132,3,2,63,0
EMP0027,2026-06-25,SHIFT_C,143,143,1,1,17,0
EMP0027,2026-06-26,SHIFT_C,139,135,1,1,18,0
EMP0027,2026-06-29,SHIFT_C,117,126,1,0,24,0
EMP0027,2026-06-30,SHIFT_C,149,173,2,1,13,0
EMP0027,2026-07-01,SHIFT_C,120,128,3,1,22,0
EMP0027,2026-07-02,SHIFT_C,111,130,3,2,21,0
EMP0027,2026-07-03,SHIFT_C,123,134,1,1,0,0
EMP0027,2026-07-06,SHIFT_C,131,144,1,1,29,0
EMP0027,2026-07-07,SHIFT_C,125,136,3,1,20,0
EMP0027,2026-07-08,SHIFT_C,117,122,2,1,14,0
EMP0027,2026-07-09,SHIFT_C,132,145,1,0,21,0
EMP0027,2026-07-10,SHIFT_C,124,131,1,0,19,0
EMP0027,2026-07-13,SHIFT_C,148,166,2,1,28,0
EMP0027,2026-07-14,SHIFT_C,123,128,1,0,20,0
EMP0027,2026-07-15,SHIFT_C,123,143,1,1,28,0
EMP0027,2026-07-16,SHIFT_C,123,135,1,0,7,0
EMP0027,2026-07-17,SHIFT_C,120,124,1,1,12,0
EMP0027,2026-07-20,SHIFT_C,133,145,1,1,7,0
EMP0027,2026-07-21,SHIFT_C,134,153,3,2,12,0
EMP0027,2026-07-22,SHIFT_C,117,127,3,2,25,0
EMP0027,2026-07-23,SHIFT_C,125,132,1,0,6,0
EMP0027,2026-07-24,SHIFT_C,110,117,1,0,4,0
EMP0027,2026-07-27,SHIFT_C,144,169,3,2,25,0
EMP0027,2026-07-28,SHIFT_C,143,140,1,0,11,0
EMP0027,2026-07-29,SHIFT_C,135,154,2,1,21,0
EMP0027,2026-07-30,SHIFT_C,138,141,1,1,11,0
EMP0027,2026-07-31,SHIFT_C,128,139,1,1,26,0
EMP0027,2026-08-03,SHIFT_C,127,124,2,1,5,0
EMP0027,2026-08-04,SHIFT_C,144,160,2,1,3,0
EMP0027,2026-08-05,SHIFT_C,128,136,3,2,14,0
EMP0027,2026-08-06,SHIFT_C,125,122,2,1,1,0
EMP0027,2026-08-07,SHIFT_C,133,130,1,0,15,0
EMP0027,2026-08-10,SHIFT_C,140,154,2,1,28,0
EMP0027,2026-08-11,SHIFT_C,132,138,1,0,19,0
EMP0027,2026-08-12,SHIFT_C,134,156,2,1,41,0
EMP0027,2026-08-13,SHIFT_C,120,137,3,1,18,0
EMP0027,2026-08-14,SHIFT_C,133,156,2,1,23,0
EMP0027,2026-08-17,SHIFT_C,136,139,1,1,27,0
EMP0027,2026-08-18,SHIFT_C,114,117,2,1,12,0
EMP0027,2026-08-19,SHIFT_C,147,142,3,1,10,0
EMP0027,2026-08-20,SHIFT_C,132,139,1,0,25,0
EMP0027,2026-08-21,SHIFT_C,137,150,3,1,18,0
EMP0027,2026-08-24,SHIFT_C,111,130,3,1,2,0
EMP0027,2026-08-25,SHIFT_C,122,126,1,0,23,0
EMP0027,2026-08-26,SHIFT_C,150,165,2,1,16,0
EMP0027,2026-08-27,SHIFT_C,141,155,2,1,59,0
EMP0027,2026-08-28,SHIFT_C,141,161,3,2,17,0
EMP0027,2026-08-31,SHIFT_C,137,145,1,0,16,0
EMP0027,2026-09-01,SHIFT_C,149,175,2,1,2,0
EMP0027,2026-09-02,SHIFT_C,143,151,2,1,12,0
EMP0027,2026-09-03,SHIFT_C,127,135,1,1,10,0
EMP0027,2026-09-04,SHIFT_C,125,143,1,0,53,0
EMP0027,2026-09-07,SHIFT_C,116,114,2,1,26,0
EMP0027,2026-09-08,SHIFT_C,131,134,3,2,72,0
EMP0027,2026-09-09,SHIFT_C,114,112,2,1,0,0
EMP0027,2026-09-10,SHIFT_C,135,150,2,1,1,0
EMP0027,2026-09-11,SHIFT_C,133,140,1,0,17,0
EMP0028,2025-09-12,SHIFT_C,124,99,4,2,19,0
EMP0028,2025-09-15,SHIFT_C,122,93,4,3,15,0
EMP0028,2025-09-16,SHIFT_C,119,83,2,1,28,0
EMP0028,2025-09-17,SHIFT_C,140,113,5,2,30,0
EMP0028,2025-09-18,SHIFT_C,134,107,3,1,11,0
EMP0028,2025-09-19,SHIFT_C,140,112,3,2,30,0
EMP0028,2025-09-22,SHIFT_C,124,95,3,1,0,0
EMP0028,2025-09-23,SHIFT_C,113,78,2,1,9,0
EMP0028,2025-09-24,SHIFT_C,120,100,3,2,10,0
EMP0028,2025-09-25,SHIFT_C,111,81,2,1,29,0
EMP0028,2025-09-26,SHIFT_C,150,121,4,1,14,0
EMP0028,2025-09-29,SHIFT_C,146,110,4,2,3,0
EMP0028,2025-09-30,SHIFT_C,127,99,3,1,4,0
EMP0028,2025-10-01,SHIFT_C,128,98,3,2,23,0
EMP0028,2025-10-02,SHIFT_C,123,98,3,2,23,0
EMP0028,2025-10-03,SHIFT_C,134,107,3,1,6,0
EMP0028,2025-10-06,SHIFT_C,114,79,3,2,7,0
EMP0028,2025-10-07,SHIFT_C,113,93,3,2,19,0
EMP0028,2025-10-08,SHIFT_C,116,88,3,1,16,0
EMP0028,2025-10-09,SHIFT_C,114,95,4,2,8,0
EMP0028,2025-10-10,SHIFT_C,125,87,3,2,10,0
EMP0028,2025-10-13,SHIFT_C,129,91,3,2,9,0
EMP0028,2025-10-14,SHIFT_C,140,110,4,2,17,0
EMP0028,2025-10-16,SHIFT_C,137,111,3,1,70,0
EMP0028,2025-10-17,SHIFT_C,124,94,3,2,21,0
EMP0028,2025-10-20,SHIFT_C,140,100,3,2,30,0
EMP0028,2025-10-21,SHIFT_C,138,105,4,1,20,0
EMP0028,2025-10-22,SHIFT_C,150,108,3,2,8,0
EMP0028,2025-10-23,SHIFT_C,116,95,4,3,16,0
EMP0028,2025-10-24,SHIFT_C,112,77,2,1,20,0
EMP0028,2025-10-27,SHIFT_C,129,94,3,2,17,0
EMP0028,2025-10-28,SHIFT_C,119,92,3,2,25,1
EMP0028,2025-10-29,SHIFT_C,132,108,3,2,17,0
EMP0028,2025-10-30,SHIFT_C,126,91,3,1,17,0
EMP0028,2025-10-31,SHIFT_C,112,87,3,2,5,0
EMP0028,2025-11-03,SHIFT_C,129,101,3,2,14,0
EMP0028,2025-11-04,SHIFT_C,115,90,3,2,10,0
EMP0028,2025-11-05,SHIFT_C,137,98,3,1,18,0
EMP0028,2025-11-06,SHIFT_C,147,113,3,2,16,0
EMP0028,2025-11-07,SHIFT_C,110,88,3,2,30,0
EMP0028,2025-11-10,SHIFT_C,116,94,3,2,17,0
EMP0028,2025-11-11,SHIFT_C,141,105,3,2,27,0
EMP0028,2025-11-12,SHIFT_C,111,88,3,2,2,0
EMP0028,2025-11-13,SHIFT_C,113,92,4,3,8,0
EMP0028,2025-11-14,SHIFT_C,131,94,4,1,8,0
EMP0028,2025-11-17,SHIFT_C,124,92,4,1,9,0
EMP0028,2025-11-18,SHIFT_C,123,95,3,2,15,0
EMP0028,2025-11-19,SHIFT_C,130,92,3,2,20,0
EMP0028,2025-11-20,SHIFT_C,144,115,5,3,10,1
EMP0028,2025-11-21,SHIFT_C,115,91,4,2,25,0
EMP0028,2025-11-24,SHIFT_C,147,104,3,1,3,0
EMP0028,2025-11-25,SHIFT_C,116,85,3,1,2,0
EMP0028,2025-11-26,SHIFT_C,120,96,4,2,28,0
EMP0028,2025-11-27,SHIFT_C,149,111,4,2,29,0
EMP0028,2025-11-28,SHIFT_C,140,109,4,2,5,0
EMP0028,2025-12-01,SHIFT_C,116,85,3,2,14,0
EMP0028,2025-12-02,SHIFT_C,116,79,2,1,9,0
EMP0028,2025-12-03,SHIFT_C,114,87,3,2,24,0
EMP0028,2025-12-04,SHIFT_C,114,91,3,1,6,0
EMP0028,2025-12-05,SHIFT_C,136,109,3,2,56,0
EMP0028,2025-12-08,SHIFT_C,111,85,3,1,22,0
EMP0028,2025-12-09,SHIFT_C,125,98,3,2,9,0
EMP0028,2025-12-10,SHIFT_C,134,93,3,2,26,0
EMP0028,2025-12-11,SHIFT_C,133,102,4,3,15,0
EMP0028,2025-12-12,SHIFT_C,122,98,3,2,22,0
EMP0028,2025-12-15,SHIFT_C,130,88,3,1,21,0
EMP0028,2025-12-16,SHIFT_C,142,104,3,1,16,0
EMP0028,2025-12-17,SHIFT_C,128,92,3,1,5,0
EMP0028,2025-12-18,SHIFT_C,136,102,3,2,0,0
EMP0028,2025-12-19,SHIFT_C,126,95,3,2,8,0
EMP0028,2025-12-22,SHIFT_C,135,109,3,1,0,0
EMP0028,2025-12-23,SHIFT_C,138,109,3,2,27,0
EMP0028,2025-12-24,SHIFT_C,114,86,3,2,5,0
EMP0028,2025-12-26,SHIFT_C,133,99,4,3,24,0
EMP0028,2025-12-29,SHIFT_C,142,111,3,2,1,0
EMP0028,2025-12-30,SHIFT_C,112,83,2,1,29,0
EMP0028,2026-01-02,SHIFT_C,138,112,4,2,25,0
EMP0028,2026-01-05,SHIFT_C,135,111,3,2,3,0
EMP0028,2026-01-06,SHIFT_C,136,98,4,2,26,0
EMP0028,2026-01-07,SHIFT_C,121,87,3,1,4,0
EMP0028,2026-01-08,SHIFT_C,119,86,3,2,29,0
EMP0028,2026-01-12,SHIFT_C,115,84,3,1,63,0
EMP0028,2026-01-13,SHIFT_C,111,86,3,1,11,0
EMP0028,2026-01-14,SHIFT_C,117,91,3,2,9,0
EMP0028,2026-01-15,SHIFT_C,123,102,3,1,9,0
EMP0028,2026-01-16,SHIFT_C,135,105,4,3,54,0
EMP0028,2026-01-19,SHIFT_C,141,103,3,1,51,0
EMP0028,2026-01-20,SHIFT_C,150,120,4,2,23,0
EMP0028,2026-01-21,SHIFT_C,133,101,4,3,61,0
EMP0028,2026-01-22,SHIFT_C,132,100,4,1,27,0
EMP0028,2026-01-23,SHIFT_C,127,96,3,1,12,0
EMP0028,2026-01-26,SHIFT_C,150,110,4,3,9,0
EMP0028,2026-01-27,SHIFT_C,143,99,3,2,3,0
EMP0028,2026-01-28,SHIFT_C,117,86,3,1,7,0
EMP0028,2026-01-29,SHIFT_C,140,104,3,1,3,0
EMP0028,2026-01-30,SHIFT_C,146,118,5,3,21,0
EMP0028,2026-02-02,SHIFT_C,143,98,4,2,12,0
EMP0028,2026-02-03,SHIFT_C,122,93,3,2,75,0
EMP0028,2026-02-05,SHIFT_C,113,77,2,1,3,0
EMP0028,2026-02-06,SHIFT_C,122,87,3,1,3,0
EMP0028,2026-02-09,SHIFT_C,133,93,3,1,3,0
EMP0028,2026-02-10,SHIFT_C,112,77,2,1,3,0
EMP0028,2026-02-11,SHIFT_C,126,104,3,1,10,0
EMP0028,2026-02-12,SHIFT_C,126,99,3,1,21,0
EMP0028,2026-02-13,SHIFT_C,117,93,4,2,11,0
EMP0028,2026-02-16,SHIFT_C,147,115,5,2,27,0
EMP0028,2026-02-17,SHIFT_C,125,90,3,2,31,0
EMP0028,2026-02-18,SHIFT_C,129,101,4,2,2,0
EMP0028,2026-02-19,SHIFT_C,141,104,3,2,21,0
EMP0028,2026-02-20,SHIFT_C,135,109,3,2,45,0
EMP0028,2026-02-23,SHIFT_C,130,102,3,2,24,0
EMP0028,2026-02-24,SHIFT_C,128,98,3,2,12,0
EMP0028,2026-02-25,SHIFT_C,112,77,2,1,7,0
EMP0028,2026-02-26,SHIFT_C,131,105,3,1,0,0
EMP0028,2026-02-27,SHIFT_C,125,94,3,2,57,0
EMP0028,2026-03-02,SHIFT_C,142,109,3,2,12,0
EMP0028,2026-03-03,SHIFT_C,143,115,3,1,12,0
EMP0028,2026-03-04,SHIFT_C,117,87,3,2,21,1
EMP0028,2026-03-05,SHIFT_C,118,97,3,1,8,0
EMP0028,2026-03-06,SHIFT_C,150,103,4,1,10,0
EMP0028,2026-03-09,SHIFT_C,138,107,3,1,21,0
EMP0028,2026-03-10,SHIFT_C,125,88,3,1,10,0
EMP0028,2026-03-11,SHIFT_C,114,92,4,2,14,0
EMP0028,2026-03-12,SHIFT_C,150,122,4,2,28,0
EMP0028,2026-03-13,SHIFT_C,136,100,4,3,4,0
EMP0028,2026-03-16,SHIFT_C,147,103,4,2,29,0
EMP0028,2026-03-17,SHIFT_C,123,84,3,1,19,0
EMP0028,2026-03-18,SHIFT_C,129,102,3,2,22,0
EMP0028,2026-03-19,SHIFT_C,113,89,3,2,15,0
EMP0028,2026-03-20,SHIFT_C,147,103,4,1,20,0
EMP0028,2026-03-23,SHIFT_C,131,109,4,3,63,0
EMP0028,2026-03-24,SHIFT_C,136,102,4,2,13,0
EMP0028,2026-03-25,SHIFT_C,123,87,3,2,24,0
EMP0028,2026-03-26,SHIFT_C,126,104,4,2,9,0
EMP0028,2026-03-27,SHIFT_C,114,95,3,2,27,0
EMP0028,2026-03-30,SHIFT_C,143,108,3,2,22,0
EMP0028,2026-03-31,SHIFT_C,145,118,5,3,9,0
EMP0028,2026-04-01,SHIFT_C,148,122,4,2,12,0
EMP0028,2026-04-02,SHIFT_C,128,97,3,2,68,0
EMP0028,2026-04-03,SHIFT_C,129,101,4,1,37,0
EMP0028,2026-04-06,SHIFT_C,138,104,3,2,4,0
EMP0028,2026-04-07,SHIFT_C,120,83,3,1,25,0
EMP0028,2026-04-08,SHIFT_C,110,79,2,1,12,0
EMP0028,2026-04-09,SHIFT_C,131,100,3,2,21,0
EMP0028,2026-04-10,SHIFT_C,125,91,3,1,11,0
EMP0028,2026-04-13,SHIFT_C,150,121,4,3,24,0
EMP0028,2026-04-14,SHIFT_C,141,106,3,1,22,0
EMP0028,2026-04-15,SHIFT_C,135,106,4,2,27,0
EMP0028,2026-04-17,SHIFT_C,138,99,3,2,19,0
EMP0028,2026-04-20,SHIFT_C,131,99,4,3,9,1
EMP0028,2026-04-21,SHIFT_C,123,87,3,2,48,0
EMP0028,2026-04-22,SHIFT_C,138,109,3,1,21,0
EMP0028,2026-04-23,SHIFT_C,149,118,4,2,5,0
EMP0028,2026-04-24,SHIFT_C,141,106,3,2,60,0
EMP0028,2026-04-27,SHIFT_C,115,90,3,1,16,0
EMP0028,2026-04-28,SHIFT_C,146,109,4,2,50,0
EMP0028,2026-04-29,SHIFT_C,113,81,2,1,30,0
EMP0028,2026-04-30,SHIFT_C,132,106,3,1,23,0
EMP0028,2026-05-04,SHIFT_C,125,93,4,2,14,0
EMP0028,2026-05-05,SHIFT_C,121,99,3,1,19,0
EMP0028,2026-05-06,SHIFT_C,140,114,3,2,5,0
EMP0028,2026-05-07,SHIFT_C,120,91,3,2,16,0
EMP0028,2026-05-08,SHIFT_C,114,94,3,1,17,0
EMP0028,2026-05-11,SHIFT_C,113,84,3,1,17,0
EMP0028,2026-05-12,SHIFT_C,133,105,3,2,15,0
EMP0028,2026-05-13,SHIFT_C,143,117,4,3,39,0
EMP0028,2026-05-14,SHIFT_C,114,92,3,2,16,0
EMP0028,2026-05-15,SHIFT_C,126,103,3,1,30,0
EMP0028,2026-05-18,SHIFT_C,135,104,4,1,12,0
EMP0028,2026-05-19,SHIFT_C,144,112,3,2,16,0
EMP0028,2026-05-20,SHIFT_C,129,93,3,1,8,0
EMP0028,2026-05-21,SHIFT_C,137,106,3,2,18,0
EMP0028,2026-05-22,SHIFT_C,144,100,3,1,1,0
EMP0028,2026-05-25,SHIFT_C,138,108,3,2,5,0
EMP0028,2026-05-26,SHIFT_C,145,100,3,2,47,0
EMP0028,2026-05-27,SHIFT_C,138,99,3,2,18,0
EMP0028,2026-05-28,SHIFT_C,148,121,5,3,25,0
EMP0028,2026-05-29,SHIFT_C,150,104,3,1,29,0
EMP0028,2026-06-01,SHIFT_C,118,85,3,2,28,0
EMP0028,2026-06-02,SHIFT_C,134,106,3,1,10,0
EMP0028,2026-06-03,SHIFT_C,133,96,3,2,5,0
EMP0028,2026-06-04,SHIFT_C,124,90,4,2,24,0
EMP0028,2026-06-05,SHIFT_C,122,96,3,2,13,0
EMP0028,2026-06-08,SHIFT_C,116,79,3,1,28,0
EMP0028,2026-06-09,SHIFT_C,133,91,4,1,24,0
EMP0028,2026-06-10,SHIFT_C,125,104,4,2,22,0
EMP0028,2026-06-11,SHIFT_C,139,108,3,1,25,0
EMP0028,2026-06-12,SHIFT_C,135,95,3,2,33,0
EMP0028,2026-06-15,SHIFT_C,144,102,4,2,5,0
EMP0028,2026-06-16,SHIFT_C,122,83,3,1,16,0
EMP0028,2026-06-17,SHIFT_C,123,100,3,1,27,0
EMP0028,2026-06-18,SHIFT_C,126,86,3,2,22,0
EMP0028,2026-06-19,SHIFT_C,125,86,3,2,2,0
EMP0028,2026-06-22,SHIFT_C,131,96,3,2,29,0
EMP0028,2026-06-23,SHIFT_C,120,89,4,3,29,0
EMP0028,2026-06-25,SHIFT_C,118,80,2,1,13,0
EMP0028,2026-06-26,SHIFT_C,142,103,4,2,22,0
EMP0028,2026-06-29,SHIFT_C,124,94,4,2,4,0
EMP0028,2026-06-30,SHIFT_C,115,82,2,1,15,0
EMP0028,2026-07-01,SHIFT_C,124,90,4,2,29,0
EMP0028,2026-07-02,SHIFT_C,141,102,4,2,26,0
EMP0028,2026-07-03,SHIFT_C,135,111,3,2,27,0
EMP0028,2026-07-06,SHIFT_C,130,100,3,2,22,0
EMP0028,2026-07-07,SHIFT_C,127,103,4,2,22,0
EMP0028,2026-07-08,SHIFT_C,140,108,3,2,23,0
EMP0028,2026-07-09,SHIFT_C,114,86,3,2,26,0
EMP0028,2026-07-10,SHIFT_C,143,111,4,2,21,0
EMP0028,2026-07-13,SHIFT_C,116,93,3,1,19,0
EMP0028,2026-07-14,SHIFT_C,147,116,5,3,25,0
EMP0028,2026-07-15,SHIFT_C,122,86,3,2,19,0
EMP0028,2026-07-16,SHIFT_C,112,90,3,2,10,0
EMP0028,2026-07-17,SHIFT_C,150,120,4,2,28,0
EMP0028,2026-07-20,SHIFT_C,120,82,2,1,10,0
EMP0028,2026-07-21,SHIFT_C,116,85,3,1,13,0
EMP0028,2026-07-22,SHIFT_C,126,99,3,1,11,0
EMP0028,2026-07-23,SHIFT_C,132,110,3,2,30,0
EMP0028,2026-07-24,SHIFT_C,125,90,3,1,5,0
EMP0028,2026-07-27,SHIFT_C,146,104,4,2,2,0
EMP0028,2026-07-29,SHIFT_C,148,117,5,3,6,0
EMP0028,2026-07-30,SHIFT_C,116,90,3,1,7,0
EMP0028,2026-07-31,SHIFT_C,146,100,4,2,29,1
EMP0028,2026-08-03,SHIFT_C,114,90,3,2,19,0
EMP0028,2026-08-04,SHIFT_C,129,91,3,2,7,0
EMP0028,2026-08-05,SHIFT_C,135,112,4,1,18,0
EMP0028,2026-08-06,SHIFT_C,139,98,3,1,15,0
EMP0028,2026-08-07,SHIFT_C,149,120,4,3,29,0
EMP0028,2026-08-10,SHIFT_C,131,95,4,2,60,0
EMP0028,2026-08-11,SHIFT_C,142,110,3,2,20,0
EMP0028,2026-08-12,SHIFT_C,112,83,2,1,17,0
EMP0028,2026-08-14,SHIFT_C,129,96,3,1,26,0
EMP0028,2026-08-17,SHIFT_C,150,106,3,1,10,0
EMP0028,2026-08-18,SHIFT_C,120,99,3,1,10,0
EMP0028,2026-08-19,SHIFT_C,126,88,3,1,24,0
EMP0028,2026-08-20,SHIFT_C,115,92,4,3,17,0
EMP0028,2026-08-21,SHIFT_C,113,91,4,2,69,0
EMP0028,2026-08-24,SHIFT_C,144,101,3,2,0,0
EMP0028,2026-08-25,SHIFT_C,136,98,3,1,12,0
EMP0028,2026-08-26,SHIFT_C,131,89,4,2,10,0
EMP0028,2026-08-27,SHIFT_C,114,93,4,2,16,0
EMP0028,2026-08-28,SHIFT_C,111,76,2,1,67,0
EMP0028,2026-08-31,SHIFT_C,111,81,3,2,50,0
EMP0028,2026-09-01,SHIFT_C,116,80,2,1,75,0
EMP0028,2026-09-02,SHIFT_C,111,85,3,1,2,0
EMP0028,2026-09-03,SHIFT_C,136,109,3,1,28,0
EMP0028,2026-09-04,SHIFT_C,131,97,3,1,13,0
EMP0028,2026-09-07,SHIFT_C,142,107,4,3,2,0
EMP0028,2026-09-08,SHIFT_C,128,90,3,1,22,0
EMP0028,2026-09-09,SHIFT_C,130,89,3,2,17,0
EMP0028,2026-09-10,SHIFT_C,129,100,4,3,17,0
EMP0028,2026-09-11,SHIFT_C,114,83,3,2,28,0
EMP0029,2025-12-15,SHIFT_C,147,60,5,3,51,0
EMP0029,2025-12-16,SHIFT_C,138,57,4,2,71,0
EMP0029,2025-12-17,SHIFT_C,122,53,4,3,1,0
EMP0029,2025-12-18,SHIFT_C,138,66,5,3,30,0
EMP0029,2025-12-19,SHIFT_C,129,55,4,2,37,0
EMP0029,2025-12-22,SHIFT_C,118,50,4,2,60,0
EMP0029,2025-12-23,SHIFT_C,134,59,5,2,53,0
EMP0029,2025-12-24,SHIFT_C,139,66,5,3,53,0
EMP0029,2025-12-26,SHIFT_C,145,70,5,3,39,0
EMP0029,2025-12-29,SHIFT_C,148,61,4,2,24,0
EMP0029,2025-12-30,SHIFT_C,112,51,4,3,21,0
EMP0029,2026-01-02,SHIFT_C,135,58,4,2,4,0
EMP0029,2026-01-05,SHIFT_C,123,53,4,2,12,0
EMP0029,2026-01-06,SHIFT_C,140,62,5,3,6,0
EMP0029,2026-01-07,SHIFT_C,115,55,4,3,16,0
EMP0029,2026-01-08,SHIFT_C,137,62,4,3,15,0
EMP0029,2026-01-09,SHIFT_C,141,58,5,3,23,0
EMP0029,2026-01-12,SHIFT_C,121,49,4,1,3,0
EMP0029,2026-01-13,SHIFT_C,124,60,4,2,8,0
EMP0029,2026-01-14,SHIFT_C,115,52,4,3,13,0
EMP0029,2026-01-15,SHIFT_C,148,66,5,3,42,0
EMP0029,2026-01-16,SHIFT_C,148,63,5,3,4,0
EMP0029,2026-01-19,SHIFT_C,130,55,4,2,2,0
EMP0029,2026-01-20,SHIFT_C,148,73,6,3,6,0
EMP0029,2026-01-21,SHIFT_C,119,55,4,2,8,0
EMP0029,2026-01-22,SHIFT_C,137,56,4,2,3,0
EMP0029,2026-01-23,SHIFT_C,143,58,4,3,22,0
EMP0029,2026-01-26,SHIFT_C,119,52,4,1,25,0
EMP0029,2026-01-27,SHIFT_C,134,62,4,1,25,0
EMP0029,2026-01-28,SHIFT_C,110,51,4,2,46,0
EMP0029,2026-01-29,SHIFT_C,115,50,4,2,15,0
EMP0029,2026-01-30,SHIFT_C,150,74,5,3,11,0
EMP0029,2026-02-02,SHIFT_C,112,50,4,2,13,0
EMP0029,2026-02-03,SHIFT_C,128,53,4,2,14,0
EMP0029,2026-02-05,SHIFT_C,131,60,5,2,3,0
EMP0029,2026-02-06,SHIFT_C,110,54,4,2,12,0
EMP0029,2026-02-09,SHIFT_C,150,74,5,3,1,0
EMP0029,2026-02-10,SHIFT_C,111,45,3,1,19,0
EMP0029,2026-02-11,SHIFT_C,128,58,4,3,65,0
EMP0029,2026-02-12,SHIFT_C,138,58,4,2,20,0
EMP0029,2026-02-13,SHIFT_C,115,54,4,1,15,0
EMP0029,2026-02-16,SHIFT_C,126,53,4,2,19,0
EMP0029,2026-02-17,SHIFT_C,128,55,4,1,0,0
EMP0029,2026-02-18,SHIFT_C,147,62,5,2,18,0
EMP0029,2026-02-19,SHIFT_C,146,71,6,3,30,0
EMP0029,2026-02-20,SHIFT_C,137,59,4,1,21,0
EMP0029,2026-02-23,SHIFT_C,130,55,4,2,45,0
EMP0029,2026-02-24,SHIFT_C,129,60,4,1,12,0
EMP0029,2026-02-25,SHIFT_C,123,52,4,2,64,0
EMP0029,2026-02-26,SHIFT_C,118,49,3,1,22,0
EMP0029,2026-02-27,SHIFT_C,133,66,5,3,20,0
EMP0029,2026-03-02,SHIFT_C,122,56,4,2,16,0
EMP0029,2026-03-03,SHIFT_C,144,67,5,2,29,0
EMP0029,2026-03-04,SHIFT_C,137,66,5,3,11,0
EMP0029,2026-03-05,SHIFT_C,138,66,5,2,23,1
EMP0029,2026-03-06,SHIFT_C,123,60,4,3,25,0
EMP0029,2026-03-09,SHIFT_C,133,63,4,1,46,0
EMP0029,2026-03-10,SHIFT_C,140,67,5,3,14,0
EMP0029,2026-03-11,SHIFT_C,145,67,5,3,14,0
EMP0029,2026-03-12,SHIFT_C,134,58,4,2,19,0
EMP0029,2026-03-13,SHIFT_C,140,58,5,2,25,0
EMP0029,2026-03-16,SHIFT_C,130,59,4,3,26,0
EMP0029,2026-03-17,SHIFT_C,116,49,3,2,9,0
EMP0029,2026-03-18,SHIFT_C,122,54,4,1,24,0
EMP0029,2026-03-19,SHIFT_C,127,61,5,2,24,0
EMP0029,2026-03-20,SHIFT_C,134,59,4,2,5,0
EMP0029,2026-03-23,SHIFT_C,130,55,4,3,40,0
EMP0029,2026-03-24,SHIFT_C,145,69,5,3,6,0
EMP0029,2026-03-25,SHIFT_C,135,60,5,3,25,0
EMP0029,2026-03-27,SHIFT_C,125,61,4,2,50,0
EMP0029,2026-03-30,SHIFT_C,121,59,5,3,74,0
EMP0029,2026-03-31,SHIFT_C,126,60,4,2,26,0
EMP0029,2026-04-01,SHIFT_C,142,66,5,2,4,0
EMP0029,2026-04-02,SHIFT_C,127,53,4,2,7,0
EMP0029,2026-04-03,SHIFT_C,141,66,5,2,3,0
EMP0029,2026-04-06,SHIFT_C,118,57,4,1,27,0
EMP0029,2026-04-07,SHIFT_C,129,55,4,3,20,0
EMP0029,2026-04-08,SHIFT_C,133,54,4,2,12,0
EMP0029,2026-04-09,SHIFT_C,127,59,4,3,2,0
EMP0029,2026-04-10,SHIFT_C,149,62,5,2,34,0
EMP0029,2026-04-13,SHIFT_C,134,64,5,3,2,0
EMP0029,2026-04-14,SHIFT_C,141,66,5,3,16,0
EMP0029,2026-04-15,SHIFT_C,127,60,4,2,21,0
EMP0029,2026-04-16,SHIFT_C,117,54,4,2,19,0
EMP0029,2026-04-17,SHIFT_C,114,50,4,2,19,0
EMP0029,2026-04-20,SHIFT_C,137,56,4,2,14,0
EMP0029,2026-04-21,SHIFT_C,118,51,4,2,20,0
EMP0029,2026-04-22,SHIFT_C,148,60,4,2,23,0
EMP0029,2026-04-23,SHIFT_C,127,61,5,3,73,0
EMP0029,2026-04-24,SHIFT_C,122,59,5,3,9,0
EMP0029,2026-04-27,SHIFT_C,112,52,4,1,12,0
EMP0029,2026-04-28,SHIFT_C,136,55,4,2,20,0
EMP0029,2026-04-29,SHIFT_C,146,68,5,3,15,0
EMP0029,2026-04-30,SHIFT_C,116,56,4,2,7,0
EMP0029,2026-05-04,SHIFT_C,112,46,4,2,9,0
EMP0029,2026-05-05,SHIFT_C,137,62,5,3,24,0
EMP0029,2026-05-06,SHIFT_C,149,63,4,2,20,0
EMP0029,2026-05-07,SHIFT_C,127,61,4,2,10,0
EMP0029,2026-05-08,SHIFT_C,136,67,5,3,73,0
EMP0029,2026-05-11,SHIFT_C,124,55,4,3,2,0
EMP0029,2026-05-12,SHIFT_C,119,58,4,2,30,0
EMP0029,2026-05-13,SHIFT_C,147,64,5,3,1,0
EMP0029,2026-05-14,SHIFT_C,125,55,4,3,48,0
EMP0029,2026-05-15,SHIFT_C,140,69,5,2,9,0
EMP0029,2026-05-18,SHIFT_C,126,62,4,1,9,0
EMP0029,2026-05-19,SHIFT_C,116,51,4,3,8,0
EMP0029,2026-05-20,SHIFT_C,149,65,5,3,5,0
EMP0029,2026-05-21,SHIFT_C,123,57,5,3,29,0
EMP0029,2026-05-22,SHIFT_C,144,62,4,1,6,0
EMP0029,2026-05-25,SHIFT_C,116,49,4,2,14,0
EMP0029,2026-05-26,SHIFT_C,125,60,5,2,20,0
EMP0029,2026-05-27,SHIFT_C,132,65,5,2,15,0
EMP0029,2026-05-29,SHIFT_C,145,64,4,3,27,0
EMP0029,2026-06-01,SHIFT_C,125,62,4,3,19,0
EMP0029,2026-06-02,SHIFT_C,147,61,4,1,25,0
EMP0029,2026-06-03,SHIFT_C,139,67,5,2,30,0
EMP0029,2026-06-04,SHIFT_C,139,66,5,3,13,0
EMP0029,2026-06-05,SHIFT_C,149,60,4,2,19,0
EMP0029,2026-06-08,SHIFT_C,144,66,5,3,16,0
EMP0029,2026-06-09,SHIFT_C,129,63,4,3,23,0
EMP0029,2026-06-10,SHIFT_C,124,54,4,1,9,0
EMP0029,2026-06-11,SHIFT_C,116,57,5,3,6,0
EMP0029,2026-06-12,SHIFT_C,110,47,4,1,19,0
EMP0029,2026-06-15,SHIFT_C,146,63,4,1,14,0
EMP0029,2026-06-16,SHIFT_C,118,55,4,3,0,0
EMP0029,2026-06-17,SHIFT_C,139,66,5,2,8,0
EMP0029,2026-06-18,SHIFT_C,110,46,4,3,18,0
EMP0029,2026-06-19,SHIFT_C,131,58,5,4,13,0
EMP0029,2026-06-22,SHIFT_C,135,57,4,2,23,0
EMP0029,2026-06-23,SHIFT_C,140,57,5,3,23,0
EMP0029,2026-06-24,SHIFT_C,120,54,4,2,58,0
EMP0029,2026-06-25,SHIFT_C,120,49,4,2,23,0
EMP0029,2026-06-26,SHIFT_C,112,55,4,2,7,0
EMP0029,2026-06-29,SHIFT_C,116,52,4,1,10,0
EMP0029,2026-06-30,SHIFT_C,111,53,4,3,3,0
EMP0029,2026-07-01,SHIFT_C,126,62,5,3,32,0
EMP0029,2026-07-02,SHIFT_C,141,67,5,2,8,0
EMP0029,2026-07-03,SHIFT_C,147,62,5,3,30,0
EMP0029,2026-07-06,SHIFT_C,120,51,4,2,21,0
EMP0029,2026-07-07,SHIFT_C,133,61,4,2,0,0
EMP0029,2026-07-08,SHIFT_C,126,60,5,2,29,0
EMP0029,2026-07-09,SHIFT_C,118,49,3,1,0,0
EMP0029,2026-07-10,SHIFT_C,133,62,4,2,70,0
EMP0029,2026-07-13,SHIFT_C,137,61,4,2,33,0
EMP0029,2026-07-14,SHIFT_C,139,63,4,1,29,0
EMP0029,2026-07-15,SHIFT_C,142,69,5,2,25,0
EMP0029,2026-07-16,SHIFT_C,129,57,5,2,13,0
EMP0029,2026-07-17,SHIFT_C,125,62,5,3,23,0
EMP0029,2026-07-20,SHIFT_C,133,64,5,3,21,0
EMP0029,2026-07-21,SHIFT_C,142,60,4,2,11,0
EMP0029,2026-07-22,SHIFT_C,134,56,4,2,25,0
EMP0029,2026-07-23,SHIFT_C,125,54,4,3,26,0
EMP0029,2026-07-24,SHIFT_C,147,61,4,2,9,0
EMP0029,2026-07-27,SHIFT_C,135,61,4,2,19,0
EMP0029,2026-07-28,SHIFT_C,135,63,5,2,10,0
EMP0029,2026-07-29,SHIFT_C,148,73,5,3,10,0
EMP0029,2026-07-30,SHIFT_C,142,66,5,3,55,0
EMP0029,2026-07-31,SHIFT_C,128,54,4,2,3,0
EMP0029,2026-08-03,SHIFT_C,125,56,4,2,0,0
EMP0029,2026-08-04,SHIFT_C,121,56,4,3,41,0
EMP0029,2026-08-05,SHIFT_C,146,63,4,3,0,0
EMP0029,2026-08-06,SHIFT_C,127,62,4,2,20,0
EMP0029,2026-08-07,SHIFT_C,149,65,5,2,21,0
EMP0029,2026-08-10,SHIFT_C,139,57,4,2,70,0
EMP0029,2026-08-11,SHIFT_C,138,58,4,1,5,0
EMP0029,2026-08-12,SHIFT_C,134,65,5,3,11,0
EMP0029,2026-08-13,SHIFT_C,118,54,4,3,0,0
EMP0029,2026-08-14,SHIFT_C,147,71,5,3,19,0
EMP0029,2026-08-17,SHIFT_C,147,71,5,2,24,0
EMP0029,2026-08-18,SHIFT_C,149,66,5,2,1,0
EMP0029,2026-08-19,SHIFT_C,137,57,4,3,2,0
EMP0029,2026-08-20,SHIFT_C,145,69,5,2,66,0
EMP0029,2026-08-21,SHIFT_C,131,56,4,1,29,0
EMP0029,2026-08-24,SHIFT_C,146,64,4,2,2,0
EMP0029,2026-08-25,SHIFT_C,135,63,4,3,22,0
EMP0029,2026-08-26,SHIFT_C,124,58,4,3,27,0
EMP0029,2026-08-27,SHIFT_C,116,47,3,2,16,0
EMP0029,2026-08-28,SHIFT_C,139,63,5,2,18,0
EMP0029,2026-08-31,SHIFT_C,142,61,4,2,13,0
EMP0029,2026-09-01,SHIFT_C,137,61,4,3,20,0
EMP0029,2026-09-02,SHIFT_C,137,63,5,2,10,0
EMP0029,2026-09-03,SHIFT_C,149,73,5,2,29,0
EMP0029,2026-09-04,SHIFT_C,122,56,4,3,14,0
EMP0029,2026-09-07,SHIFT_C,137,64,4,2,5,0
EMP0029,2026-09-08,SHIFT_C,127,56,4,3,17,0
EMP0029,2026-09-09,SHIFT_C,144,66,5,2,10,0
EMP0029,2026-09-10,SHIFT_C,110,54,4,2,24,0
EMP0029,2026-09-11,SHIFT_C,127,62,5,2,23,0
EMP0030,2025-09-11,SHIFT_C,126,66,4,2,12,0
EMP0030,2025-09-12,SHIFT_C,147,77,5,3,2,0
EMP0030,2025-09-15,SHIFT_C,124,61,4,2,17,0
EMP0030,2025-09-16,SHIFT_C,118,52,3,1,30,0
EMP0030,2025-09-17,SHIFT_C,146,64,4,2,4,0
EMP0030,2025-09-18,SHIFT_C,150,70,4,3,9,0
EMP0030,2025-09-19,SHIFT_C,117,54,4,3,7,0
EMP0030,2025-09-22,SHIFT_C,136,71,4,2,23,0
EMP0030,2025-09-23,SHIFT_C,110,57,3,2,58,0
EMP0030,2025-09-24,SHIFT_C,116,60,4,3,18,0
EMP0030,2025-09-25,SHIFT_C,142,73,4,2,15,0
EMP0030,2025-09-26,SHIFT_C,123,59,4,2,15,0
EMP0030,2025-09-29,SHIFT_C,115,53,3,2,20,0
EMP0030,2025-09-30,SHIFT_C,139,65,4,2,25,0
EMP0030,2025-10-01,SHIFT_C,114,55,3,2,21,0
EMP0030,2025-10-02,SHIFT_C,118,55,3,1,47,0
EMP0030,2025-10-03,SHIFT_C,146,75,5,3,22,0
EMP0030,2025-10-06,SHIFT_C,135,65,4,3,10,0
EMP0030,2025-10-07,SHIFT_C,132,69,5,3,61,0
EMP0030,2025-10-08,SHIFT_C,129,60,4,3,5,0
EMP0030,2025-10-09,SHIFT_C,115,51,3,1,10,0
EMP0030,2025-10-10,SHIFT_C,146,69,4,1,20,0
EMP0030,2025-10-13,SHIFT_C,136,59,4,2,28,0
EMP0030,2025-10-14,SHIFT_C,144,68,4,2,29,0
EMP0030,2025-10-15,SHIFT_C,124,56,3,1,5,0
EMP0030,2025-10-16,SHIFT_C,129,56,3,1,25,0
EMP0030,2025-10-17,SHIFT_C,115,60,4,2,19,0
EMP0030,2025-10-20,SHIFT_C,130,63,4,2,18,0
EMP0030,2025-10-21,SHIFT_C,144,63,4,2,9,0
EMP0030,2025-10-22,SHIFT_C,132,62,4,2,17,0
EMP0030,2025-10-23,SHIFT_C,131,68,4,3,1,0
EMP0030,2025-10-24,SHIFT_C,138,68,4,2,44,0
EMP0030,2025-10-27,SHIFT_C,115,50,3,1,7,0
EMP0030,2025-10-28,SHIFT_C,132,69,5,2,13,0
EMP0030,2025-10-29,SHIFT_C,131,63,4,3,21,0
EMP0030,2025-10-30,SHIFT_C,123,58,3,1,65,0
EMP0030,2025-10-31,SHIFT_C,124,54,3,2,30,0
EMP0030,2025-11-03,SHIFT_C,131,66,5,2,22,0
EMP0030,2025-11-04,SHIFT_C,144,65,5,2,30,0
EMP0030,2025-11-05,SHIFT_C,119,51,3,2,33,0
EMP0030,2025-11-06,SHIFT_C,115,57,3,1,28,0
EMP0030,2025-11-07,SHIFT_C,129,62,4,2,24,0
EMP0030,2025-11-10,SHIFT_C,133,69,4,2,25,0
EMP0030,2025-11-11,SHIFT_C,134,66,4,2,21,0
EMP0030,2025-11-12,SHIFT_C,115,58,3,1,20,0
EMP0030,2025-11-14,SHIFT_C,112,49,3,1,26,0
EMP0030,2025-11-17,SHIFT_C,142,74,4,1,29,0
EMP0030,2025-11-18,SHIFT_C,123,64,4,3,12,0
EMP0030,2025-11-19,SHIFT_C,118,54,4,2,30,0
EMP0030,2025-11-20,SHIFT_C,118,55,3,1,6,0
EMP0030,2025-11-21,SHIFT_C,137,68,4,2,4,0
EMP0030,2025-11-24,SHIFT_C,117,59,4,2,16,0
EMP0030,2025-11-25,SHIFT_C,143,64,4,3,55,0
EMP0030,2025-11-26,SHIFT_C,121,53,4,2,23,0
EMP0030,2025-11-27,SHIFT_C,125,63,4,2,5,0
EMP0030,2025-11-28,SHIFT_C,148,72,5,3,5,0
EMP0030,2025-12-01,SHIFT_C,136,71,4,2,25,0
EMP0030,2025-12-02,SHIFT_C,130,63,4,2,20,0
EMP0030,2025-12-03,SHIFT_C,133,64,4,2,24,0
EMP0030,2025-12-05,SHIFT_C,138,70,4,2,1,0
EMP0030,2025-12-08,SHIFT_C,135,63,4,3,11,0
EMP0030,2025-12-09,SHIFT_C,134,68,5,2,11,0
EMP0030,2025-12-10,SHIFT_C,136,70,4,1,27,0
EMP0030,2025-12-11,SHIFT_C,120,55,3,1,6,0
EMP0030,2025-12-12,SHIFT_C,127,55,3,2,14,0
EMP0030,2025-12-15,SHIFT_C,127,58,3,2,0,0
EMP0030,2025-12-16,SHIFT_C,123,58,3,2,24,0
EMP0030,2025-12-17,SHIFT_C,148,65,4,2,9,0
EMP0030,2025-12-18,SHIFT_C,121,57,4,1,16,0
EMP0030,2025-12-19,SHIFT_C,136,62,4,2,28,0
EMP0030,2025-12-22,SHIFT_C,120,57,4,2,24,0
EMP0030,2025-12-23,SHIFT_C,129,66,5,3,1,0
EMP0030,2025-12-24,SHIFT_C,113,55,4,3,12,0
EMP0030,2025-12-26,SHIFT_C,116,59,4,2,11,0
EMP0030,2025-12-29,SHIFT_C,123,61,4,2,22,0
EMP0030,2025-12-30,SHIFT_C,120,61,4,2,11,0
EMP0030,2026-01-02,SHIFT_C,115,52,3,2,7,0
EMP0030,2026-01-05,SHIFT_C,113,52,4,2,0,0
EMP0030,2026-01-06,SHIFT_C,143,71,4,1,6,0
EMP0030,2026-01-07,SHIFT_C,139,63,4,2,74,0
EMP0030,2026-01-08,SHIFT_C,110,49,3,2,39,0
EMP0030,2026-01-09,SHIFT_C,138,67,4,2,9,0
EMP0030,2026-01-12,SHIFT_C,135,67,4,3,1,0
EMP0030,2026-01-13,SHIFT_C,138,71,5,2,20,0
EMP0030,2026-01-14,SHIFT_C,111,57,3,1,26,0
EMP0030,2026-01-15,SHIFT_C,143,71,4,2,11,0
EMP0030,2026-01-16,SHIFT_C,135,65,4,2,4,0
EMP0030,2026-01-19,SHIFT_C,133,66,4,1,22,0
EMP0030,2026-01-20,SHIFT_C,147,68,5,3,28,0
EMP0030,2026-01-21,SHIFT_C,121,62,4,1,25,0
EMP0030,2026-01-22,SHIFT_C,129,64,4,2,13,0
EMP0030,2026-01-23,SHIFT_C,123,59,4,2,13,0
EMP0030,2026-01-26,SHIFT_C,141,74,4,2,16,0
EMP0030,2026-01-27,SHIFT_C,139,70,4,2,52,0
EMP0030,2026-01-28,SHIFT_C,114,51,3,1,21,0
EMP0030,2026-01-29,SHIFT_C,127,57,3,2,15,0
EMP0030,2026-01-30,SHIFT_C,140,65,5,2,21,0
EMP0030,2026-02-02,SHIFT_C,119,59,4,2,28,0
EMP0030,2026-02-03,SHIFT_C,128,66,4,2,27,0
EMP0030,2026-02-05,SHIFT_C,112,52,3,2,33,0
EMP0030,2026-02-06,SHIFT_C,130,65,5,3,14,0
EMP0030,2026-02-09,SHIFT_C,115,56,4,1,12,0
EMP0030,2026-02-10,SHIFT_C,138,68,4,3,74,0
EMP0030,2026-02-11,SHIFT_C,136,65,5,2,0,0
EMP0030,2026-02-12,SHIFT_C,137,66,4,2,31,0
EMP0030,2026-02-13,SHIFT_C,128,67,5,2,22,0
EMP0030,2026-02-16,SHIFT_C,147,72,4,2,26,0
EMP0030,2026-02-17,SHIFT_C,135,68,4,2,13,0
EMP0030,2026-02-18,SHIFT_C,148,77,5,2,12,1
EMP0030,2026-02-19,SHIFT_C,148,65,4,2,20,0
EMP0030,2026-02-20,SHIFT_C,144,64,4,2,6,0
EMP0030,2026-02-23,SHIFT_C,128,56,3,1,41,0
EMP0030,2026-02-24,SHIFT_C,148,64,4,3,65,0
EMP0030,2026-02-25,SHIFT_C,119,61,4,2,3,0
EMP0030,2026-02-26,SHIFT_C,116,59,4,2,14,0
EMP0030,2026-02-27,SHIFT_C,123,55,3,2,12,0
EMP0030,2026-03-02,SHIFT_C,128,67,4,2,3,0
EMP0030,2026-03-03,SHIFT_C,112,55,3,2,27,0
EMP0030,2026-03-04,SHIFT_C,134,64,4,2,30,0
EMP0030,2026-03-05,SHIFT_C,144,70,4,1,10,0
EMP0030,2026-03-06,SHIFT_C,148,64,4,2,4,0
EMP0030,2026-03-09,SHIFT_C,147,65,4,2,30,0
EMP0030,2026-03-10,SHIFT_C,119,54,3,1,19,0
EMP0030,2026-03-11,SHIFT_C,126,66,4,2,27,0
EMP0030,2026-03-12,SHIFT_C,147,75,5,3,23,0
EMP0030,2026-03-13,SHIFT_C,135,68,4,2,30,0
EMP0030,2026-03-16,SHIFT_C,136,68,4,1,29,0
EMP0030,2026-03-17,SHIFT_C,121,55,3,1,25,0
EMP0030,2026-03-19,SHIFT_C,121,60,4,3,12,0
EMP0030,2026-03-20,SHIFT_C,129,64,4,1,22,0
EMP0030,2026-03-23,SHIFT_C,122,55,4,3,17,0
EMP0030,2026-03-24,SHIFT_C,140,66,4,2,27,0
EMP0030,2026-03-25,SHIFT_C,132,61,4,2,15,0
EMP0030,2026-03-26,SHIFT_C,142,72,4,2,7,0
EMP0030,2026-03-27,SHIFT_C,134,64,4,2,30,0
EMP0030,2026-03-30,SHIFT_C,143,65,5,2,18,0
EMP0030,2026-03-31,SHIFT_C,116,50,3,1,57,0
EMP0030,2026-04-01,SHIFT_C,135,59,4,2,29,0
EMP0030,2026-04-02,SHIFT_C,135,61,4,1,41,0
EMP0030,2026-04-03,SHIFT_C,148,76,5,3,37,0
EMP0030,2026-04-06,SHIFT_C,113,58,3,2,23,0
EMP0030,2026-04-07,SHIFT_C,111,58,4,2,10,0
EMP0030,2026-04-08,SHIFT_C,135,69,4,2,8,0
EMP0030,2026-04-10,SHIFT_C,148,67,5,3,0,0
EMP0030,2026-04-13,SHIFT_C,141,72,4,2,46,0
EMP0030,2026-04-14,SHIFT_C,131,69,5,2,29,0
EMP0030,2026-04-15,SHIFT_C,137,61,4,3,2,0
EMP0030,2026-04-16,SHIFT_C,144,74,4,3,21,0
EMP0030,2026-04-17,SHIFT_C,149,71,5,2,17,0
EMP0030,2026-04-20,SHIFT_C,139,72,4,2,7,0
EMP0030,2026-04-21,SHIFT_C,116,57,4,2,5,0
EMP0030,2026-04-22,SHIFT_C,149,64,4,2,8,0
EMP0030,2026-04-23,SHIFT_C,149,68,4,2,48,0
EMP0030,2026-04-24,SHIFT_C,147,68,4,2,17,0
EMP0030,2026-04-27,SHIFT_C,136,62,4,2,24,0
EMP0030,2026-04-28,SHIFT_C,113,56,3,2,16,0
EMP0030,2026-04-29,SHIFT_C,127,64,4,2,10,1
EMP0030,2026-04-30,SHIFT_C,147,66,5,2,12,0
EMP0030,2026-05-04,SHIFT_C,138,67,4,3,24,0
EMP0030,2026-05-05,SHIFT_C,148,69,4,1,8,0
EMP0030,2026-05-06,SHIFT_C,110,52,4,2,2,0
EMP0030,2026-05-07,SHIFT_C,125,60,4,3,29,0
EMP0030,2026-05-08,SHIFT_C,140,71,4,2,50,0
EMP0030,2026-05-11,SHIFT_C,142,73,4,2,8,0
EMP0030,2026-05-12,SHIFT_C,117,59,4,2,15,0
EMP0030,2026-05-13,SHIFT_C,111,56,4,2,6,0
EMP0030,2026-05-14,SHIFT_C,118,60,4,3,29,0
EMP0030,2026-05-18,SHIFT_C,122,54,4,3,13,0
EMP0030,2026-05-19,SHIFT_C,138,63,4,3,19,0
EMP0030,2026-05-20,SHIFT_C,134,66,5,3,9,0
EMP0030,2026-05-21,SHIFT_C,136,60,4,3,71,0
EMP0030,2026-05-22,SHIFT_C,144,64,4,1,14,0
EMP0030,2026-05-26,SHIFT_C,139,66,4,2,16,0
EMP0030,2026-05-27,SHIFT_C,110,49,3,2,5,0
EMP0030,2026-05-28,SHIFT_C,144,71,4,1,43,0
EMP0030,2026-05-29,SHIFT_C,135,66,5,2,18,0
EMP0030,2026-06-01,SHIFT_C,124,56,3,1,4,0
EMP0030,2026-06-02,SHIFT_C,139,63,4,2,5,0
EMP0030,2026-06-03,SHIFT_C,146,69,5,2,12,0
EMP0030,2026-06-04,SHIFT_C,114,50,3,2,10,0
EMP0030,2026-06-05,SHIFT_C,129,61,4,2,28,0
EMP0030,2026-06-08,SHIFT_C,140,62,4,2,6,0
EMP0030,2026-06-09,SHIFT_C,142,74,4,2,15,0
EMP0030,2026-06-11,SHIFT_C,128,64,4,1,13,0
EMP0030,2026-06-12,SHIFT_C,110,50,3,1,6,0
EMP0030,2026-06-15,SHIFT_C,147,74,4,3,20,0
EMP0030,2026-06-16,SHIFT_C,124,63,4,2,11,0
EMP0030,2026-06-17,SHIFT_C,130,59,4,3,8,0
EMP0030,2026-06-18,SHIFT_C,117,55,4,2,23,0
EMP0030,2026-06-19,SHIFT_C,132,61,4,2,14,0
EMP0030,2026-06-22,SHIFT_C,114,49,3,1,5,0
EMP0030,2026-06-23,SHIFT_C,135,60,4,2,22,0
EMP0030,2026-06-24,SHIFT_C,139,65,4,3,59,0
EMP0030,2026-06-25,SHIFT_C,113,50,3,2,71,0
EMP0030,2026-06-26,SHIFT_C,120,63,4,1,23,0
EMP0030,2026-06-29,SHIFT_C,145,65,5,2,25,0
EMP0030,2026-06-30,SHIFT_C,117,60,4,3,17,0
EMP0030,2026-07-01,SHIFT_C,134,58,3,1,10,0
EMP0030,2026-07-02,SHIFT_C,129,59,4,1,6,0
EMP0030,2026-07-03,SHIFT_C,146,65,5,2,3,0
EMP0030,2026-07-06,SHIFT_C,121,63,4,2,21,0
EMP0030,2026-07-07,SHIFT_C,142,65,4,2,52,0
EMP0030,2026-07-08,SHIFT_C,134,66,4,2,16,0
EMP0030,2026-07-09,SHIFT_C,129,67,4,1,7,0
EMP0030,2026-07-10,SHIFT_C,144,74,5,2,27,0
EMP0030,2026-07-13,SHIFT_C,125,60,4,2,11,0
EMP0030,2026-07-14,SHIFT_C,145,70,4,2,28,0
EMP0030,2026-07-15,SHIFT_C,145,65,4,1,39,0
EMP0030,2026-07-16,SHIFT_C,117,54,4,1,17,0
EMP0030,2026-07-17,SHIFT_C,120,61,4,2,7,0
EMP0030,2026-07-20,SHIFT_C,139,70,5,2,11,0
EMP0030,2026-07-21,SHIFT_C,116,60,4,2,27,0
EMP0030,2026-07-22,SHIFT_C,124,64,4,2,1,0
EMP0030,2026-07-23,SHIFT_C,113,56,3,2,8,0
EMP0030,2026-07-24,SHIFT_C,139,61,4,2,14,0
EMP0030,2026-07-27,SHIFT_C,133,67,5,3,17,0
EMP0030,2026-07-28,SHIFT_C,150,68,4,3,1,0
EMP0030,2026-07-29,SHIFT_C,121,57,3,2,25,0
EMP0030,2026-07-30,SHIFT_C,113,51,3,2,1,0
EMP0030,2026-07-31,SHIFT_C,120,52,4,2,15,0
EMP0030,2026-08-03,SHIFT_C,140,74,4,2,45,0
EMP0030,2026-08-04,SHIFT_C,149,71,4,2,18,0
EMP0030,2026-08-05,SHIFT_C,118,54,4,2,0,0
EMP0030,2026-08-06,SHIFT_C,119,56,3,2,15,0
EMP0030,2026-08-07,SHIFT_C,146,68,4,3,0,0
EMP0030,2026-08-10,SHIFT_C,143,62,4,2,3,0
EMP0030,2026-08-11,SHIFT_C,123,58,3,1,4,0
EMP0030,2026-08-12,SHIFT_C,118,60,4,2,47,0
EMP0030,2026-08-13,SHIFT_C,133,68,4,3,29,0
EMP0030,2026-08-14,SHIFT_C,138,72,4,2,23,0
EMP0030,2026-08-17,SHIFT_C,149,64,4,2,43,0
EMP0030,2026-08-18,SHIFT_C,147,74,4,3,9,0
EMP0030,2026-08-19,SHIFT_C,142,67,4,2,45,0
EMP0030,2026-08-20,SHIFT_C,126,62,4,2,17,0
EMP0030,2026-08-21,SHIFT_C,132,68,5,2,26,0
EMP0030,2026-08-24,SHIFT_C,125,59,4,1,10,0
EMP0030,2026-08-25,SHIFT_C,114,56,3,2,1,0
EMP0030,2026-08-26,SHIFT_C,125,56,4,2,7,0
EMP0030,2026-08-27,SHIFT_C,144,65,4,1,28,0
EMP0030,2026-08-28,SHIFT_C,119,59,4,3,27,0
EMP0030,2026-08-31,SHIFT_C,115,52,4,2,24,0
EMP0030,2026-09-01,SHIFT_C,144,74,5,3,3,0
EMP0030,2026-09-02,SHIFT_C,141,68,4,2,15,0
EMP0030,2026-09-03,SHIFT_C,121,54,3,1,0,0
EMP0030,2026-09-04,SHIFT_C,112,58,3,1,26,0
EMP0030,2026-09-07,SHIFT_C,132,68,4,1,15,0
EMP0030,2026-09-08,SHIFT_C,123,60,4,3,22,0
EMP0030,2026-09-09,SHIFT_C,136,71,5,2,0,0
EMP0030,2026-09-10,SHIFT_C,140,68,4,2,16,0
EMP0030,2026-09-11,SHIFT_C,122,58,3,1,18,0
EMP0031,2025-09-11,SHIFT_A,116,83,2,1,14,0
EMP0031,2025-09-12,SHIFT_A,144,104,3,1,20,0
EMP0031,2025-09-15,SHIFT_A,128,86,3,2,6,0
EMP0031,2025-09-16,SHIFT_A,111,76,2,1,5,0
EMP0031,2025-09-17,SHIFT_A,121,91,4,2,14,0
EMP0031,2025-09-18,SHIFT_A,133,95,3,1,25,0
EMP0031,2025-09-19,SHIFT_A,115,84,3,1,30,0
EMP0031,2025-09-22,SHIFT_A,132,101,3,1,22,0
EMP0031,2025-09-23,SHIFT_A,130,88,3,1,4,0
EMP0031,2025-09-24,SHIFT_A,149,114,3,1,19,0
EMP0031,2025-09-25,SHIFT_A,150,99,4,1,28,0
EMP0031,2025-09-26,SHIFT_A,148,95,3,2,44,0
EMP0031,2025-09-29,SHIFT_A,131,84,3,1,17,0
EMP0031,2025-09-30,SHIFT_A,117,77,2,1,4,0
EMP0031,2025-10-01,SHIFT_A,118,86,3,2,21,0
EMP0031,2025-10-02,SHIFT_A,144,101,3,2,4,0
EMP0031,2025-10-03,SHIFT_A,142,101,4,2,26,0
EMP0031,2025-10-06,SHIFT_A,111,81,2,1,28,0
EMP0031,2025-10-07,SHIFT_A,148,116,3,1,26,0
EMP0031,2025-10-08,SHIFT_A,119,87,3,2,21,0
EMP0031,2025-10-09,SHIFT_A,137,93,3,2,14,0
EMP0031,2025-10-10,SHIFT_A,138,90,3,2,18,0
EMP0031,2025-10-13,SHIFT_A,142,104,4,2,6,0
EMP0031,2025-10-14,SHIFT_A,113,77,3,1,46,0
EMP0031,2025-10-15,SHIFT_A,137,94,4,2,6,0
EMP0031,2025-10-16,SHIFT_A,119,92,3,2,17,0
EMP0031,2025-10-17,SHIFT_A,128,84,3,2,29,0
EMP0031,2025-10-20,SHIFT_A,134,96,3,1,30,0
EMP0031,2025-10-21,SHIFT_A,132,91,3,2,15,0
EMP0031,2025-10-22,SHIFT_A,126,94,3,1,7,0
EMP0031,2025-10-23,SHIFT_A,133,104,3,1,17,0
EMP0031,2025-10-24,SHIFT_A,133,104,4,3,21,0
EMP0031,2025-10-27,SHIFT_A,132,84,3,1,8,0
EMP0031,2025-10-28,SHIFT_A,125,95,4,2,12,0
EMP0031,2025-10-29,SHIFT_A,133,102,4,2,11,0
EMP0031,2025-10-30,SHIFT_A,117,87,3,1,2,0
EMP0031,2025-10-31,SHIFT_A,127,98,3,2,2,0
EMP0031,2025-11-03,SHIFT_A,150,114,5,2,23,0
EMP0031,2025-11-04,SHIFT_A,130,93,3,1,30,0
EMP0031,2025-11-05,SHIFT_A,133,97,3,2,2,0
EMP0031,2025-11-06,SHIFT_A,150,112,3,2,28,0
EMP0031,2025-11-07,SHIFT_A,127,95,4,1,7,0
EMP0031,2025-11-10,SHIFT_A,130,94,4,2,13,0
EMP0031,2025-11-11,SHIFT_A,125,86,3,2,6,0
EMP0031,2025-11-12,SHIFT_A,125,80,3,1,12,0
EMP0031,2025-11-13,SHIFT_A,137,94,3,2,0,0
EMP0031,2025-11-14,SHIFT_A,122,95,3,2,19,0
EMP0031,2025-11-17,SHIFT_A,148,104,3,2,22,0
EMP0031,2025-11-18,SHIFT_A,134,89,3,2,30,0
EMP0031,2025-11-19,SHIFT_A,113,86,3,1,7,0
EMP0031,2025-11-20,SHIFT_A,112,87,3,2,22,0
EMP0031,2025-11-21,SHIFT_A,110,82,2,1,61,0
EMP0031,2025-11-24,SHIFT_A,127,96,4,1,12,0
EMP0031,2025-11-25,SHIFT_A,143,95,4,2,22,0
EMP0031,2025-11-26,SHIFT_A,115,76,2,1,9,0
EMP0031,2025-11-27,SHIFT_A,136,98,3,2,29,0
EMP0031,2025-11-28,SHIFT_A,123,95,4,1,4,0
EMP0031,2025-12-01,SHIFT_A,150,98,3,2,29,0
EMP0031,2025-12-02,SHIFT_A,148,109,3,1,1,0
EMP0031,2025-12-03,SHIFT_A,126,84,3,2,20,0
EMP0031,2025-12-04,SHIFT_A,142,108,3,1,22,0
EMP0031,2025-12-05,SHIFT_A,118,91,4,2,2,0
EMP0031,2025-12-08,SHIFT_A,133,96,3,2,52,0
EMP0031,2025-12-09,SHIFT_A,134,87,3,1,4,0
EMP0031,2025-12-10,SHIFT_A,128,82,2,1,12,0
EMP0031,2025-12-12,SHIFT_A,120,89,3,2,17,0
EMP0031,2025-12-15,SHIFT_A,118,86,3,1,67,0
EMP0031,2025-12-16,SHIFT_A,136,96,3,1,15,0
EMP0031,2025-12-17,SHIFT_A,148,96,3,1,18,0
EMP0031,2025-12-18,SHIFT_A,135,88,3,2,2,0
EMP0031,2025-12-19,SHIFT_A,144,94,4,2,15,0
EMP0031,2025-12-22,SHIFT_A,144,107,3,2,1,0
EMP0031,2025-12-23,SHIFT_A,134,100,3,2,5,0
EMP0031,2025-12-24,SHIFT_A,133,89,4,3,1,0
EMP0031,2025-12-26,SHIFT_A,134,105,4,1,11,0
EMP0031,2025-12-29,SHIFT_A,143,109,3,2,25,0
EMP0031,2025-12-30,SHIFT_A,129,93,4,2,5,0
EMP0031,2026-01-02,SHIFT_A,148,112,3,2,29,0
EMP0031,2026-01-05,SHIFT_A,110,81,2,1,28,0
EMP0031,2026-01-06,SHIFT_A,142,93,3,2,25,0
EMP0031,2026-01-07,SHIFT_A,112,73,3,1,8,0
EMP0031,2026-01-08,SHIFT_A,149,102,3,1,3,0
EMP0031,2026-01-12,SHIFT_A,149,116,3,1,19,0
EMP0031,2026-01-13,SHIFT_A,133,97,3,1,22,0
EMP0031,2026-01-14,SHIFT_A,132,88,3,2,17,0
EMP0031,2026-01-15,SHIFT_A,113,80,2,1,10,0
EMP0031,2026-01-16,SHIFT_A,111,80,3,2,25,0
EMP0031,2026-01-19,SHIFT_A,128,82,3,2,8,0
EMP0031,2026-01-20,SHIFT_A,149,105,3,1,17,0
EMP0031,2026-01-21,SHIFT_A,113,83,2,1,3,0
EMP0031,2026-01-23,SHIFT_A,139,90,3,1,59,0
EMP0031,2026-01-26,SHIFT_A,149,95,4,2,28,0
EMP0031,2026-01-27,SHIFT_A,148,116,5,3,18,0
EMP0031,2026-01-28,SHIFT_A,131,89,4,2,8,0
EMP0031,2026-01-29,SHIFT_A,123,92,3,1,19,0
EMP0031,2026-02-02,SHIFT_A,143,99,3,2,37,0
EMP0031,2026-02-03,SHIFT_A,147,97,3,2,13,0
EMP0031,2026-02-05,SHIFT_A,133,93,3,2,2,0
EMP0031,2026-02-06,SHIFT_A,145,98,3,2,25,0
EMP0031,2026-02-09,SHIFT_A,149,102,3,2,18,0
EMP0031,2026-02-10,SHIFT_A,143,104,3,1,6,0
EMP0031,2026-02-11,SHIFT_A,118,77,2,1,16,0
EMP0031,2026-02-12,SHIFT_A,114,74,2,1,13,0
EMP0031,2026-02-13,SHIFT_A,145,97,3,1,61,0
EMP0031,2026-02-16,SHIFT_A,147,100,3,2,53,0
EMP0031,2026-02-17,SHIFT_A,119,84,3,2,35,0
EMP0031,2026-02-18,SHIFT_A,127,91,3,2,14,0
EMP0031,2026-02-19,SHIFT_A,137,98,4,1,22,0
EMP0031,2026-02-20,SHIFT_A,129,91,3,2,40,0
EMP0031,2026-02-23,SHIFT_A,122,78,2,1,15,0
EMP0031,2026-02-24,SHIFT_A,123,91,4,1,15,0
EMP0031,2026-02-26,SHIFT_A,133,98,3,2,7,0
EMP0031,2026-02-27,SHIFT_A,114,84,3,1,5,0
EMP0031,2026-03-02,SHIFT_A,113,79,3,2,8,0
EMP0031,2026-03-03,SHIFT_A,134,102,4,1,11,0
EMP0031,2026-03-04,SHIFT_A,126,98,4,2,7,0
EMP0031,2026-03-05,SHIFT_A,131,97,3,1,70,0
EMP0031,2026-03-06,SHIFT_A,135,93,3,1,12,0
EMP0031,2026-03-09,SHIFT_A,139,93,4,2,27,0
EMP0031,2026-03-10,SHIFT_A,117,86,3,1,58,0
EMP0031,2026-03-11,SHIFT_A,124,84,3,1,4,0
EMP0031,2026-03-12,SHIFT_A,137,93,3,2,15,0
EMP0031,2026-03-16,SHIFT_A,129,95,3,2,22,0
EMP0031,2026-03-17,SHIFT_A,138,95,3,1,7,0
EMP0031,2026-03-18,SHIFT_A,123,91,4,2,20,0
EMP0031,2026-03-19,SHIFT_A,130,90,4,3,11,0
EMP0031,2026-03-20,SHIFT_A,148,108,4,2,13,0
EMP0031,2026-03-23,SHIFT_A,148,104,3,2,25,0
EMP0031,2026-03-24,SHIFT_A,129,95,4,2,47,0
EMP0031,2026-03-25,SHIFT_A,143,106,4,2,25,0
EMP0031,2026-03-26,SHIFT_A,117,90,4,2,4,0
EMP0031,2026-03-27,SHIFT_A,124,95,3,1,26,0
EMP0031,2026-03-30,SHIFT_A,150,115,3,2,31,0
EMP0031,2026-03-31,SHIFT_A,130,100,4,2,3,0
EMP0031,2026-04-01,SHIFT_A,130,95,3,1,64,0
EMP0031,2026-04-02,SHIFT_A,149,102,4,1,16,0
EMP0031,2026-04-03,SHIFT_A,129,93,4,2,62,0
EMP0031,2026-04-06,SHIFT_A,127,87,3,2,17,0
EMP0031,2026-04-07,SHIFT_A,138,108,4,1,22,0
EMP0031,2026-04-08,SHIFT_A,138,107,3,1,29,0
EMP0031,2026-04-09,SHIFT_A,146,104,3,1,24,1
EMP0031,2026-04-10,SHIFT_A,139,91,3,2,59,0
EMP0031,2026-04-13,SHIFT_A,144,102,3,2,20,0
EMP0031,2026-04-14,SHIFT_A,136,102,3,1,60,0
EMP0031,2026-04-15,SHIFT_A,141,97,3,2,15,0
EMP0031,2026-04-16,SHIFT_A,126,95,3,1,19,0
EMP0031,2026-04-17,SHIFT_A,133,93,3,2,12,0
EMP0031,2026-04-20,SHIFT_A,118,86,3,1,30,0
EMP0031,2026-04-21,SHIFT_A,134,96,3,2,18,0
EMP0031,2026-04-22,SHIFT_A,124,88,3,2,21,0
EMP0031,2026-04-23,SHIFT_A,128,95,4,3,18,0
EMP0031,2026-04-24,SHIFT_A,149,112,4,2,11,0
EMP0031,2026-04-27,SHIFT_A,119,79,2,1,1,0
EMP0031,2026-04-30,SHIFT_A,117,91,3,2,0,0
EMP0031,2026-05-04,SHIFT_A,110,80,2,1,19,0
EMP0031,2026-05-05,SHIFT_A,140,94,3,1,28,0
EMP0031,2026-05-06,SHIFT_A,117,86,3,2,15,0
EMP0031,2026-05-07,SHIFT_A,120,90,3,2,3,0
EMP0031,2026-05-08,SHIFT_A,122,94,3,1,9,0
EMP0031,2026-05-12,SHIFT_A,147,101,3,1,11,0
EMP0031,2026-05-13,SHIFT_A,116,86,3,2,23,0
EMP0031,2026-05-14,SHIFT_A,141,101,4,1,30,0
EMP0031,2026-05-15,SHIFT_A,148,97,3,1,2,0
EMP0031,2026-05-18,SHIFT_A,137,101,3,2,27,0
EMP0031,2026-05-19,SHIFT_A,146,109,4,2,61,0
EMP0031,2026-05-20,SHIFT_A,149,107,3,2,14,0
EMP0031,2026-05-21,SHIFT_A,149,96,3,1,5,0
EMP0031,2026-05-22,SHIFT_A,126,98,3,1,29,0
EMP0031,2026-05-25,SHIFT_A,135,97,3,1,30,0
EMP0031,2026-05-26,SHIFT_A,123,79,2,1,7,0
EMP0031,2026-05-27,SHIFT_A,137,99,3,2,11,0
EMP0031,2026-05-28,SHIFT_A,126,86,3,2,6,0
EMP0031,2026-05-29,SHIFT_A,142,100,3,1,22,0
EMP0031,2026-06-01,SHIFT_A,134,90,3,1,20,0
EMP0031,2026-06-02,SHIFT_A,134,89,3,2,5,0
EMP0031,2026-06-03,SHIFT_A,139,100,3,2,1,0
EMP0031,2026-06-04,SHIFT_A,134,101,3,1,18,0
EMP0031,2026-06-05,SHIFT_A,130,99,3,1,19,0
EMP0031,2026-06-08,SHIFT_A,133,101,3,2,16,0
EMP0031,2026-06-09,SHIFT_A,139,95,4,3,27,0
EMP0031,2026-06-10,SHIFT_A,135,102,3,2,12,0
EMP0031,2026-06-11,SHIFT_A,135,94,4,2,1,0
EMP0031,2026-06-12,SHIFT_A,125,87,3,1,1,0
EMP0031,2026-06-15,SHIFT_A,139,107,3,2,30,0
EMP0031,2026-06-16,SHIFT_A,121,90,4,2,13,0
EMP0031,2026-06-17,SHIFT_A,134,95,4,2,8,0
EMP0031,2026-06-18,SHIFT_A,139,98,4,2,24,0
EMP0031,2026-06-19,SHIFT_A,139,101,3,2,55,0
EMP0031,2026-06-22,SHIFT_A,135,92,3,2,9,0
EMP0031,2026-06-23,SHIFT_A,133,88,4,2,47,0
EMP0031,2026-06-24,SHIFT_A,131,100,4,1,1,0
EMP0031,2026-06-25,SHIFT_A,143,107,3,1,0,0
EMP0031,2026-06-29,SHIFT_A,122,87,3,1,25,0
EMP0031,2026-06-30,SHIFT_A,138,97,3,1,67,0
EMP0031,2026-07-01,SHIFT_A,133,87,3,1,59,0
EMP0031,2026-07-02,SHIFT_A,134,96,3,2,13,0
EMP0031,2026-07-03,SHIFT_A,145,98,4,2,13,0
EMP0031,2026-07-06,SHIFT_A,126,90,3,2,23,0
EMP0031,2026-07-07,SHIFT_A,128,85,3,1,9,0
EMP0031,2026-07-08,SHIFT_A,132,87,3,2,7,0
EMP0031,2026-07-09,SHIFT_A,146,108,4,1,3,0
EMP0031,2026-07-10,SHIFT_A,129,97,3,2,15,0
EMP0031,2026-07-13,SHIFT_A,132,95,4,1,13,0
EMP0031,2026-07-14,SHIFT_A,122,90,3,2,63,0
EMP0031,2026-07-15,SHIFT_A,134,99,3,2,14,0
EMP0031,2026-07-16,SHIFT_A,110,75,3,1,34,0
EMP0031,2026-07-17,SHIFT_A,148,104,3,2,12,0
EMP0031,2026-07-20,SHIFT_A,132,96,3,2,2,0
EMP0031,2026-07-21,SHIFT_A,144,96,3,1,30,0
EMP0031,2026-07-22,SHIFT_A,128,100,3,1,30,0
EMP0031,2026-07-23,SHIFT_A,120,78,2,1,3,0
EMP0031,2026-07-24,SHIFT_A,127,85,3,2,75,0
EMP0031,2026-07-27,SHIFT_A,122,94,3,2,17,0
EMP0031,2026-07-28,SHIFT_A,136,99,3,2,16,0
EMP0031,2026-07-29,SHIFT_A,111,82,2,1,4,0
EMP0031,2026-07-30,SHIFT_A,127,91,3,2,30,0
EMP0031,2026-07-31,SHIFT_A,145,109,4,3,29,0
EMP0031,2026-08-03,SHIFT_A,119,76,2,1,53,0
EMP0031,2026-08-04,SHIFT_A,147,102,3,1,66,0
EMP0031,2026-08-05,SHIFT_A,124,79,3,2,25,0
EMP0031,2026-08-06,SHIFT_A,141,104,3,2,20,0
EMP0031,2026-08-07,SHIFT_A,147,97,3,2,25,0
EMP0031,2026-08-10,SHIFT_A,149,102,3,1,26,0
EMP0031,2026-08-11,SHIFT_A,125,91,3,1,17,0
EMP0031,2026-08-12,SHIFT_A,131,87,3,2,12,0
EMP0031,2026-08-13,SHIFT_A,142,111,4,1,2,0
EMP0031,2026-08-14,SHIFT_A,131,100,4,2,17,0
EMP0031,2026-08-17,SHIFT_A,110,77,3,2,23,0
EMP0031,2026-08-18,SHIFT_A,148,97,4,2,10,0
EMP0031,2026-08-20,SHIFT_A,148,96,3,1,7,0
EMP0031,2026-08-21,SHIFT_A,119,84,3,2,6,0
EMP0031,2026-08-24,SHIFT_A,146,102,3,2,11,0
EMP0031,2026-08-25,SHIFT_A,137,95,4,2,9,0
EMP0031,2026-08-26,SHIFT_A,150,116,3,2,26,0
EMP0031,2026-08-27,SHIFT_A,114,83,2,1,30,0
EMP0031,2026-08-28,SHIFT_A,126,96,3,2,13,0
EMP0031,2026-08-31,SHIFT_A,145,94,4,2,13,0
EMP0031,2026-09-01,SHIFT_A,133,101,4,2,8,0
EMP0031,2026-09-02,SHIFT_A,144,111,3,1,9,0
EMP0031,2026-09-03,SHIFT_A,136,105,4,2,50,0
EMP0031,2026-09-04,SHIFT_A,125,94,3,2,15,0
EMP0031,2026-09-07,SHIFT_A,133,87,3,2,25,0
EMP0031,2026-09-08,SHIFT_A,141,96,3,2,15,0
EMP0031,2026-09-09,SHIFT_A,142,99,4,2,15,0
EMP0031,2026-09-10,SHIFT_A,120,79,3,1,13,0
EMP0031,2026-09-11,SHIFT_A,133,97,3,2,73,0
EMP0032,2025-09-11,SHIFT_B,130,138,3,2,32,0
EMP0032,2025-09-12,SHIFT_B,113,118,2,1,22,0
EMP0032,2025-09-15,SHIFT_B,115,134,1,0,9,0
EMP0032,2025-09-16,SHIFT_B,132,145,3,1,28,0
EMP0032,2025-09-17,SHIFT_B,116,139,1,0,22,0
EMP0032,2025-09-18,SHIFT_B,114,121,1,0,20,0
EMP0032,2025-09-19,SHIFT_B,133,160,2,1,18,0
EMP0032,2025-09-22,SHIFT_B,143,146,1,0,25,0
EMP0032,2025-09-23,SHIFT_B,138,138,1,0,67,0
EMP0032,2025-09-24,SHIFT_B,111,110,1,0,16,1
EMP0032,2025-09-25,SHIFT_B,130,135,1,0,16,0
EMP0032,2025-09-26,SHIFT_B,112,117,1,0,25,0
EMP0032,2025-09-29,SHIFT_B,121,146,1,1,29,0
EMP0032,2025-09-30,SHIFT_B,144,161,2,1,18,0
EMP0032,2025-10-01,SHIFT_B,128,143,1,0,5,0
EMP0032,2025-10-02,SHIFT_B,113,125,1,1,21,0
EMP0032,2025-10-03,SHIFT_B,123,124,2,1,5,0
EMP0032,2025-10-06,SHIFT_B,136,140,1,1,13,0
EMP0032,2025-10-07,SHIFT_B,144,164,3,2,20,0
EMP0032,2025-10-08,SHIFT_B,119,138,3,2,8,0
EMP0032,2025-10-09,SHIFT_B,126,151,3,1,1,0
EMP0032,2025-10-13,SHIFT_B,142,160,2,1,38,0
EMP0032,2025-10-14,SHIFT_B,131,131,1,1,26,0
EMP0032,2025-10-15,SHIFT_B,138,150,2,1,20,0
EMP0032,2025-10-16,SHIFT_B,122,142,1,0,23,0
EMP0032,2025-10-17,SHIFT_B,131,129,3,1,21,0
EMP0032,2025-10-20,SHIFT_B,123,129,1,1,20,0
EMP0032,2025-10-21,SHIFT_B,145,146,3,1,18,0
EMP0032,2025-10-22,SHIFT_B,150,166,3,1,25,0
EMP0032,2025-10-24,SHIFT_B,118,133,3,2,18,0
EMP0032,2025-10-27,SHIFT_B,120,121,1,1,21,0
EMP0032,2025-10-28,SHIFT_B,111,119,2,1,72,0
EMP0032,2025-10-29,SHIFT_B,119,142,3,2,16,0
EMP0032,2025-10-30,SHIFT_B,124,145,1,1,38,0
EMP0032,2025-10-31,SHIFT_B,148,159,2,1,20,0
EMP0032,2025-11-03,SHIFT_B,110,119,2,1,41,0
EMP0032,2025-11-04,SHIFT_B,110,112,2,1,14,0
EMP0032,2025-11-06,SHIFT_B,136,149,1,1,36,0
EMP0032,2025-11-07,SHIFT_B,115,121,1,1,4,0
EMP0032,2025-11-10,SHIFT_B,131,145,1,0,55,0
EMP0032,2025-11-11,SHIFT_B,147,169,2,1,25,0
EMP0032,2025-11-12,SHIFT_B,123,135,1,1,9,0
EMP0032,2025-11-13,SHIFT_B,117,123,1,0,34,0
EMP0032,2025-11-14,SHIFT_B,128,140,1,0,21,0
EMP0032,2025-11-17,SHIFT_B,150,178,2,1,1,0
EMP0032,2025-11-18,SHIFT_B,137,156,2,1,18,0
EMP0032,2025-11-19,SHIFT_B,147,166,2,1,25,0
EMP0032,2025-11-20,SHIFT_B,123,139,1,1,19,0
EMP0032,2025-11-21,SHIFT_B,118,124,2,1,26,0
EMP0032,2025-11-24,SHIFT_B,113,120,1,0,1,0
EMP0032,2025-11-25,SHIFT_B,121,122,2,1,22,0
EMP0032,2025-11-26,SHIFT_B,130,131,3,2,22,0
EMP0032,2025-11-27,SHIFT_B,137,150,2,1,14,0
EMP0032,2025-11-28,SHIFT_B,136,142,1,1,3,0
EMP0032,2025-12-01,SHIFT_B,136,164,2,1,27,0
EMP0032,2025-12-02,SHIFT_B,126,124,1,1,1,0
EMP0032,2025-12-03,SHIFT_B,139,157,3,1,20,0
EMP0032,2025-12-04,SHIFT_B,148,157,3,2,33,0
EMP0032,2025-12-05,SHIFT_B,117,123,1,1,15,0
EMP0032,2025-12-08,SHIFT_B,142,145,3,1,16,0
EMP0032,2025-12-09,SHIFT_B,121,143,1,1,2,0
EMP0032,2025-12-10,SHIFT_B,116,114,1,0,2,0
EMP0032,2025-12-11,SHIFT_B,112,128,1,1,17,0
EMP0032,2025-12-12,SHIFT_B,146,155,2,1,9,0
EMP0032,2025-12-15,SHIFT_B,110,116,2,1,18,0
EMP0032,2025-12-16,SHIFT_B,124,139,1,1,23,0
EMP0032,2025-12-17,SHIFT_B,132,148,1,0,14,0
EMP0032,2025-12-18,SHIFT_B,122,130,3,2,9,0
EMP0032,2025-12-19,SHIFT_B,112,134,3,1,19,0
EMP0032,2025-12-22,SHIFT_B,117,133,1,1,15,0
EMP0032,2025-12-23,SHIFT_B,130,150,3,2,5,0
EMP0032,2025-12-24,SHIFT_B,116,116,1,1,15,0
EMP0032,2025-12-26,SHIFT_B,124,141,1,0,22,0
EMP0032,2025-12-29,SHIFT_B,135,144,1,1,62,0
EMP0032,2025-12-30,SHIFT_B,120,143,1,1,14,0
EMP0032,2026-01-02,SHIFT_B,140,161,2,1,11,0
EMP0032,2026-01-05,SHIFT_B,119,119,1,0,18,0
EMP0032,2026-01-06,SHIFT_B,129,140,1,1,5,0
EMP0032,2026-01-07,SHIFT_B,122,130,1,1,0,0
EMP0032,2026-01-08,SHIFT_B,111,118,1,0,13,0
EMP0032,2026-01-09,SHIFT_B,138,141,1,1,7,0
EMP0032,2026-01-12,SHIFT_B,116,136,1,0,15,0
EMP0032,2026-01-13,SHIFT_B,142,162,2,1,63,0
EMP0032,2026-01-14,SHIFT_B,122,138,3,1,15,0
EMP0032,2026-01-15,SHIFT_B,146,168,2,1,13,0
EMP0032,2026-01-16,SHIFT_B,150,156,3,1,54,0
EMP0032,2026-01-19,SHIFT_B,129,148,1,1,30,0
EMP0032,2026-01-20,SHIFT_B,143,144,3,1,17,0
EMP0032,2026-01-21,SHIFT_B,128,128,1,0,14,0
EMP0032,2026-01-22,SHIFT_B,124,124,2,1,62,0
EMP0032,2026-01-23,SHIFT_B,144,161,3,2,20,0
EMP0032,2026-01-26,SHIFT_B,132,150,3,2,29,0
EMP0032,2026-01-27,SHIFT_B,122,136,1,0,10,0
EMP0032,2026-01-28,SHIFT_B,128,128,3,1,23,0
EMP0032,2026-01-29,SHIFT_B,140,167,2,1,1,0
EMP0032,2026-01-30,SHIFT_B,139,161,3,2,24,0
EMP0032,2026-02-02,SHIFT_B,121,135,1,1,23,0
EMP0032,2026-02-03,SHIFT_B,140,150,3,2,1,0
EMP0032,2026-02-05,SHIFT_B,129,154,2,1,9,0
EMP0032,2026-02-06,SHIFT_B,136,152,2,1,29,0
EMP0032,2026-02-09,SHIFT_B,123,127,1,0,26,0
EMP0032,2026-02-10,SHIFT_B,119,124,2,1,18,0
EMP0032,2026-02-11,SHIFT_B,132,150,2,1,13,0
EMP0032,2026-02-12,SHIFT_B,143,168,3,2,15,0
EMP0032,2026-02-13,SHIFT_B,146,154,2,1,15,0
EMP0032,2026-02-16,SHIFT_B,123,132,1,1,3,0
EMP0032,2026-02-18,SHIFT_B,127,146,3,1,14,0
EMP0032,2026-02-19,SHIFT_B,141,170,2,1,11,0
EMP0032,2026-02-20,SHIFT_B,140,149,1,0,19,0
EMP0032,2026-02-23,SHIFT_B,129,134,3,1,27,0
EMP0032,2026-02-24,SHIFT_B,149,170,3,1,39,0
EMP0032,2026-02-25,SHIFT_B,114,115,1,0,10,0
EMP0032,2026-02-26,SHIFT_B,138,141,1,0,30,0
EMP0032,2026-02-27,SHIFT_B,110,129,3,1,8,0
EMP0032,2026-03-02,SHIFT_B,134,138,1,0,7,0
EMP0032,2026-03-03,SHIFT_B,119,130,3,1,4,0
EMP0032,2026-03-04,SHIFT_B,134,141,1,0,16,0
EMP0032,2026-03-05,SHIFT_B,144,156,2,1,35,0
EMP0032,2026-03-06,SHIFT_B,116,128,3,1,27,0
EMP0032,2026-03-09,SHIFT_B,148,175,4,2,6,0
EMP0032,2026-03-10,SHIFT_B,114,130,1,0,20,0
EMP0032,2026-03-11,SHIFT_B,114,122,1,1,19,0
EMP0032,2026-03-13,SHIFT_B,116,128,1,1,13,0
EMP0032,2026-03-16,SHIFT_B,139,139,1,0,22,0
EMP0032,2026-03-17,SHIFT_B,115,129,1,0,64,0
EMP0032,2026-03-18,SHIFT_B,116,125,1,1,8,0
EMP0032,2026-03-19,SHIFT_B,138,145,3,2,20,0
EMP0032,2026-03-20,SHIFT_B,129,156,2,1,21,0
EMP0032,2026-03-23,SHIFT_B,123,127,3,1,17,0
EMP0032,2026-03-24,SHIFT_B,126,124,1,1,46,0
EMP0032,2026-03-25,SHIFT_B,123,127,3,1,24,0
EMP0032,2026-03-26,SHIFT_B,116,127,1,0,22,0
EMP0032,2026-03-27,SHIFT_B,136,148,1,0,29,0
EMP0032,2026-03-30,SHIFT_B,120,135,1,1,22,0
EMP0032,2026-04-01,SHIFT_B,130,141,1,0,0,0
EMP0032,2026-04-02,SHIFT_B,118,132,3,1,11,0
EMP0032,2026-04-03,SHIFT_B,135,148,3,2,47,0
EMP0032,2026-04-06,SHIFT_B,119,134,3,1,25,0
EMP0032,2026-04-07,SHIFT_B,138,163,2,1,2,0
EMP0032,2026-04-08,SHIFT_B,116,117,2,1,0,0
EMP0032,2026-04-09,SHIFT_B,116,121,2,1,30,1
EMP0032,2026-04-10,SHIFT_B,122,140,1,1,15,0
EMP0032,2026-04-13,SHIFT_B,141,150,2,1,5,0
EMP0032,2026-04-14,SHIFT_B,115,113,2,1,28,0
EMP0032,2026-04-15,SHIFT_B,110,110,1,1,9,0
EMP0032,2026-04-16,SHIFT_B,141,141,1,0,5,0
EMP0032,2026-04-17,SHIFT_B,119,125,1,1,0,0
EMP0032,2026-04-20,SHIFT_B,146,168,2,1,72,0
EMP0032,2026-04-21,SHIFT_B,138,144,3,1,3,0
EMP0032,2026-04-22,SHIFT_B,120,137,1,1,17,0
EMP0032,2026-04-23,SHIFT_B,136,151,2,1,27,0
EMP0032,2026-04-24,SHIFT_B,122,138,1,1,0,0
EMP0032,2026-04-27,SHIFT_B,117,135,3,2,14,0
EMP0032,2026-04-28,SHIFT_B,121,139,1,0,22,0
EMP0032,2026-04-29,SHIFT_B,114,125,1,1,48,0
EMP0032,2026-04-30,SHIFT_B,135,163,2,1,54,0
EMP0032,2026-05-04,SHIFT_B,135,151,3,1,24,0
EMP0032,2026-05-05,SHIFT_B,150,179,2,1,29,0
EMP0032,2026-05-06,SHIFT_B,133,138,3,1,7,0
EMP0032,2026-05-07,SHIFT_B,112,115,2,1,3,0
EMP0032,2026-05-08,SHIFT_B,114,134,1,1,25,0
EMP0032,2026-05-11,SHIFT_B,113,130,1,1,3,0
EMP0032,2026-05-12,SHIFT_B,140,167,2,1,75,0
EMP0032,2026-05-13,SHIFT_B,123,135,1,0,1,0
EMP0032,2026-05-14,SHIFT_B,121,145,1,1,15,0
EMP0032,2026-05-15,SHIFT_B,141,161,3,2,2,0
EMP0032,2026-05-18,SHIFT_B,139,148,1,0,29,0
EMP0032,2026-05-19,SHIFT_B,136,140,3,1,0,0
EMP0032,2026-05-20,SHIFT_B,134,138,1,1,63,0
EMP0032,2026-05-21,SHIFT_B,148,177,4,2,21,0
EMP0032,2026-05-22,SHIFT_B,127,129,1,1,28,0
EMP0032,2026-05-25,SHIFT_B,121,133,1,1,13,0
EMP0032,2026-05-26,SHIFT_B,143,152,2,1,4,0
EMP0032,2026-05-27,SHIFT_B,113,130,3,1,22,0
EMP0032,2026-05-28,SHIFT_B,120,138,1,0,12,0
EMP0032,2026-05-29,SHIFT_B,126,126,3,2,27,0
EMP0032,2026-06-01,SHIFT_B,126,126,3,2,10,0
EMP0032,2026-06-02,SHIFT_B,113,126,1,0,24,0
EMP0032,2026-06-03,SHIFT_B,126,146,1,0,15,0
EMP0032,2026-06-04,SHIFT_B,147,166,2,1,20,0
EMP0032,2026-06-05,SHIFT_B,132,136,1,1,28,0
EMP0032,2026-06-08,SHIFT_B,138,163,2,1,8,0
EMP0032,2026-06-09,SHIFT_B,139,163,2,1,28,0
EMP0032,2026-06-10,SHIFT_B,123,128,1,1,27,0
EMP0032,2026-06-11,SHIFT_B,131,136,3,1,27,0
EMP0032,2026-06-15,SHIFT_B,124,147,1,0,7,0
EMP0032,2026-06-16,SHIFT_B,139,166,2,1,28,0
EMP0032,2026-06-17,SHIFT_B,124,125,1,0,26,0
EMP0032,2026-06-18,SHIFT_B,124,126,1,1,60,0
EMP0032,2026-06-19,SHIFT_B,122,132,3,1,26,0
EMP0032,2026-06-22,SHIFT_B,127,134,1,1,1,0
EMP0032,2026-06-23,SHIFT_B,127,141,3,2,2,0
EMP0032,2026-06-24,SHIFT_B,131,158,3,1,4,0
EMP0032,2026-06-25,SHIFT_B,119,128,1,0,2,0
EMP0032,2026-06-26,SHIFT_B,149,167,3,2,15,0
EMP0032,2026-06-29,SHIFT_B,136,160,3,2,3,0
EMP0032,2026-06-30,SHIFT_B,135,149,1,0,0,0
EMP0032,2026-07-01,SHIFT_B,137,153,2,1,33,0
EMP0032,2026-07-02,SHIFT_B,150,179,2,1,51,0
EMP0032,2026-07-03,SHIFT_B,140,149,1,0,17,0
EMP0032,2026-07-06,SHIFT_B,124,144,1,0,27,0
EMP0032,2026-07-07,SHIFT_B,133,150,2,1,22,0
EMP0032,2026-07-08,SHIFT_B,125,141,1,1,46,0
EMP0032,2026-07-09,SHIFT_B,111,123,2,1,26,0
EMP0032,2026-07-10,SHIFT_B,148,169,3,1,14,0
EMP0032,2026-07-13,SHIFT_B,117,137,1,0,16,0
EMP0032,2026-07-15,SHIFT_B,135,151,3,2,29,0
EMP0032,2026-07-16,SHIFT_B,149,176,2,1,1,0
EMP0032,2026-07-17,SHIFT_B,119,121,2,1,27,0
EMP0032,2026-07-20,SHIFT_B,149,154,3,1,17,0
EMP0032,2026-07-21,SHIFT_B,128,152,3,2,15,0
EMP0032,2026-07-22,SHIFT_B,122,135,3,1,30,0
EMP0032,2026-07-23,SHIFT_B,119,129,1,1,25,0
EMP0032,2026-07-24,SHIFT_B,141,155,3,1,18,0
EMP0032,2026-07-27,SHIFT_B,110,121,1,1,10,0
EMP0032,2026-07-28,SHIFT_B,129,150,3,2,11,0
EMP0032,2026-07-29,SHIFT_B,134,137,1,0,11,0
EMP0032,2026-07-30,SHIFT_B,135,148,1,1,17,0
EMP0032,2026-07-31,SHIFT_B,121,125,1,1,13,0
EMP0032,2026-08-03,SHIFT_B,129,139,3,2,11,0
EMP0032,2026-08-04,SHIFT_B,146,160,3,2,59,0
EMP0032,2026-08-05,SHIFT_B,119,129,1,1,9,0
EMP0032,2026-08-06,SHIFT_B,118,135,1,1,28,0
EMP0032,2026-08-07,SHIFT_B,136,155,3,2,3,0
EMP0032,2026-08-10,SHIFT_B,122,127,3,2,15,0
EMP0032,2026-08-11,SHIFT_B,112,128,1,1,5,0
EMP0032,2026-08-12,SHIFT_B,125,136,1,0,6,0
EMP0032,2026-08-13,SHIFT_B,110,111,2,1,4,0
EMP0032,2026-08-14,SHIFT_B,124,145,3,2,26,0
EMP0032,2026-08-17,SHIFT_B,142,148,1,1,28,0
EMP0032,2026-08-18,SHIFT_B,129,134,3,2,40,0
EMP0032,2026-08-19,SHIFT_B,116,117,1,0,27,0
EMP0032,2026-08-20,SHIFT_B,143,171,2,1,6,0
EMP0032,2026-08-21,SHIFT_B,139,152,2,1,24,0
EMP0032,2026-08-24,SHIFT_B,136,149,1,1,4,0
EMP0032,2026-08-25,SHIFT_B,140,153,2,1,1,0
EMP0032,2026-08-26,SHIFT_B,134,147,3,1,15,0
EMP0032,2026-08-27,SHIFT_B,138,165,3,1,15,0
EMP0032,2026-08-28,SHIFT_B,123,140,1,1,4,0
EMP0032,2026-08-31,SHIFT_B,140,155,2,1,25,0
EMP0032,2026-09-01,SHIFT_B,119,124,1,1,16,0
EMP0032,2026-09-02,SHIFT_B,124,135,1,0,2,0
EMP0032,2026-09-03,SHIFT_B,128,146,3,1,26,0
EMP0032,2026-09-04,SHIFT_B,112,126,1,0,10,0
EMP0032,2026-09-07,SHIFT_B,132,137,1,0,17,0
EMP0032,2026-09-08,SHIFT_B,126,141,1,1,12,0
EMP0032,2026-09-09,SHIFT_B,150,158,2,1,24,0
EMP0032,2026-09-10,SHIFT_B,144,161,2,1,1,0
EMP0032,2026-09-11,SHIFT_B,110,116,1,1,16,0
EMP0033,2025-09-11,SHIFT_B,130,100,3,2,20,0
EMP0033,2025-09-12,SHIFT_B,120,106,3,2,6,0
EMP0033,2025-09-15,SHIFT_B,131,103,3,2,14,0
EMP0033,2025-09-16,SHIFT_B,115,101,3,2,15,1
EMP0033,2025-09-17,SHIFT_B,140,120,4,3,20,0
EMP0033,2025-09-18,SHIFT_B,124,102,3,1,21,0
EMP0033,2025-09-19,SHIFT_B,122,92,4,2,0,0
EMP0033,2025-09-22,SHIFT_B,130,113,3,1,18,0
EMP0033,2025-09-23,SHIFT_B,133,104,3,2,29,0
EMP0033,2025-09-24,SHIFT_B,146,116,3,1,31,0
EMP0033,2025-09-25,SHIFT_B,132,107,3,2,20,0
EMP0033,2025-09-26,SHIFT_B,133,113,5,2,25,0
EMP0033,2025-09-29,SHIFT_B,119,100,4,3,29,0
EMP0033,2025-09-30,SHIFT_B,144,113,3,2,21,0
EMP0033,2025-10-01,SHIFT_B,124,101,4,2,18,0
EMP0033,2025-10-02,SHIFT_B,137,110,4,2,6,0
EMP0033,2025-10-03,SHIFT_B,123,101,3,2,8,0
EMP0033,2025-10-06,SHIFT_B,129,104,3,1,5,0
EMP0033,2025-10-07,SHIFT_B,145,110,4,2,28,0
EMP0033,2025-10-08,SHIFT_B,115,92,4,2,5,0
EMP0033,2025-10-09,SHIFT_B,111,83,3,1,9,0
EMP0033,2025-10-10,SHIFT_B,112,89,4,2,27,0
EMP0033,2025-10-13,SHIFT_B,129,113,3,2,15,0
EMP0033,2025-10-14,SHIFT_B,146,124,4,1,6,0
EMP0033,2025-10-15,SHIFT_B,147,115,3,1,2,0
EMP0033,2025-10-16,SHIFT_B,150,126,4,2,22,0
EMP0033,2025-10-17,SHIFT_B,115,86,3,1,12,0
EMP0033,2025-10-20,SHIFT_B,136,113,3,2,15,0
EMP0033,2025-10-21,SHIFT_B,114,101,3,1,1,0
EMP0033,2025-10-22,SHIFT_B,132,116,3,1,37,0
EMP0033,2025-10-23,SHIFT_B,121,95,3,1,53,0
EMP0033,2025-10-24,SHIFT_B,113,99,4,2,28,0
EMP0033,2025-10-27,SHIFT_B,134,106,3,2,29,0
EMP0033,2025-10-29,SHIFT_B,143,107,3,1,20,0
EMP0033,2025-10-30,SHIFT_B,115,89,3,1,20,0
EMP0033,2025-11-03,SHIFT_B,127,115,3,2,25,0
EMP0033,2025-11-04,SHIFT_B,138,106,3,1,25,0
EMP0033,2025-11-05,SHIFT_B,127,111,3,2,24,0
EMP0033,2025-11-06,SHIFT_B,115,103,3,1,25,0
EMP0033,2025-11-07,SHIFT_B,146,130,5,2,16,0
EMP0033,2025-11-10,SHIFT_B,129,99,3,1,14,0
EMP0033,2025-11-11,SHIFT_B,143,126,5,2,4,0
EMP0033,2025-11-12,SHIFT_B,141,115,5,3,29,0
EMP0033,2025-11-13,SHIFT_B,126,104,3,2,30,0
EMP0033,2025-11-14,SHIFT_B,137,102,4,2,60,0
EMP0033,2025-11-17,SHIFT_B,131,109,3,2,4,0
EMP0033,2025-11-18,SHIFT_B,143,129,4,1,19,0
EMP0033,2025-11-19,SHIFT_B,135,115,3,1,22,0
EMP0033,2025-11-20,SHIFT_B,117,101,3,1,24,0
EMP0033,2025-11-21,SHIFT_B,131,98,3,1,13,0
EMP0033,2025-11-24,SHIFT_B,148,129,4,1,2,0
EMP0033,2025-11-25,SHIFT_B,133,101,3,1,23,0
EMP0033,2025-11-26,SHIFT_B,125,100,3,1,24,0
EMP0033,2025-11-27,SHIFT_B,112,97,4,3,71,0
EMP0033,2025-11-28,SHIFT_B,126,108,3,1,28,0
EMP0033,2025-12-01,SHIFT_B,131,118,4,2,24,0
EMP0033,2025-12-03,SHIFT_B,136,103,4,2,29,0
EMP0033,2025-12-04,SHIFT_B,131,110,3,1,2,0
EMP0033,2025-12-05,SHIFT_B,122,102,4,3,35,0
EMP0033,2025-12-09,SHIFT_B,135,106,3,1,8,0
EMP0033,2025-12-10,SHIFT_B,147,116,3,2,18,0
EMP0033,2025-12-11,SHIFT_B,119,100,3,1,12,0
EMP0033,2025-12-12,SHIFT_B,110,84,3,1,26,0
EMP0033,2025-12-15,SHIFT_B,146,117,4,3,7,0
EMP0033,2025-12-16,SHIFT_B,132,109,3,1,22,0
EMP0033,2025-12-17,SHIFT_B,113,88,3,2,10,0
EMP0033,2025-12-18,SHIFT_B,129,111,3,1,22,0
EMP0033,2025-12-19,SHIFT_B,116,93,3,2,68,0
EMP0033,2025-12-22,SHIFT_B,121,94,3,1,29,1
EMP0033,2025-12-23,SHIFT_B,144,119,4,3,28,0
EMP0033,2025-12-24,SHIFT_B,130,100,3,1,24,0
EMP0033,2025-12-26,SHIFT_B,118,102,3,2,22,0
EMP0033,2025-12-29,SHIFT_B,124,95,3,1,8,0
EMP0033,2025-12-30,SHIFT_B,146,126,4,2,10,0
EMP0033,2026-01-02,SHIFT_B,139,117,4,2,20,0
EMP0033,2026-01-05,SHIFT_B,113,87,3,2,8,0
EMP0033,2026-01-06,SHIFT_B,124,99,3,1,15,0
EMP0033,2026-01-08,SHIFT_B,129,99,4,2,17,0
EMP0033,2026-01-09,SHIFT_B,122,93,3,1,42,0
EMP0033,2026-01-12,SHIFT_B,133,111,3,2,8,0
EMP0033,2026-01-13,SHIFT_B,144,119,5,2,25,0
EMP0033,2026-01-14,SHIFT_B,129,99,3,2,22,0
EMP0033,2026-01-15,SHIFT_B,131,103,4,2,19,0
EMP0033,2026-01-16,SHIFT_B,150,115,5,2,36,0
EMP0033,2026-01-19,SHIFT_B,119,98,3,2,7,0
EMP0033,2026-01-20,SHIFT_B,133,99,3,2,30,0
EMP0033,2026-01-21,SHIFT_B,139,124,4,2,24,0
EMP0033,2026-01-22,SHIFT_B,134,105,3,1,28,0
EMP0033,2026-01-23,SHIFT_B,134,104,4,2,14,0
EMP0033,2026-01-26,SHIFT_B,145,126,4,1,8,0
EMP0033,2026-01-27,SHIFT_B,143,111,4,3,15,0
EMP0033,2026-01-28,SHIFT_B,115,98,3,1,17,0
EMP0033,2026-01-29,SHIFT_B,128,96,3,1,56,0
EMP0033,2026-02-02,SHIFT_B,111,86,3,1,26,0
EMP0033,2026-02-03,SHIFT_B,113,94,3,2,30,0
EMP0033,2026-02-05,SHIFT_B,123,92,3,1,30,0
EMP0033,2026-02-06,SHIFT_B,123,104,3,1,16,0
EMP0033,2026-02-09,SHIFT_B,112,94,4,3,14,0
EMP0033,2026-02-10,SHIFT_B,130,111,3,1,30,0
EMP0033,2026-02-11,SHIFT_B,148,122,4,2,5,0
EMP0033,2026-02-12,SHIFT_B,124,112,4,2,26,0
EMP0033,2026-02-13,SHIFT_B,126,110,4,1,16,0
EMP0033,2026-02-16,SHIFT_B,122,101,3,2,26,1
EMP0033,2026-02-17,SHIFT_B,125,103,3,1,11,0
EMP0033,2026-02-18,SHIFT_B,146,122,4,2,11,0
EMP0033,2026-02-19,SHIFT_B,149,127,4,2,29,0
EMP0033,2026-02-20,SHIFT_B,141,113,5,2,51,0
EMP0033,2026-02-23,SHIFT_B,147,124,5,2,3,0
EMP0033,2026-02-24,SHIFT_B,121,100,4,2,6,0
EMP0033,2026-02-25,SHIFT_B,113,89,4,2,1,0
EMP0033,2026-02-26,SHIFT_B,124,96,4,2,20,0
EMP0033,2026-02-27,SHIFT_B,140,112,3,2,4,0
EMP0033,2026-03-02,SHIFT_B,119,103,4,2,15,0
EMP0033,2026-03-03,SHIFT_B,150,119,5,2,20,0
EMP0033,2026-03-04,SHIFT_B,141,126,4,3,55,0
EMP0033,2026-03-05,SHIFT_B,118,107,3,2,17,0
EMP0033,2026-03-06,SHIFT_B,131,110,3,2,21,0
EMP0033,2026-03-09,SHIFT_B,143,110,3,2,23,0
EMP0033,2026-03-10,SHIFT_B,139,110,3,2,11,0
EMP0033,2026-03-11,SHIFT_B,112,92,3,1,9,0
EMP0033,2026-03-12,SHIFT_B,114,93,3,2,9,0
EMP0033,2026-03-13,SHIFT_B,146,123,4,3,23,0
EMP0033,2026-03-16,SHIFT_B,131,116,5,2,1,0
EMP0033,2026-03-17,SHIFT_B,146,126,5,2,21,0
EMP0033,2026-03-18,SHIFT_B,139,111,4,1,22,0
EMP0033,2026-03-19,SHIFT_B,118,102,3,2,13,0
EMP0033,2026-03-20,SHIFT_B,118,93,3,1,30,0
EMP0033,2026-03-23,SHIFT_B,141,120,4,3,11,0
EMP0033,2026-03-24,SHIFT_B,126,110,3,1,25,0
EMP0033,2026-03-25,SHIFT_B,115,103,4,2,8,0
EMP0033,2026-03-26,SHIFT_B,138,113,3,2,7,0
EMP0033,2026-03-27,SHIFT_B,129,112,3,2,23,0
EMP0033,2026-03-30,SHIFT_B,146,131,4,2,1,0
EMP0033,2026-03-31,SHIFT_B,139,105,3,1,2,0
EMP0033,2026-04-01,SHIFT_B,139,126,5,3,17,0
EMP0033,2026-04-02,SHIFT_B,114,86,3,1,10,0
EMP0033,2026-04-03,SHIFT_B,148,127,4,3,16,0
EMP0033,2026-04-06,SHIFT_B,112,90,3,1,17,0
EMP0033,2026-04-07,SHIFT_B,141,107,3,2,12,0
EMP0033,2026-04-08,SHIFT_B,144,109,4,1,4,0
EMP0033,2026-04-09,SHIFT_B,116,99,3,2,16,0
EMP0033,2026-04-10,SHIFT_B,118,96,3,2,3,0
EMP0033,2026-04-13,SHIFT_B,148,123,4,1,21,0
EMP0033,2026-04-14,SHIFT_B,138,121,4,2,8,0
EMP0033,2026-04-15,SHIFT_B,141,113,5,3,9,0
EMP0033,2026-04-16,SHIFT_B,135,102,3,1,0,0
EMP0033,2026-04-17,SHIFT_B,148,123,4,2,11,0
EMP0033,2026-04-20,SHIFT_B,150,129,4,2,10,0
EMP0033,2026-04-21,SHIFT_B,121,100,4,2,69,0
EMP0033,2026-04-22,SHIFT_B,143,129,4,1,59,0
EMP0033,2026-04-23,SHIFT_B,130,103,3,2,26,0
EMP0033,2026-04-24,SHIFT_B,135,104,3,2,25,0
EMP0033,2026-04-27,SHIFT_B,126,97,3,2,6,0
EMP0033,2026-04-28,SHIFT_B,115,103,4,3,10,0
EMP0033,2026-04-29,SHIFT_B,110,83,3,1,12,0
EMP0033,2026-04-30,SHIFT_B,111,82,3,2,27,0
EMP0033,2026-05-04,SHIFT_B,148,132,4,2,30,0
EMP0033,2026-05-05,SHIFT_B,134,108,3,1,24,0
EMP0033,2026-05-06,SHIFT_B,141,122,5,3,10,0
EMP0033,2026-05-07,SHIFT_B,134,116,3,1,25,0
EMP0033,2026-05-08,SHIFT_B,119,90,3,2,47,0
EMP0033,2026-05-11,SHIFT_B,119,101,4,2,16,0
EMP0033,2026-05-12,SHIFT_B,122,101,3,1,14,0
EMP0033,2026-05-13,SHIFT_B,147,118,4,1,23,0
EMP0033,2026-05-14,SHIFT_B,113,85,3,2,13,0
EMP0033,2026-05-15,SHIFT_B,116,99,3,2,26,0
EMP0033,2026-05-18,SHIFT_B,119,90,3,2,12,0
EMP0033,2026-05-19,SHIFT_B,111,88,4,2,17,0
EMP0033,2026-05-20,SHIFT_B,143,125,4,2,0,0
EMP0033,2026-05-21,SHIFT_B,127,96,3,1,24,0
EMP0033,2026-05-22,SHIFT_B,112,102,3,2,14,0
EMP0033,2026-05-25,SHIFT_B,111,90,4,1,12,0
EMP0033,2026-05-26,SHIFT_B,118,102,4,2,4,0
EMP0033,2026-05-27,SHIFT_B,116,91,3,1,4,0
EMP0033,2026-05-28,SHIFT_B,148,111,3,2,1,0
EMP0033,2026-05-29,SHIFT_B,123,103,3,2,24,0
EMP0033,2026-06-01,SHIFT_B,142,125,4,2,0,0
EMP0033,2026-06-02,SHIFT_B,120,106,3,1,0,0
EMP0033,2026-06-03,SHIFT_B,137,112,4,2,0,0
EMP0033,2026-06-04,SHIFT_B,134,108,3,1,22,0
EMP0033,2026-06-05,SHIFT_B,147,119,5,3,1,0
EMP0033,2026-06-08,SHIFT_B,140,119,5,3,8,0
EMP0033,2026-06-09,SHIFT_B,112,86,3,2,11,0
EMP0033,2026-06-10,SHIFT_B,144,127,4,1,13,0
EMP0033,2026-06-11,SHIFT_B,148,120,4,3,4,0
EMP0033,2026-06-12,SHIFT_B,140,114,5,2,24,0
EMP0033,2026-06-15,SHIFT_B,113,102,4,2,19,0
EMP0033,2026-06-16,SHIFT_B,133,112,3,1,24,0
EMP0033,2026-06-17,SHIFT_B,140,127,5,3,5,0
EMP0033,2026-06-18,SHIFT_B,145,132,4,2,12,0
EMP0033,2026-06-19,SHIFT_B,111,89,4,3,13,0
EMP0033,2026-06-22,SHIFT_B,121,104,4,2,21,0
EMP0033,2026-06-23,SHIFT_B,110,99,3,2,20,0
EMP0033,2026-06-24,SHIFT_B,141,116,3,2,17,0
EMP0033,2026-06-25,SHIFT_B,133,101,3,2,27,0
EMP0033,2026-06-26,SHIFT_B,126,109,3,2,1,0
EMP0033,2026-06-29,SHIFT_B,138,106,4,2,1,0
EMP0033,2026-06-30,SHIFT_B,137,115,3,2,16,0
EMP0033,2026-07-01,SHIFT_B,130,118,4,2,6,0
EMP0033,2026-07-02,SHIFT_B,124,99,3,1,15,0
EMP0033,2026-07-03,SHIFT_B,140,121,5,3,15,0
EMP0033,2026-07-06,SHIFT_B,145,124,4,3,11,0
EMP0033,2026-07-07,SHIFT_B,110,89,3,1,3,0
EMP0033,2026-07-08,SHIFT_B,129,101,3,1,16,0
EMP0033,2026-07-09,SHIFT_B,112,89,4,2,17,0
EMP0033,2026-07-10,SHIFT_B,143,107,3,2,19,0
EMP0033,2026-07-13,SHIFT_B,146,108,3,1,18,0
EMP0033,2026-07-14,SHIFT_B,146,128,5,3,26,0
EMP0033,2026-07-15,SHIFT_B,131,100,3,1,15,0
EMP0033,2026-07-16,SHIFT_B,135,110,3,1,26,0
EMP0033,2026-07-17,SHIFT_B,140,124,4,2,2,0
EMP0033,2026-07-20,SHIFT_B,124,95,3,2,10,0
EMP0033,2026-07-21,SHIFT_B,150,124,4,2,2,0
EMP0033,2026-07-22,SHIFT_B,149,129,5,2,15,0
EMP0033,2026-07-23,SHIFT_B,132,120,4,3,54,0
EMP0033,2026-07-24,SHIFT_B,148,127,5,2,29,0
EMP0033,2026-07-27,SHIFT_B,130,118,4,2,12,0
EMP0033,2026-07-28,SHIFT_B,117,101,3,1,27,0
EMP0033,2026-07-29,SHIFT_B,113,97,3,1,21,0
EMP0033,2026-07-30,SHIFT_B,111,100,3,2,30,0
EMP0033,2026-07-31,SHIFT_B,118,93,3,1,11,0
EMP0033,2026-08-03,SHIFT_B,110,93,3,2,18,0
EMP0033,2026-08-04,SHIFT_B,115,100,4,3,20,0
EMP0033,2026-08-05,SHIFT_B,140,127,4,1,28,0
EMP0033,2026-08-06,SHIFT_B,113,86,3,1,13,0
EMP0033,2026-08-07,SHIFT_B,130,117,4,2,28,0
EMP0033,2026-08-10,SHIFT_B,129,102,3,1,21,0
EMP0033,2026-08-11,SHIFT_B,132,112,4,2,8,0
EMP0033,2026-08-12,SHIFT_B,139,107,3,1,3,0
EMP0033,2026-08-13,SHIFT_B,112,91,3,2,54,0
EMP0033,2026-08-14,SHIFT_B,122,99,3,2,2,0
EMP0033,2026-08-17,SHIFT_B,130,113,3,1,5,0
EMP0033,2026-08-18,SHIFT_B,117,101,4,1,0,0
EMP0033,2026-08-19,SHIFT_B,122,95,3,2,15,0
EMP0033,2026-08-20,SHIFT_B,129,97,4,2,19,0
EMP0033,2026-08-21,SHIFT_B,132,101,3,2,3,0
EMP0033,2026-08-24,SHIFT_B,118,96,3,2,0,0
EMP0033,2026-08-25,SHIFT_B,111,94,3,2,28,0
EMP0033,2026-08-26,SHIFT_B,144,127,4,2,19,0
EMP0033,2026-08-27,SHIFT_B,127,114,3,1,45,0
EMP0033,2026-08-28,SHIFT_B,145,128,4,2,30,0
EMP0033,2026-08-31,SHIFT_B,123,106,3,2,20,0
EMP0033,2026-09-01,SHIFT_B,121,102,3,2,50,0
EMP0033,2026-09-02,SHIFT_B,131,117,4,1,21,0
EMP0033,2026-09-03,SHIFT_B,130,113,5,2,31,0
EMP0033,2026-09-04,SHIFT_B,113,86,3,1,6,0
EMP0033,2026-09-07,SHIFT_B,118,90,3,1,25,0
EMP0033,2026-09-08,SHIFT_B,112,100,3,2,6,0
EMP0033,2026-09-09,SHIFT_B,138,104,3,1,6,0
EMP0033,2026-09-10,SHIFT_B,125,104,4,3,27,0
EMP0033,2026-09-11,SHIFT_B,140,124,4,3,29,0
EMP0034,2025-09-11,SHIFT_C,124,96,4,2,10,0
EMP0034,2025-09-12,SHIFT_C,135,102,4,3,16,0
EMP0034,2025-09-15,SHIFT_C,143,98,3,1,27,0
EMP0034,2025-09-16,SHIFT_C,128,99,3,1,14,0
EMP0034,2025-09-17,SHIFT_C,122,93,4,2,7,0
EMP0034,2025-09-18,SHIFT_C,121,94,4,3,15,0
EMP0034,2025-09-19,SHIFT_C,135,92,3,2,19,0
EMP0034,2025-09-22,SHIFT_C,125,85,3,1,26,0
EMP0034,2025-09-23,SHIFT_C,121,86,3,2,20,0
EMP0034,2025-09-24,SHIFT_C,133,93,3,2,0,0
EMP0034,2025-09-25,SHIFT_C,133,88,4,1,17,0
EMP0034,2025-09-26,SHIFT_C,131,87,3,1,20,0
EMP0034,2025-09-29,SHIFT_C,111,79,3,1,8,0
EMP0034,2025-09-30,SHIFT_C,118,91,4,2,13,0
EMP0034,2025-10-01,SHIFT_C,117,89,3,2,3,0
EMP0034,2025-10-02,SHIFT_C,146,104,3,1,26,0
EMP0034,2025-10-03,SHIFT_C,122,91,3,1,23,0
EMP0034,2025-10-06,SHIFT_C,141,110,4,3,73,0
EMP0034,2025-10-07,SHIFT_C,136,89,3,2,20,0
EMP0034,2025-10-08,SHIFT_C,126,87,3,2,29,0
EMP0034,2025-10-09,SHIFT_C,142,105,3,2,21,0
EMP0034,2025-10-10,SHIFT_C,124,82,2,1,4,0
EMP0034,2025-10-13,SHIFT_C,135,99,3,1,8,0
EMP0034,2025-10-14,SHIFT_C,122,90,3,1,6,0
EMP0034,2025-10-15,SHIFT_C,143,104,4,2,4,0
EMP0034,2025-10-16,SHIFT_C,118,91,4,1,30,0
EMP0034,2025-10-17,SHIFT_C,131,92,3,1,22,0
EMP0034,2025-10-20,SHIFT_C,137,105,3,2,22,0
EMP0034,2025-10-21,SHIFT_C,138,93,4,1,28,0
EMP0034,2025-10-22,SHIFT_C,135,91,3,1,25,0
EMP0034,2025-10-23,SHIFT_C,139,92,3,2,9,0
EMP0034,2025-10-24,SHIFT_C,118,84,3,2,30,0
EMP0034,2025-10-27,SHIFT_C,142,98,3,1,22,0
EMP0034,2025-10-28,SHIFT_C,117,81,2,1,4,0
EMP0034,2025-10-29,SHIFT_C,125,86,3,2,4,0
EMP0034,2025-10-31,SHIFT_C,134,95,4,2,37,0
EMP0034,2025-11-03,SHIFT_C,140,96,4,3,3,0
EMP0034,2025-11-04,SHIFT_C,136,100,3,1,8,0
EMP0034,2025-11-05,SHIFT_C,141,100,4,2,1,0
EMP0034,2025-11-06,SHIFT_C,137,99,3,1,29,0
EMP0034,2025-11-07,SHIFT_C,123,90,4,2,69,0
EMP0034,2025-11-10,SHIFT_C,115,80,2,1,9,0
EMP0034,2025-11-11,SHIFT_C,133,103,3,1,10,0
EMP0034,2025-11-12,SHIFT_C,127,88,3,2,13,0
EMP0034,2025-11-13,SHIFT_C,132,102,3,2,28,0
EMP0034,2025-11-14,SHIFT_C,130,97,4,2,18,0
EMP0034,2025-11-17,SHIFT_C,134,90,4,2,3,0
EMP0034,2025-11-18,SHIFT_C,119,80,2,1,23,0
EMP0034,2025-11-20,SHIFT_C,147,114,5,2,4,0
EMP0034,2025-11-21,SHIFT_C,128,102,3,2,25,0
EMP0034,2025-11-24,SHIFT_C,127,96,3,2,37,0
EMP0034,2025-11-25,SHIFT_C,117,82,2,1,1,0
EMP0034,2025-11-26,SHIFT_C,129,92,3,2,7,0
EMP0034,2025-11-27,SHIFT_C,148,116,5,3,28,0
EMP0034,2025-11-28,SHIFT_C,144,113,3,2,3,0
EMP0034,2025-12-01,SHIFT_C,142,114,3,1,4,0
EMP0034,2025-12-03,SHIFT_C,149,114,3,1,19,0
EMP0034,2025-12-04,SHIFT_C,137,106,3,1,8,0
EMP0034,2025-12-05,SHIFT_C,122,90,4,2,12,0
EMP0034,2025-12-08,SHIFT_C,115,84,3,1,18,0
EMP0034,2025-12-09,SHIFT_C,117,89,3,2,1,0
EMP0034,2025-12-10,SHIFT_C,131,92,3,2,27,0
EMP0034,2025-12-11,SHIFT_C,136,96,4,3,27,0
EMP0034,2025-12-12,SHIFT_C,130,91,4,2,15,0
EMP0034,2025-12-15,SHIFT_C,133,91,3,2,7,0
EMP0034,2025-12-16,SHIFT_C,133,101,3,1,18,0
EMP0034,2025-12-17,SHIFT_C,136,95,3,2,27,0
EMP0034,2025-12-18,SHIFT_C,112,87,3,2,16,0
EMP0034,2025-12-19,SHIFT_C,120,96,3,1,51,0
EMP0034,2025-12-22,SHIFT_C,124,81,3,2,17,0
EMP0034,2025-12-23,SHIFT_C,127,93,3,1,3,0
EMP0034,2025-12-24,SHIFT_C,137,106,3,1,28,0
EMP0034,2025-12-26,SHIFT_C,125,94,3,1,7,0
EMP0034,2025-12-29,SHIFT_C,126,94,3,2,59,0
EMP0034,2025-12-30,SHIFT_C,140,110,3,1,24,0
EMP0034,2026-01-02,SHIFT_C,110,80,2,1,64,0
EMP0034,2026-01-05,SHIFT_C,136,101,3,2,56,0
EMP0034,2026-01-06,SHIFT_C,117,85,3,1,29,0
EMP0034,2026-01-07,SHIFT_C,126,87,3,1,10,0
EMP0034,2026-01-08,SHIFT_C,124,96,3,2,18,0
EMP0034,2026-01-09,SHIFT_C,148,112,3,2,15,0
EMP0034,2026-01-12,SHIFT_C,110,80,2,1,13,0
EMP0034,2026-01-13,SHIFT_C,133,106,3,1,23,0
EMP0034,2026-01-14,SHIFT_C,116,89,4,2,16,0
EMP0034,2026-01-15,SHIFT_C,126,82,3,1,3,0
EMP0034,2026-01-19,SHIFT_C,127,87,3,2,25,0
EMP0034,2026-01-20,SHIFT_C,114,85,3,2,34,0
EMP0034,2026-01-21,SHIFT_C,127,89,3,1,54,0
EMP0034,2026-01-22,SHIFT_C,128,100,4,2,23,0
EMP0034,2026-01-23,SHIFT_C,134,90,4,2,21,0
EMP0034,2026-01-26,SHIFT_C,111,81,3,1,14,0
EMP0034,2026-01-27,SHIFT_C,127,96,3,2,22,0
EMP0034,2026-01-28,SHIFT_C,150,102,3,2,15,0
EMP0034,2026-01-29,SHIFT_C,148,110,3,2,28,0
EMP0034,2026-01-30,SHIFT_C,141,108,4,2,25,0
EMP0034,2026-02-02,SHIFT_C,137,97,3,2,6,0
EMP0034,2026-02-03,SHIFT_C,147,99,3,1,16,0
EMP0034,2026-02-05,SHIFT_C,118,90,4,3,0,0
EMP0034,2026-02-06,SHIFT_C,141,94,4,2,74,0
EMP0034,2026-02-09,SHIFT_C,112,73,2,1,21,0
EMP0034,2026-02-10,SHIFT_C,117,82,3,2,49,0
EMP0034,2026-02-11,SHIFT_C,138,100,4,3,20,0
EMP0034,2026-02-12,SHIFT_C,146,101,3,1,8,0
EMP0034,2026-02-13,SHIFT_C,122,97,3,1,30,0
EMP0034,2026-02-16,SHIFT_C,131,98,3,2,28,0
EMP0034,2026-02-17,SHIFT_C,112,75,3,1,3,0
EMP0034,2026-02-18,SHIFT_C,148,99,4,3,4,0
EMP0034,2026-02-19,SHIFT_C,144,114,3,2,16,0
EMP0034,2026-02-20,SHIFT_C,122,96,3,2,31,0
EMP0034,2026-02-23,SHIFT_C,144,112,3,1,3,0
EMP0034,2026-02-24,SHIFT_C,126,92,4,2,18,0
EMP0034,2026-02-25,SHIFT_C,125,88,3,1,4,0
EMP0034,2026-02-26,SHIFT_C,145,106,4,3,9,0
EMP0034,2026-02-27,SHIFT_C,127,87,3,1,2,0
EMP0034,2026-03-02,SHIFT_C,146,102,3,1,5,0
EMP0034,2026-03-03,SHIFT_C,146,114,3,1,2,0
EMP0034,2026-03-04,SHIFT_C,150,102,3,1,26,0
EMP0034,2026-03-05,SHIFT_C,122,90,3,1,22,0
EMP0034,2026-03-06,SHIFT_C,122,87,3,1,9,0
EMP0034,2026-03-09,SHIFT_C,145,97,4,2,28,0
EMP0034,2026-03-10,SHIFT_C,137,104,3,2,6,0
EMP0034,2026-03-11,SHIFT_C,115,92,4,2,30,0
EMP0034,2026-03-12,SHIFT_C,143,104,3,2,23,0
EMP0034,2026-03-13,SHIFT_C,118,79,3,2,24,0
EMP0034,2026-03-16,SHIFT_C,112,73,2,1,25,0
EMP0034,2026-03-17,SHIFT_C,145,103,3,2,22,0
EMP0034,2026-03-18,SHIFT_C,143,104,3,2,25,0
EMP0034,2026-03-19,SHIFT_C,112,85,3,2,25,0
EMP0034,2026-03-20,SHIFT_C,133,101,3,1,20,0
EMP0034,2026-03-23,SHIFT_C,147,111,4,2,24,0
EMP0034,2026-03-24,SHIFT_C,121,95,3,1,25,0
EMP0034,2026-03-25,SHIFT_C,118,81,3,2,25,0
EMP0034,2026-03-26,SHIFT_C,136,95,3,2,10,0
EMP0034,2026-03-27,SHIFT_C,121,96,3,2,16,0
EMP0034,2026-03-30,SHIFT_C,148,102,3,2,8,0
EMP0034,2026-03-31,SHIFT_C,130,94,3,1,23,0
EMP0034,2026-04-01,SHIFT_C,133,102,3,1,5,0
EMP0034,2026-04-02,SHIFT_C,132,101,3,1,4,0
EMP0034,2026-04-03,SHIFT_C,145,98,3,2,27,0
EMP0034,2026-04-06,SHIFT_C,148,106,4,2,4,0
EMP0034,2026-04-07,SHIFT_C,139,97,3,2,17,0
EMP0034,2026-04-08,SHIFT_C,135,88,4,2,3,0
EMP0034,2026-04-09,SHIFT_C,115,82,3,1,0,0
EMP0034,2026-04-10,SHIFT_C,111,88,3,2,16,0
EMP0034,2026-04-13,SHIFT_C,136,97,3,2,30,0
EMP0034,2026-04-14,SHIFT_C,150,100,3,2,27,0
EMP0034,2026-04-15,SHIFT_C,134,91,4,2,5,0
EMP0034,2026-04-16,SHIFT_C,116,78,2,1,25,0
EMP0034,2026-04-20,SHIFT_C,137,91,3,2,4,0
EMP0034,2026-04-21,SHIFT_C,113,90,4,1,16,0
EMP0034,2026-04-22,SHIFT_C,139,100,3,2,19,0
EMP0034,2026-04-23,SHIFT_C,114,77,2,1,12,0
EMP0034,2026-04-24,SHIFT_C,133,96,3,2,7,0
EMP0034,2026-04-27,SHIFT_C,128,87,3,2,30,0
EMP0034,2026-04-28,SHIFT_C,144,105,3,2,17,0
EMP0034,2026-04-29,SHIFT_C,147,101,4,3,12,0
EMP0034,2026-04-30,SHIFT_C,138,91,3,1,29,0
EMP0034,2026-05-04,SHIFT_C,140,99,3,2,28,0
EMP0034,2026-05-05,SHIFT_C,129,94,3,2,18,0
EMP0034,2026-05-06,SHIFT_C,124,87,3,2,13,0
EMP0034,2026-05-07,SHIFT_C,141,105,3,1,30,0
EMP0034,2026-05-11,SHIFT_C,126,93,3,2,29,0
EMP0034,2026-05-12,SHIFT_C,130,97,3,1,0,0
EMP0034,2026-05-13,SHIFT_C,125,90,3,1,39,0
EMP0034,2026-05-14,SHIFT_C,111,84,3,2,18,0
EMP0034,2026-05-15,SHIFT_C,127,96,3,1,26,0
EMP0034,2026-05-18,SHIFT_C,114,77,2,1,29,0
EMP0034,2026-05-19,SHIFT_C,118,90,4,2,11,0
EMP0034,2026-05-20,SHIFT_C,146,107,4,1,34,0
EMP0034,2026-05-21,SHIFT_C,117,82,3,1,26,0
EMP0034,2026-05-22,SHIFT_C,144,104,3,2,13,1
EMP0034,2026-05-25,SHIFT_C,147,105,3,2,20,0
EMP0034,2026-05-26,SHIFT_C,128,100,3,2,8,0
EMP0034,2026-05-27,SHIFT_C,133,97,3,2,20,0
EMP0034,2026-05-28,SHIFT_C,129,87,3,2,30,0
EMP0034,2026-05-29,SHIFT_C,146,106,4,3,27,0
EMP0034,2026-06-01,SHIFT_C,138,95,3,2,25,0
EMP0034,2026-06-02,SHIFT_C,119,84,3,2,24,0
EMP0034,2026-06-03,SHIFT_C,130,85,3,2,0,0
EMP0034,2026-06-04,SHIFT_C,119,92,4,2,0,0
EMP0034,2026-06-05,SHIFT_C,115,84,3,2,13,0
EMP0034,2026-06-08,SHIFT_C,111,89,3,1,3,0
EMP0034,2026-06-09,SHIFT_C,125,83,2,1,0,0
EMP0034,2026-06-10,SHIFT_C,141,104,4,1,8,0
EMP0034,2026-06-11,SHIFT_C,125,87,3,2,3,0
EMP0034,2026-06-12,SHIFT_C,111,81,2,1,3,0
EMP0034,2026-06-15,SHIFT_C,130,85,3,2,16,0
EMP0034,2026-06-16,SHIFT_C,143,101,3,2,2,0
EMP0034,2026-06-17,SHIFT_C,125,87,3,1,25,0
EMP0034,2026-06-18,SHIFT_C,147,114,3,2,24,0
EMP0034,2026-06-19,SHIFT_C,116,82,2,1,12,0
EMP0034,2026-06-22,SHIFT_C,142,101,4,1,17,0
EMP0034,2026-06-23,SHIFT_C,146,102,4,2,15,0
EMP0034,2026-06-24,SHIFT_C,131,92,4,2,19,0
EMP0034,2026-06-25,SHIFT_C,143,108,4,3,20,0
EMP0034,2026-06-26,SHIFT_C,111,86,3,2,2,0
EMP0034,2026-06-29,SHIFT_C,143,98,4,2,11,0
EMP0034,2026-06-30,SHIFT_C,138,105,4,2,11,0
EMP0034,2026-07-01,SHIFT_C,124,91,3,2,65,0
EMP0034,2026-07-02,SHIFT_C,111,86,3,2,21,0
EMP0034,2026-07-03,SHIFT_C,128,96,4,2,6,0
EMP0034,2026-07-06,SHIFT_C,111,86,3,2,15,0
EMP0034,2026-07-07,SHIFT_C,119,91,3,2,2,0
EMP0034,2026-07-08,SHIFT_C,114,86,3,2,25,0
EMP0034,2026-07-09,SHIFT_C,129,95,4,2,25,0
EMP0034,2026-07-10,SHIFT_C,143,102,3,2,1,0
EMP0034,2026-07-13,SHIFT_C,126,95,3,2,22,0
EMP0034,2026-07-14,SHIFT_C,123,90,3,2,12,0
EMP0034,2026-07-15,SHIFT_C,146,114,3,1,1,0
EMP0034,2026-07-16,SHIFT_C,136,105,3,2,48,0
EMP0034,2026-07-17,SHIFT_C,141,99,3,1,27,0
EMP0034,2026-07-20,SHIFT_C,146,103,3,1,9,0
EMP0034,2026-07-21,SHIFT_C,118,90,3,2,29,0
EMP0034,2026-07-22,SHIFT_C,118,78,3,2,2,0
EMP0034,2026-07-23,SHIFT_C,110,78,3,2,70,0
EMP0034,2026-07-24,SHIFT_C,117,82,2,1,30,0
EMP0034,2026-07-27,SHIFT_C,148,117,4,1,8,0
EMP0034,2026-07-28,SHIFT_C,140,98,3,2,13,0
EMP0034,2026-07-29,SHIFT_C,145,116,3,2,5,0
EMP0034,2026-07-31,SHIFT_C,137,108,4,2,4,0
EMP0034,2026-08-04,SHIFT_C,125,84,3,2,8,0
EMP0034,2026-08-05,SHIFT_C,141,106,4,2,27,0
EMP0034,2026-08-07,SHIFT_C,146,109,3,1,15,0
EMP0034,2026-08-10,SHIFT_C,142,104,3,2,9,0
EMP0034,2026-08-11,SHIFT_C,146,102,4,1,13,0
EMP0034,2026-08-12,SHIFT_C,130,91,3,1,26,0
EMP0034,2026-08-13,SHIFT_C,146,105,3,1,28,0
EMP0034,2026-08-14,SHIFT_C,129,89,3,1,28,0
EMP0034,2026-08-17,SHIFT_C,124,92,4,2,1,0
EMP0034,2026-08-18,SHIFT_C,140,93,3,1,15,0
EMP0034,2026-08-19,SHIFT_C,127,97,3,2,14,0
EMP0034,2026-08-20,SHIFT_C,140,95,3,2,2,0
EMP0034,2026-08-24,SHIFT_C,122,83,2,1,0,0
EMP0034,2026-08-25,SHIFT_C,133,95,4,2,29,0
EMP0034,2026-08-26,SHIFT_C,137,102,3,2,2,0
EMP0034,2026-08-27,SHIFT_C,119,89,4,2,16,0
EMP0034,2026-08-28,SHIFT_C,113,85,3,2,28,0
EMP0034,2026-08-31,SHIFT_C,129,101,4,2,6,0
EMP0034,2026-09-01,SHIFT_C,133,92,3,1,20,0
EMP0034,2026-09-02,SHIFT_C,141,93,3,2,3,0
EMP0034,2026-09-03,SHIFT_C,133,101,3,2,11,0
EMP0034,2026-09-04,SHIFT_C,114,84,3,1,24,0
EMP0034,2026-09-07,SHIFT_C,129,91,4,3,59,0
EMP0034,2026-09-08,SHIFT_C,123,97,3,2,13,0
EMP0034,2026-09-09,SHIFT_C,130,92,4,2,2,0
EMP0034,2026-09-10,SHIFT_C,149,99,3,2,4,0
EMP0034,2026-09-11,SHIFT_C,112,75,2,1,1,0
EMP0035,2025-09-11,SHIFT_B,130,72,6,3,17,0
EMP0035,2025-09-12,SHIFT_B,141,77,6,2,30,0
EMP0035,2025-09-15,SHIFT_B,119,68,5,3,61,0
EMP0035,2025-09-16,SHIFT_B,137,76,6,3,4,0
EMP0035,2025-09-17,SHIFT_B,128,68,5,3,1,0
EMP0035,2025-09-18,SHIFT_B,141,71,6,3,1,0
EMP0035,2025-09-19,SHIFT_B,120,63,5,4,28,0
EMP0035,2025-09-22,SHIFT_B,129,64,5,2,16,0
EMP0035,2025-09-23,SHIFT_B,123,63,5,3,14,0
EMP0035,2025-09-24,SHIFT_B,131,73,7,3,20,0
EMP0035,2025-09-25,SHIFT_B,135,81,6,4,26,0
EMP0035,2025-09-26,SHIFT_B,138,81,7,2,54,0
EMP0035,2025-09-29,SHIFT_B,111,64,5,2,38,0
EMP0035,2025-09-30,SHIFT_B,128,65,5,2,15,0
EMP0035,2025-10-01,SHIFT_B,111,65,5,2,22,0
EMP0035,2025-10-02,SHIFT_B,112,65,5,3,4,0
EMP0035,2025-10-03,SHIFT_B,111,63,5,2,14,0
EMP0035,2025-10-06,SHIFT_B,118,63,5,2,71,0
EMP0035,2025-10-07,SHIFT_B,117,65,5,2,0,0
EMP0035,2025-10-09,SHIFT_B,124,63,5,2,48,0
EMP0035,2025-10-10,SHIFT_B,120,60,5,2,9,0
EMP0035,2025-10-13,SHIFT_B,148,80,6,4,33,0
EMP0035,2025-10-14,SHIFT_B,149,87,7,3,20,0
EMP0035,2025-10-15,SHIFT_B,121,63,6,4,21,0
EMP0035,2025-10-16,SHIFT_B,115,64,6,2,20,0
EMP0035,2025-10-17,SHIFT_B,145,76,6,2,14,0
EMP0035,2025-10-20,SHIFT_B,116,67,6,3,27,0
EMP0035,2025-10-21,SHIFT_B,114,63,5,3,17,0
EMP0035,2025-10-22,SHIFT_B,146,82,7,5,26,0
EMP0035,2025-10-23,SHIFT_B,120,61,5,2,7,1
EMP0035,2025-10-24,SHIFT_B,117,60,5,2,42,0
EMP0035,2025-10-27,SHIFT_B,131,76,6,2,25,0
EMP0035,2025-10-28,SHIFT_B,146,78,6,4,28,1
EMP0035,2025-10-29,SHIFT_B,148,80,7,3,16,0
EMP0035,2025-10-30,SHIFT_B,114,56,4,2,9,0
EMP0035,2025-11-03,SHIFT_B,114,61,5,2,27,0
EMP0035,2025-11-04,SHIFT_B,142,69,6,3,3,0
EMP0035,2025-11-05,SHIFT_B,121,62,6,4,25,0
EMP0035,2025-11-06,SHIFT_B,125,65,6,2,27,0
EMP0035,2025-11-07,SHIFT_B,124,63,6,2,64,0
EMP0035,2025-11-10,SHIFT_B,147,79,6,3,22,0
EMP0035,2025-11-11,SHIFT_B,128,65,6,3,21,0
EMP0035,2025-11-12,SHIFT_B,146,77,6,4,64,0
EMP0035,2025-11-13,SHIFT_B,128,65,5,3,60,0
EMP0035,2025-11-14,SHIFT_B,134,76,6,4,37,0
EMP0035,2025-11-17,SHIFT_B,144,83,7,3,6,0
EMP0035,2025-11-18,SHIFT_B,131,66,6,3,29,0
EMP0035,2025-11-19,SHIFT_B,127,64,6,4,29,0
EMP0035,2025-11-20,SHIFT_B,142,74,7,4,24,0
EMP0035,2025-11-21,SHIFT_B,122,68,5,2,24,0
EMP0035,2025-11-25,SHIFT_B,113,58,5,3,30,0
EMP0035,2025-11-26,SHIFT_B,116,57,5,3,27,0
EMP0035,2025-11-28,SHIFT_B,130,76,6,3,38,0
EMP0035,2025-12-01,SHIFT_B,117,62,5,2,8,0
EMP0035,2025-12-02,SHIFT_B,130,73,6,2,17,0
EMP0035,2025-12-03,SHIFT_B,149,89,7,2,17,0
EMP0035,2025-12-04,SHIFT_B,112,64,5,3,18,0
EMP0035,2025-12-05,SHIFT_B,118,67,5,2,20,0
EMP0035,2025-12-08,SHIFT_B,139,82,7,2,21,0
EMP0035,2025-12-09,SHIFT_B,142,75,6,4,7,0
EMP0035,2025-12-10,SHIFT_B,118,68,5,2,20,0
EMP0035,2025-12-11,SHIFT_B,128,74,7,3,4,0
EMP0035,2025-12-12,SHIFT_B,145,72,6,4,0,0
EMP0035,2025-12-15,SHIFT_B,128,70,6,2,15,0
EMP0035,2025-12-16,SHIFT_B,114,58,5,3,14,0
EMP0035,2025-12-17,SHIFT_B,110,64,6,2,5,0
EMP0035,2025-12-18,SHIFT_B,130,70,6,2,29,0
EMP0035,2025-12-19,SHIFT_B,114,66,5,3,12,0
EMP0035,2025-12-22,SHIFT_B,130,66,5,2,1,0
EMP0035,2025-12-23,SHIFT_B,113,57,5,2,3,0
EMP0035,2025-12-24,SHIFT_B,126,75,6,4,5,0
EMP0035,2025-12-26,SHIFT_B,131,68,5,2,73,0
EMP0035,2025-12-29,SHIFT_B,149,75,7,3,11,0
EMP0035,2025-12-30,SHIFT_B,135,74,6,2,8,0
EMP0035,2026-01-02,SHIFT_B,114,60,5,3,14,0
EMP0035,2026-01-05,SHIFT_B,115,67,5,2,28,0
EMP0035,2026-01-06,SHIFT_B,138,82,7,2,25,0
EMP0035,2026-01-07,SHIFT_B,131,70,6,2,24,0
EMP0035,2026-01-08,SHIFT_B,114,61,5,3,3,0
EMP0035,2026-01-09,SHIFT_B,145,84,7,4,8,0
EMP0035,2026-01-12,SHIFT_B,149,79,6,4,3,0
EMP0035,2026-01-13,SHIFT_B,118,67,6,3,1,0
EMP0035,2026-01-14,SHIFT_B,117,59,5,3,11,0
EMP0035,2026-01-15,SHIFT_B,142,71,6,3,12,0
EMP0035,2026-01-16,SHIFT_B,129,68,6,2,18,0
EMP0035,2026-01-19,SHIFT_B,118,66,5,3,37,0
EMP0035,2026-01-20,SHIFT_B,120,65,5,2,18,0
EMP0035,2026-01-21,SHIFT_B,147,84,7,4,18,0
EMP0035,2026-01-23,SHIFT_B,131,71,6,4,29,0
EMP0035,2026-01-26,SHIFT_B,120,59,5,3,7,0
EMP0035,2026-01-27,SHIFT_B,116,59,5,2,30,0
EMP0035,2026-01-28,SHIFT_B,114,66,5,3,10,0
EMP0035,2026-01-29,SHIFT_B,118,66,5,2,0,0
EMP0035,2026-01-30,SHIFT_B,117,61,5,2,5,0
EMP0035,2026-02-02,SHIFT_B,149,77,6,2,5,0
EMP0035,2026-02-03,SHIFT_B,147,84,8,3,11,0
EMP0035,2026-02-05,SHIFT_B,112,57,5,2,30,0
EMP0035,2026-02-06,SHIFT_B,141,83,7,5,1,0
EMP0035,2026-02-09,SHIFT_B,147,81,6,4,22,0
EMP0035,2026-02-10,SHIFT_B,130,66,5,2,12,0
EMP0035,2026-02-11,SHIFT_B,144,70,6,4,2,0
EMP0035,2026-02-12,SHIFT_B,110,60,5,3,24,0
EMP0035,2026-02-13,SHIFT_B,138,80,6,3,5,0
EMP0035,2026-02-16,SHIFT_B,125,75,6,3,63,0
EMP0035,2026-02-17,SHIFT_B,146,71,6,4,10,0
EMP0035,2026-02-18,SHIFT_B,137,70,6,4,51,1
EMP0035,2026-02-19,SHIFT_B,117,68,5,3,11,0
EMP0035,2026-02-20,SHIFT_B,131,65,5,3,10,0
EMP0035,2026-02-23,SHIFT_B,129,76,6,2,14,0
EMP0035,2026-02-24,SHIFT_B,139,70,6,4,24,0
EMP0035,2026-02-25,SHIFT_B,148,77,7,5,22,0
EMP0035,2026-02-26,SHIFT_B,131,65,5,2,13,0
EMP0035,2026-02-27,SHIFT_B,139,72,6,3,0,0
EMP0035,2026-03-02,SHIFT_B,133,66,5,3,21,0
EMP0035,2026-03-03,SHIFT_B,126,64,5,4,13,0
EMP0035,2026-03-04,SHIFT_B,150,73,7,3,55,0
EMP0035,2026-03-05,SHIFT_B,118,63,5,3,10,0
EMP0035,2026-03-06,SHIFT_B,110,54,5,3,18,0
EMP0035,2026-03-09,SHIFT_B,110,57,5,2,17,0
EMP0035,2026-03-10,SHIFT_B,124,67,6,2,31,0
EMP0035,2026-03-11,SHIFT_B,135,79,6,2,27,0
EMP0035,2026-03-12,SHIFT_B,126,62,6,4,0,0
EMP0035,2026-03-13,SHIFT_B,128,70,6,4,68,0
EMP0035,2026-03-16,SHIFT_B,126,73,7,4,13,0
EMP0035,2026-03-17,SHIFT_B,138,74,6,3,10,0
EMP0035,2026-03-18,SHIFT_B,132,68,5,3,17,0
EMP0035,2026-03-19,SHIFT_B,122,68,6,4,1,0
EMP0035,2026-03-20,SHIFT_B,124,73,6,3,21,0
EMP0035,2026-03-23,SHIFT_B,149,85,8,5,18,0
EMP0035,2026-03-24,SHIFT_B,136,70,6,2,3,0
EMP0035,2026-03-25,SHIFT_B,132,75,6,2,3,0
EMP0035,2026-03-26,SHIFT_B,140,77,6,3,23,0
EMP0035,2026-03-27,SHIFT_B,136,80,6,3,25,0
EMP0035,2026-03-30,SHIFT_B,150,75,6,2,14,0
EMP0035,2026-03-31,SHIFT_B,144,85,7,3,26,0
EMP0035,2026-04-01,SHIFT_B,120,59,5,2,43,0
EMP0035,2026-04-02,SHIFT_B,136,81,7,2,59,0
EMP0035,2026-04-03,SHIFT_B,145,78,7,3,26,0
EMP0035,2026-04-06,SHIFT_B,140,78,6,2,0,0
EMP0035,2026-04-07,SHIFT_B,127,74,6,4,73,0
EMP0035,2026-04-08,SHIFT_B,116,62,5,3,10,0
EMP0035,2026-04-09,SHIFT_B,145,81,6,3,14,0
EMP0035,2026-04-10,SHIFT_B,145,73,6,4,21,0
EMP0035,2026-04-13,SHIFT_B,149,81,7,4,5,0
EMP0035,2026-04-14,SHIFT_B,145,80,7,3,19,0
EMP0035,2026-04-15,SHIFT_B,149,74,7,3,21,0
EMP0035,2026-04-17,SHIFT_B,119,68,5,2,9,0
EMP0035,2026-04-20,SHIFT_B,140,78,6,4,15,0
EMP0035,2026-04-21,SHIFT_B,113,58,5,2,23,0
EMP0035,2026-04-22,SHIFT_B,149,77,6,3,1,0
EMP0035,2026-04-23,SHIFT_B,150,85,7,2,29,0
EMP0035,2026-04-24,SHIFT_B,148,73,7,2,23,0
EMP0035,2026-04-27,SHIFT_B,120,64,5,3,50,0
EMP0035,2026-04-28,SHIFT_B,127,69,6,4,3,0
EMP0035,2026-04-29,SHIFT_B,145,75,7,4,26,0
EMP0035,2026-04-30,SHIFT_B,135,71,6,3,2,0
EMP0035,2026-05-04,SHIFT_B,130,77,7,5,11,0
EMP0035,2026-05-05,SHIFT_B,127,62,5,2,25,0
EMP0035,2026-05-06,SHIFT_B,127,67,5,3,11,0
EMP0035,2026-05-07,SHIFT_B,130,71,6,3,4,0
EMP0035,2026-05-08,SHIFT_B,126,68,6,4,64,0
EMP0035,2026-05-11,SHIFT_B,141,72,6,2,23,0
EMP0035,2026-05-12,SHIFT_B,132,71,6,3,21,0
EMP0035,2026-05-13,SHIFT_B,121,62,5,3,18,0
EMP0035,2026-05-14,SHIFT_B,148,86,8,4,11,0
EMP0035,2026-05-15,SHIFT_B,118,59,5,3,17,0
EMP0035,2026-05-18,SHIFT_B,137,77,7,4,19,0
EMP0035,2026-05-19,SHIFT_B,125,65,5,3,2,1
EMP0035,2026-05-20,SHIFT_B,134,70,6,2,18,0
EMP0035,2026-05-21,SHIFT_B,116,67,6,4,5,0
EMP0035,2026-05-22,SHIFT_B,134,68,6,3,3,0
EMP0035,2026-05-25,SHIFT_B,150,85,7,4,27,0
EMP0035,2026-05-26,SHIFT_B,146,87,8,5,6,0
EMP0035,2026-05-27,SHIFT_B,113,55,5,3,27,0
EMP0035,2026-05-28,SHIFT_B,138,71,6,2,14,0
EMP0035,2026-05-29,SHIFT_B,122,72,6,2,3,0
EMP0035,2026-06-01,SHIFT_B,138,77,6,2,11,0
EMP0035,2026-06-02,SHIFT_B,148,85,8,3,17,0
EMP0035,2026-06-03,SHIFT_B,133,69,6,2,24,0
EMP0035,2026-06-04,SHIFT_B,116,57,5,2,23,0
EMP0035,2026-06-05,SHIFT_B,147,84,7,4,11,0
EMP0035,2026-06-08,SHIFT_B,112,57,5,2,1,0
EMP0035,2026-06-09,SHIFT_B,128,69,6,3,12,0
EMP0035,2026-06-10,SHIFT_B,146,79,6,4,22,0
EMP0035,2026-06-11,SHIFT_B,129,75,6,3,27,0
EMP0035,2026-06-12,SHIFT_B,150,82,7,4,23,0
EMP0035,2026-06-15,SHIFT_B,133,77,6,4,16,0
EMP0035,2026-06-16,SHIFT_B,122,73,6,3,14,0
EMP0035,2026-06-17,SHIFT_B,144,85,7,4,30,0
EMP0035,2026-06-18,SHIFT_B,118,71,6,4,12,0
EMP0035,2026-06-19,SHIFT_B,131,70,6,3,9,0
EMP0035,2026-06-22,SHIFT_B,150,86,7,2,59,0
EMP0035,2026-06-23,SHIFT_B,116,61,5,2,21,0
EMP0035,2026-06-24,SHIFT_B,149,77,6,2,19,0
EMP0035,2026-06-25,SHIFT_B,146,86,7,2,10,0
EMP0035,2026-06-26,SHIFT_B,142,77,6,4,5,0
EMP0035,2026-06-29,SHIFT_B,127,64,5,2,69,0
EMP0035,2026-06-30,SHIFT_B,145,81,6,4,19,0
EMP0035,2026-07-01,SHIFT_B,134,70,6,3,17,0
EMP0035,2026-07-02,SHIFT_B,136,72,6,3,29,0
EMP0035,2026-07-03,SHIFT_B,129,67,5,2,8,0
EMP0035,2026-07-06,SHIFT_B,145,77,6,4,60,0
EMP0035,2026-07-07,SHIFT_B,121,72,6,2,16,0
EMP0035,2026-07-08,SHIFT_B,140,82,7,2,19,0
EMP0035,2026-07-09,SHIFT_B,139,72,6,2,15,0
EMP0035,2026-07-13,SHIFT_B,122,61,5,3,6,0
EMP0035,2026-07-14,SHIFT_B,134,66,6,4,21,0
EMP0035,2026-07-15,SHIFT_B,122,73,7,3,18,0
EMP0035,2026-07-16,SHIFT_B,138,78,7,4,3,0
EMP0035,2026-07-17,SHIFT_B,126,74,6,3,2,0
EMP0035,2026-07-20,SHIFT_B,119,68,6,4,1,0
EMP0035,2026-07-21,SHIFT_B,125,62,5,3,38,0
EMP0035,2026-07-22,SHIFT_B,120,63,6,3,14,0
EMP0035,2026-07-23,SHIFT_B,111,54,4,2,13,0
EMP0035,2026-07-27,SHIFT_B,112,55,5,3,12,0
EMP0035,2026-07-28,SHIFT_B,130,76,6,4,24,0
EMP0035,2026-07-29,SHIFT_B,136,80,7,4,20,0
EMP0035,2026-07-30,SHIFT_B,131,75,7,5,8,0
EMP0035,2026-07-31,SHIFT_B,136,68,6,3,25,0
EMP0035,2026-08-03,SHIFT_B,148,76,6,2,29,0
EMP0035,2026-08-04,SHIFT_B,148,88,7,5,6,0
EMP0035,2026-08-05,SHIFT_B,128,70,6,3,27,0
EMP0035,2026-08-06,SHIFT_B,135,70,6,3,7,0
EMP0035,2026-08-07,SHIFT_B,149,82,7,4,14,0
EMP0035,2026-08-10,SHIFT_B,136,80,7,5,66,0
EMP0035,2026-08-11,SHIFT_B,116,62,5,3,0,0
EMP0035,2026-08-12,SHIFT_B,113,63,6,4,24,0
EMP0035,2026-08-13,SHIFT_B,137,74,7,4,26,0
EMP0035,2026-08-14,SHIFT_B,132,72,6,3,22,0
EMP0035,2026-08-17,SHIFT_B,131,66,5,2,56,0
EMP0035,2026-08-18,SHIFT_B,115,67,5,3,58,0
EMP0035,2026-08-19,SHIFT_B,110,59,5,2,2,0
EMP0035,2026-08-20,SHIFT_B,121,68,5,2,3,0
EMP0035,2026-08-24,SHIFT_B,120,70,6,2,17,0
EMP0035,2026-08-25,SHIFT_B,144,78,6,2,9,0
EMP0035,2026-08-26,SHIFT_B,118,65,5,2,22,0
EMP0035,2026-08-27,SHIFT_B,143,78,6,2,17,0
EMP0035,2026-08-28,SHIFT_B,114,62,5,2,16,0
EMP0035,2026-08-31,SHIFT_B,138,77,6,3,15,0
EMP0035,2026-09-01,SHIFT_B,134,71,6,3,3,0
EMP0035,2026-09-02,SHIFT_B,144,80,7,5,63,0
EMP0035,2026-09-03,SHIFT_B,144,81,6,2,19,0
EMP0035,2026-09-04,SHIFT_B,142,83,7,2,18,0
EMP0035,2026-09-07,SHIFT_B,111,63,5,3,23,0
EMP0035,2026-09-08,SHIFT_B,130,65,6,3,16,0
EMP0035,2026-09-09,SHIFT_B,147,81,6,3,57,0
EMP0035,2026-09-10,SHIFT_B,112,66,6,4,26,0
EMP0035,2026-09-11,SHIFT_B,124,74,6,2,20,0
EMP0036,2026-03-24,SHIFT_B,118,92,3,2,2,0
EMP0036,2026-03-25,SHIFT_B,143,100,4,2,54,0
EMP0036,2026-03-26,SHIFT_B,134,95,3,2,26,0
EMP0036,2026-03-27,SHIFT_B,147,96,4,3,18,0
EMP0036,2026-03-30,SHIFT_B,134,88,3,1,15,0
EMP0036,2026-03-31,SHIFT_B,115,87,3,1,25,0
EMP0036,2026-04-01,SHIFT_B,135,97,3,1,3,0
EMP0036,2026-04-02,SHIFT_B,144,104,4,1,17,0
EMP0036,2026-04-03,SHIFT_B,144,104,3,2,23,0
EMP0036,2026-04-06,SHIFT_B,117,79,2,1,12,0
EMP0036,2026-04-07,SHIFT_B,118,81,2,1,18,0
EMP0036,2026-04-08,SHIFT_B,119,82,3,2,23,0
EMP0036,2026-04-09,SHIFT_B,121,88,4,2,24,0
EMP0036,2026-04-10,SHIFT_B,131,96,3,2,13,0
EMP0036,2026-04-13,SHIFT_B,145,106,3,2,27,0
EMP0036,2026-04-14,SHIFT_B,117,82,3,1,29,1
EMP0036,2026-04-15,SHIFT_B,114,89,3,1,8,0
EMP0036,2026-04-16,SHIFT_B,123,85,3,1,14,0
EMP0036,2026-04-20,SHIFT_B,129,85,3,2,24,0
EMP0036,2026-04-22,SHIFT_B,143,93,3,2,19,0
EMP0036,2026-04-23,SHIFT_B,133,98,4,2,17,0
EMP0036,2026-04-24,SHIFT_B,129,100,4,2,13,0
EMP0036,2026-04-27,SHIFT_B,128,97,4,1,26,0
EMP0036,2026-04-28,SHIFT_B,133,95,4,2,19,0
EMP0036,2026-04-29,SHIFT_B,123,90,4,1,22,0
EMP0036,2026-04-30,SHIFT_B,137,90,3,1,23,0
EMP0036,2026-05-04,SHIFT_B,141,109,4,1,1,0
EMP0036,2026-05-05,SHIFT_B,142,94,3,1,54,0
EMP0036,2026-05-06,SHIFT_B,116,88,4,1,25,0
EMP0036,2026-05-07,SHIFT_B,128,90,3,2,13,0
EMP0036,2026-05-08,SHIFT_B,143,95,3,1,16,0
EMP0036,2026-05-11,SHIFT_B,148,102,3,2,9,0
EMP0036,2026-05-12,SHIFT_B,115,87,3,2,30,0
EMP0036,2026-05-13,SHIFT_B,113,77,3,2,15,0
EMP0036,2026-05-14,SHIFT_B,148,108,4,3,20,0
EMP0036,2026-05-15,SHIFT_B,126,99,3,1,13,0
EMP0036,2026-05-18,SHIFT_B,112,83,2,1,10,0
EMP0036,2026-05-19,SHIFT_B,114,74,2,1,20,0
EMP0036,2026-05-20,SHIFT_B,139,103,3,1,28,0
EMP0036,2026-05-21,SHIFT_B,148,112,4,2,2,0
EMP0036,2026-05-22,SHIFT_B,131,94,3,1,6,0
EMP0036,2026-05-25,SHIFT_B,116,92,3,2,10,0
EMP0036,2026-05-26,SHIFT_B,114,76,2,1,5,0
EMP0036,2026-05-27,SHIFT_B,146,107,3,1,20,0
EMP0036,2026-05-28,SHIFT_B,113,74,2,1,10,0
EMP0036,2026-05-29,SHIFT_B,119,89,3,1,6,0
EMP0036,2026-06-01,SHIFT_B,142,107,4,2,27,0
EMP0036,2026-06-02,SHIFT_B,137,96,3,1,18,0
EMP0036,2026-06-03,SHIFT_B,129,95,3,1,20,0
EMP0036,2026-06-04,SHIFT_B,147,103,3,1,40,0
EMP0036,2026-06-05,SHIFT_B,111,86,3,2,8,0
EMP0036,2026-06-08,SHIFT_B,134,97,3,2,42,0
EMP0036,2026-06-09,SHIFT_B,112,83,2,1,27,0
EMP0036,2026-06-10,SHIFT_B,146,104,3,2,3,0
EMP0036,2026-06-11,SHIFT_B,132,101,4,1,29,0
EMP0036,2026-06-12,SHIFT_B,125,92,3,2,6,0
EMP0036,2026-06-15,SHIFT_B,112,79,2,1,74,0
EMP0036,2026-06-16,SHIFT_B,135,88,3,1,17,0
EMP0036,2026-06-17,SHIFT_B,131,102,3,1,60,0
EMP0036,2026-06-18,SHIFT_B,140,99,3,1,17,0
EMP0036,2026-06-19,SHIFT_B,147,113,3,2,2,0
EMP0036,2026-06-22,SHIFT_B,135,107,3,1,10,0
EMP0036,2026-06-23,SHIFT_B,134,105,3,1,23,0
EMP0036,2026-06-24,SHIFT_B,145,99,3,1,9,0
EMP0036,2026-06-25,SHIFT_B,140,107,3,1,25,0
EMP0036,2026-06-26,SHIFT_B,113,76,2,1,16,0
EMP0036,2026-06-29,SHIFT_B,149,103,4,2,72,0
EMP0036,2026-06-30,SHIFT_B,150,113,3,2,2,0
EMP0036,2026-07-01,SHIFT_B,127,98,3,2,2,0
EMP0036,2026-07-02,SHIFT_B,121,80,3,2,12,0
EMP0036,2026-07-03,SHIFT_B,120,82,2,1,10,0
EMP0036,2026-07-06,SHIFT_B,129,87,3,1,43,0
EMP0036,2026-07-07,SHIFT_B,130,100,4,2,24,0
EMP0036,2026-07-08,SHIFT_B,146,106,3,1,24,0
EMP0036,2026-07-10,SHIFT_B,126,99,3,2,11,0
EMP0036,2026-07-13,SHIFT_B,120,80,3,1,30,0
EMP0036,2026-07-14,SHIFT_B,139,109,3,1,40,0
EMP0036,2026-07-15,SHIFT_B,118,92,3,2,5,0
EMP0036,2026-07-16,SHIFT_B,141,93,3,1,17,0
EMP0036,2026-07-17,SHIFT_B,149,99,3,1,15,1
EMP0036,2026-07-20,SHIFT_B,122,81,2,1,13,0
EMP0036,2026-07-22,SHIFT_B,136,99,3,2,17,0
EMP0036,2026-07-23,SHIFT_B,127,88,3,1,0,0
EMP0036,2026-07-24,SHIFT_B,148,97,3,2,2,0
EMP0036,2026-07-27,SHIFT_B,111,75,2,1,4,0
EMP0036,2026-07-28,SHIFT_B,120,88,4,2,3,0
EMP0036,2026-07-29,SHIFT_B,134,105,4,2,55,0
EMP0036,2026-07-30,SHIFT_B,110,79,2,1,28,0
EMP0036,2026-07-31,SHIFT_B,132,89,4,2,11,0
EMP0036,2026-08-03,SHIFT_B,129,85,3,2,18,0
EMP0036,2026-08-04,SHIFT_B,140,97,3,2,51,0
EMP0036,2026-08-05,SHIFT_B,150,108,3,1,26,0
EMP0036,2026-08-06,SHIFT_B,117,78,2,1,23,0
EMP0036,2026-08-07,SHIFT_B,138,99,4,2,66,0
EMP0036,2026-08-10,SHIFT_B,120,89,3,2,25,0
EMP0036,2026-08-11,SHIFT_B,144,102,4,1,21,0
EMP0036,2026-08-12,SHIFT_B,125,90,3,2,5,0
EMP0036,2026-08-13,SHIFT_B,148,114,3,2,18,0
EMP0036,2026-08-14,SHIFT_B,135,99,3,1,54,0
EMP0036,2026-08-17,SHIFT_B,146,94,4,3,22,0
EMP0036,2026-08-18,SHIFT_B,123,90,3,2,4,0
EMP0036,2026-08-19,SHIFT_B,138,93,3,1,15,0
EMP0036,2026-08-20,SHIFT_B,135,106,3,2,17,0
EMP0036,2026-08-21,SHIFT_B,143,104,4,2,19,0
EMP0036,2026-08-24,SHIFT_B,125,98,4,2,25,0
EMP0036,2026-08-25,SHIFT_B,147,113,5,3,7,0
EMP0036,2026-08-26,SHIFT_B,145,102,4,2,29,0
EMP0036,2026-08-27,SHIFT_B,113,77,3,2,3,0
EMP0036,2026-08-28,SHIFT_B,115,83,2,1,29,0
EMP0036,2026-08-31,SHIFT_B,143,108,3,2,18,0
EMP0036,2026-09-01,SHIFT_B,125,98,4,1,21,0
EMP0036,2026-09-02,SHIFT_B,145,103,4,2,8,0
EMP0036,2026-09-03,SHIFT_B,116,77,3,2,18,0
EMP0036,2026-09-07,SHIFT_B,136,89,4,1,26,0
EMP0036,2026-09-08,SHIFT_B,126,92,3,1,10,0
EMP0036,2026-09-09,SHIFT_B,128,89,3,1,16,0
EMP0036,2026-09-10,SHIFT_B,114,90,4,2,16,0
EMP0036,2026-09-11,SHIFT_B,118,78,2,1,26,0
EMP0037,2025-09-11,SHIFT_B,104,76,2,1,17,0
EMP0037,2025-09-12,SHIFT_B,92,62,1,0,25,0
EMP0037,2025-09-15,SHIFT_B,129,97,2,1,5,0
EMP0037,2025-09-16,SHIFT_B,98,65,1,1,5,0
EMP0037,2025-09-17,SHIFT_B,105,83,2,1,14,0
EMP0037,2025-09-18,SHIFT_B,95,70,1,1,5,0
EMP0037,2025-09-19,SHIFT_B,111,88,2,1,27,0
EMP0037,2025-09-22,SHIFT_B,120,89,3,1,30,0
EMP0037,2025-09-23,SHIFT_B,102,70,2,1,9,0
EMP0037,2025-09-24,SHIFT_B,90,65,2,1,9,0
EMP0037,2025-09-25,SHIFT_B,112,82,2,1,27,0
EMP0037,2025-09-26,SHIFT_B,123,82,2,1,19,0
EMP0037,2025-09-29,SHIFT_B,129,84,2,1,30,0
EMP0037,2025-09-30,SHIFT_B,120,79,2,1,8,0
EMP0037,2025-10-01,SHIFT_B,105,73,1,1,3,0
EMP0037,2025-10-02,SHIFT_B,100,71,1,0,53,0
EMP0037,2025-10-03,SHIFT_B,106,83,2,1,24,0
EMP0037,2025-10-06,SHIFT_B,97,73,2,1,7,0
EMP0037,2025-10-07,SHIFT_B,92,72,1,1,36,0
EMP0037,2025-10-08,SHIFT_B,99,65,1,0,17,0
EMP0037,2025-10-09,SHIFT_B,112,82,2,1,0,0
EMP0037,2025-10-10,SHIFT_B,130,93,3,1,14,0
EMP0037,2025-10-13,SHIFT_B,117,82,2,1,10,0
EMP0037,2025-10-14,SHIFT_B,103,79,2,1,30,0
EMP0037,2025-10-15,SHIFT_B,111,86,2,1,6,0
EMP0037,2025-10-16,SHIFT_B,90,67,1,1,66,0
EMP0037,2025-10-17,SHIFT_B,120,93,2,1,1,0
EMP0037,2025-10-20,SHIFT_B,112,89,3,1,0,0
EMP0037,2025-10-21,SHIFT_B,96,64,1,1,25,0
EMP0037,2025-10-22,SHIFT_B,120,80,2,1,13,0
EMP0037,2025-10-23,SHIFT_B,104,69,2,1,61,0
EMP0037,2025-10-24,SHIFT_B,108,84,3,1,11,0
EMP0037,2025-10-27,SHIFT_B,120,89,2,1,5,0
EMP0037,2025-10-28,SHIFT_B,93,73,1,1,58,0
EMP0037,2025-10-29,SHIFT_B,130,95,2,1,52,0
EMP0037,2025-10-30,SHIFT_B,114,84,2,1,30,0
EMP0037,2025-10-31,SHIFT_B,112,84,3,2,1,0
EMP0037,2025-11-03,SHIFT_B,102,77,2,1,40,0
EMP0037,2025-11-04,SHIFT_B,129,96,2,1,8,0
EMP0037,2025-11-05,SHIFT_B,117,83,2,1,1,0
EMP0037,2025-11-06,SHIFT_B,130,100,3,2,0,0
EMP0037,2025-11-07,SHIFT_B,99,79,2,1,24,0
EMP0037,2025-11-10,SHIFT_B,117,87,2,1,45,0
EMP0037,2025-11-11,SHIFT_B,103,67,2,1,17,1
EMP0037,2025-11-12,SHIFT_B,114,84,3,1,20,0
EMP0037,2025-11-13,SHIFT_B,125,84,2,1,23,0
EMP0037,2025-11-14,SHIFT_B,115,80,2,1,12,0
EMP0037,2025-11-17,SHIFT_B,121,95,3,2,70,0
EMP0037,2025-11-18,SHIFT_B,115,89,3,2,21,0
EMP0037,2025-11-19,SHIFT_B,114,85,2,1,16,0
EMP0037,2025-11-20,SHIFT_B,92,63,2,1,22,0
EMP0037,2025-11-21,SHIFT_B,124,90,2,1,25,0
EMP0037,2025-11-24,SHIFT_B,122,91,2,1,19,0
EMP0037,2025-11-25,SHIFT_B,108,81,2,1,24,0
EMP0037,2025-11-26,SHIFT_B,108,74,2,1,11,0
EMP0037,2025-11-27,SHIFT_B,112,86,3,2,24,0
EMP0037,2025-11-28,SHIFT_B,121,94,3,1,10,0
EMP0037,2025-12-01,SHIFT_B,129,103,3,2,8,0
EMP0037,2025-12-02,SHIFT_B,124,83,2,1,23,0
EMP0037,2025-12-03,SHIFT_B,109,84,2,1,11,1
EMP0037,2025-12-04,SHIFT_B,121,94,3,1,25,0
EMP0037,2025-12-05,SHIFT_B,96,71,1,1,3,0
EMP0037,2025-12-08,SHIFT_B,107,86,2,1,10,0
EMP0037,2025-12-09,SHIFT_B,126,86,2,1,12,0
EMP0037,2025-12-10,SHIFT_B,101,76,2,1,66,0
EMP0037,2025-12-11,SHIFT_B,104,76,2,1,21,0
EMP0037,2025-12-12,SHIFT_B,92,70,1,1,2,0
EMP0037,2025-12-15,SHIFT_B,126,98,3,2,18,0
EMP0037,2025-12-16,SHIFT_B,117,79,2,1,20,0
EMP0037,2025-12-17,SHIFT_B,112,86,2,1,6,0
EMP0037,2025-12-18,SHIFT_B,122,87,3,1,20,0
EMP0037,2025-12-22,SHIFT_B,95,73,1,0,16,0
EMP0037,2025-12-23,SHIFT_B,120,90,2,1,18,0
EMP0037,2025-12-24,SHIFT_B,104,80,2,1,60,0
EMP0037,2025-12-26,SHIFT_B,102,68,1,0,22,0
EMP0037,2025-12-29,SHIFT_B,112,80,2,1,17,0
EMP0037,2025-12-30,SHIFT_B,129,96,2,1,29,0
EMP0037,2026-01-02,SHIFT_B,107,74,1,1,64,0
EMP0037,2026-01-05,SHIFT_B,93,66,1,0,28,0
EMP0037,2026-01-06,SHIFT_B,103,73,1,1,30,0
EMP0037,2026-01-07,SHIFT_B,101,74,1,1,14,0
EMP0037,2026-01-08,SHIFT_B,112,77,2,1,21,0
EMP0037,2026-01-09,SHIFT_B,90,60,1,1,14,0
EMP0037,2026-01-13,SHIFT_B,120,93,2,1,20,0
EMP0037,2026-01-14,SHIFT_B,107,83,2,1,5,0
EMP0037,2026-01-15,SHIFT_B,105,76,2,1,16,0
EMP0037,2026-01-16,SHIFT_B,99,71,1,1,72,0
EMP0037,2026-01-19,SHIFT_B,114,75,2,1,15,0
EMP0037,2026-01-20,SHIFT_B,118,93,2,1,10,0
EMP0037,2026-01-21,SHIFT_B,105,69,2,1,22,0
EMP0037,2026-01-22,SHIFT_B,124,85,3,1,19,0
EMP0037,2026-01-23,SHIFT_B,101,67,1,0,27,0
EMP0037,2026-01-26,SHIFT_B,100,76,2,1,2,0
EMP0037,2026-01-27,SHIFT_B,119,86,2,1,6,0
EMP0037,2026-01-28,SHIFT_B,106,76,2,1,5,0
EMP0037,2026-01-29,SHIFT_B,112,77,2,1,23,0
EMP0037,2026-01-30,SHIFT_B,107,76,2,1,21,0
EMP0037,2026-02-02,SHIFT_B,125,95,3,1,5,0
EMP0037,2026-02-03,SHIFT_B,120,88,3,1,0,0
EMP0037,2026-02-05,SHIFT_B,124,96,3,1,28,0
EMP0037,2026-02-06,SHIFT_B,96,72,1,1,1,0
EMP0037,2026-02-09,SHIFT_B,116,91,3,1,19,0
EMP0037,2026-02-10,SHIFT_B,96,70,1,0,6,0
EMP0037,2026-02-11,SHIFT_B,128,88,2,1,8,0
EMP0037,2026-02-12,SHIFT_B,125,92,2,1,42,0
EMP0037,2026-02-13,SHIFT_B,104,76,2,1,3,0
EMP0037,2026-02-16,SHIFT_B,124,86,2,1,8,0
EMP0037,2026-02-17,SHIFT_B,104,74,1,1,18,0
EMP0037,2026-02-18,SHIFT_B,117,90,2,1,55,0
EMP0037,2026-02-19,SHIFT_B,97,65,1,0,20,0
EMP0037,2026-02-20,SHIFT_B,115,83,2,1,15,0
EMP0037,2026-02-23,SHIFT_B,120,96,3,2,14,0
EMP0037,2026-02-24,SHIFT_B,96,65,1,0,29,0
EMP0037,2026-02-25,SHIFT_B,110,82,2,1,8,0
EMP0037,2026-02-26,SHIFT_B,98,76,2,1,42,0
EMP0037,2026-02-27,SHIFT_B,97,73,1,0,8,0
EMP0037,2026-03-02,SHIFT_B,102,73,1,0,66,0
EMP0037,2026-03-03,SHIFT_B,129,90,2,1,26,0
EMP0037,2026-03-04,SHIFT_B,107,78,2,1,0,0
EMP0037,2026-03-05,SHIFT_B,122,91,2,1,10,0
EMP0037,2026-03-06,SHIFT_B,115,86,2,1,28,0
EMP0037,2026-03-09,SHIFT_B,93,62,1,0,28,0
EMP0037,2026-03-10,SHIFT_B,90,65,1,0,3,0
EMP0037,2026-03-11,SHIFT_B,110,86,2,1,64,0
EMP0037,2026-03-12,SHIFT_B,105,70,1,1,33,0
EMP0037,2026-03-13,SHIFT_B,98,77,2,1,28,0
EMP0037,2026-03-16,SHIFT_B,110,81,2,1,12,0
EMP0037,2026-03-17,SHIFT_B,119,88,2,1,6,0
EMP0037,2026-03-18,SHIFT_B,90,64,1,1,23,0
EMP0037,2026-03-19,SHIFT_B,122,90,2,1,58,0
EMP0037,2026-03-20,SHIFT_B,110,79,2,1,19,0
EMP0037,2026-03-23,SHIFT_B,107,78,2,1,25,0
EMP0037,2026-03-24,SHIFT_B,105,80,2,1,16,0
EMP0037,2026-03-25,SHIFT_B,119,79,2,1,5,0
EMP0037,2026-03-26,SHIFT_B,111,82,2,1,29,0
EMP0037,2026-03-27,SHIFT_B,125,95,2,1,27,0
EMP0037,2026-03-30,SHIFT_B,94,70,2,1,74,0
EMP0037,2026-03-31,SHIFT_B,117,78,2,1,26,0
EMP0037,2026-04-01,SHIFT_B,120,88,3,1,24,0
EMP0037,2026-04-02,SHIFT_B,97,73,1,1,19,0
EMP0037,2026-04-06,SHIFT_B,120,87,2,1,24,0
EMP0037,2026-04-07,SHIFT_B,100,74,2,1,16,0
EMP0037,2026-04-08,SHIFT_B,90,65,1,1,74,0
EMP0037,2026-04-09,SHIFT_B,121,95,3,1,12,0
EMP0037,2026-04-10,SHIFT_B,94,70,2,1,25,0
EMP0037,2026-04-13,SHIFT_B,102,77,2,1,4,0
EMP0037,2026-04-14,SHIFT_B,98,78,2,1,22,0
EMP0037,2026-04-15,SHIFT_B,111,79,2,1,20,0
EMP0037,2026-04-16,SHIFT_B,130,102,3,1,0,0
EMP0037,2026-04-20,SHIFT_B,126,92,3,1,23,0
EMP0037,2026-04-21,SHIFT_B,112,84,2,1,18,0
EMP0037,2026-04-22,SHIFT_B,98,76,2,1,10,0
EMP0037,2026-04-23,SHIFT_B,124,87,2,1,12,0
EMP0037,2026-04-24,SHIFT_B,100,70,1,0,12,0
EMP0037,2026-04-27,SHIFT_B,122,98,2,1,31,0
EMP0037,2026-04-28,SHIFT_B,125,85,2,1,21,0
EMP0037,2026-04-29,SHIFT_B,106,78,2,1,7,0
EMP0037,2026-04-30,SHIFT_B,120,85,3,1,10,0
EMP0037,2026-05-04,SHIFT_B,97,68,1,1,14,0
EMP0037,2026-05-05,SHIFT_B,121,93,3,2,5,0
EMP0037,2026-05-06,SHIFT_B,128,88,2,1,23,0
EMP0037,2026-05-07,SHIFT_B,101,79,2,1,23,0
EMP0037,2026-05-08,SHIFT_B,100,71,1,0,17,0
EMP0037,2026-05-11,SHIFT_B,100,69,1,0,16,0
EMP0037,2026-05-12,SHIFT_B,90,62,2,1,0,0
EMP0037,2026-05-13,SHIFT_B,106,72,2,1,8,0
EMP0037,2026-05-14,SHIFT_B,113,76,2,1,20,0
EMP0037,2026-05-15,SHIFT_B,127,101,2,1,18,0
EMP0037,2026-05-18,SHIFT_B,91,69,1,0,6,0
EMP0037,2026-05-19,SHIFT_B,104,83,2,1,29,0
EMP0037,2026-05-20,SHIFT_B,97,77,2,1,36,0
EMP0037,2026-05-21,SHIFT_B,112,89,3,1,57,0
EMP0037,2026-05-22,SHIFT_B,115,78,2,1,22,0
EMP0037,2026-05-25,SHIFT_B,122,81,2,1,23,0
EMP0037,2026-05-27,SHIFT_B,99,70,1,0,27,0
EMP0037,2026-05-28,SHIFT_B,114,90,2,1,17,0
EMP0037,2026-05-29,SHIFT_B,108,83,2,1,31,0
EMP0037,2026-06-01,SHIFT_B,116,92,2,1,11,0
EMP0037,2026-06-02,SHIFT_B,110,81,2,1,8,0
EMP0037,2026-06-04,SHIFT_B,90,71,2,1,30,0
EMP0037,2026-06-05,SHIFT_B,103,81,2,1,25,0
EMP0037,2026-06-08,SHIFT_B,116,78,2,1,49,0
EMP0037,2026-06-09,SHIFT_B,125,95,3,2,0,0
EMP0037,2026-06-10,SHIFT_B,128,98,3,2,71,0
EMP0037,2026-06-11,SHIFT_B,126,92,3,1,18,0
EMP0037,2026-06-12,SHIFT_B,105,79,2,1,14,0
EMP0037,2026-06-15,SHIFT_B,130,85,3,1,14,0
EMP0037,2026-06-16,SHIFT_B,124,97,2,1,50,0
EMP0037,2026-06-17,SHIFT_B,93,62,1,1,4,0
EMP0037,2026-06-18,SHIFT_B,108,82,2,1,18,0
EMP0037,2026-06-19,SHIFT_B,113,80,2,1,5,0
EMP0037,2026-06-22,SHIFT_B,113,90,3,2,27,0
EMP0037,2026-06-23,SHIFT_B,99,77,2,1,28,0
EMP0037,2026-06-24,SHIFT_B,95,67,2,1,3,0
EMP0037,2026-06-25,SHIFT_B,106,73,1,1,25,0
EMP0037,2026-06-26,SHIFT_B,126,85,3,1,4,0
EMP0037,2026-06-29,SHIFT_B,98,76,2,1,20,0
EMP0037,2026-06-30,SHIFT_B,108,79,2,1,20,0
EMP0037,2026-07-01,SHIFT_B,100,70,1,1,32,0
EMP0037,2026-07-02,SHIFT_B,112,88,3,1,1,0
EMP0037,2026-07-03,SHIFT_B,91,73,2,1,26,0
EMP0037,2026-07-06,SHIFT_B,122,83,2,1,2,0
EMP0037,2026-07-07,SHIFT_B,130,100,3,2,21,0
EMP0037,2026-07-08,SHIFT_B,92,61,2,1,3,0
EMP0037,2026-07-09,SHIFT_B,130,103,3,2,11,0
EMP0037,2026-07-10,SHIFT_B,126,85,3,2,3,0
EMP0037,2026-07-13,SHIFT_B,126,87,3,2,14,0
EMP0037,2026-07-14,SHIFT_B,128,96,2,1,9,0
EMP0037,2026-07-15,SHIFT_B,95,73,1,0,8,0
EMP0037,2026-07-16,SHIFT_B,116,77,2,1,14,0
EMP0037,2026-07-17,SHIFT_B,105,82,2,1,8,0
EMP0037,2026-07-20,SHIFT_B,119,81,2,1,8,0
EMP0037,2026-07-21,SHIFT_B,123,83,2,1,20,0
EMP0037,2026-07-22,SHIFT_B,98,73,1,0,44,0
EMP0037,2026-07-23,SHIFT_B,108,85,2,1,4,0
EMP0037,2026-07-24,SHIFT_B,109,77,2,1,45,0
EMP0037,2026-07-27,SHIFT_B,93,64,1,1,21,0
EMP0037,2026-07-28,SHIFT_B,90,69,1,0,23,0
EMP0037,2026-07-29,SHIFT_B,123,88,2,1,9,0
EMP0037,2026-07-30,SHIFT_B,107,80,2,1,31,0
EMP0037,2026-07-31,SHIFT_B,90,68,1,0,7,0
EMP0037,2026-08-03,SHIFT_B,118,88,3,2,22,0
EMP0037,2026-08-04,SHIFT_B,96,71,1,1,5,1
EMP0037,2026-08-06,SHIFT_B,121,79,2,1,6,0
EMP0037,2026-08-07,SHIFT_B,126,93,2,1,2,0
EMP0037,2026-08-10,SHIFT_B,115,85,3,1,9,0
EMP0037,2026-08-11,SHIFT_B,91,68,1,0,10,0
EMP0037,2026-08-12,SHIFT_B,109,73,2,1,16,0
EMP0037,2026-08-13,SHIFT_B,103,72,1,0,15,0
EMP0037,2026-08-14,SHIFT_B,98,73,1,0,24,0
EMP0037,2026-08-17,SHIFT_B,121,93,2,1,14,0
EMP0037,2026-08-18,SHIFT_B,111,86,2,1,30,0
EMP0037,2026-08-19,SHIFT_B,105,82,2,1,13,0
EMP0037,2026-08-20,SHIFT_B,123,89,2,1,29,0
EMP0037,2026-08-21,SHIFT_B,129,84,2,1,20,0
EMP0037,2026-08-24,SHIFT_B,119,90,3,1,2,0
EMP0037,2026-08-25,SHIFT_B,125,95,2,1,5,0
EMP0037,2026-08-26,SHIFT_B,106,82,2,1,7,0
EMP0037,2026-08-27,SHIFT_B,103,70,2,1,29,0
EMP0037,2026-08-28,SHIFT_B,121,83,2,1,22,0
EMP0037,2026-08-31,SHIFT_B,95,68,1,1,26,0
EMP0037,2026-09-01,SHIFT_B,99,73,1,1,16,0
EMP0037,2026-09-02,SHIFT_B,97,64,1,1,29,0
EMP0037,2026-09-03,SHIFT_B,113,90,2,1,17,0
EMP0037,2026-09-04,SHIFT_B,103,69,2,1,3,0
EMP0037,2026-09-07,SHIFT_B,122,90,2,1,15,0
EMP0037,2026-09-08,SHIFT_B,108,80,2,1,8,0
EMP0037,2026-09-09,SHIFT_B,115,79,2,1,22,0
EMP0037,2026-09-10,SHIFT_B,126,82,2,1,1,0
EMP0037,2026-09-11,SHIFT_B,126,88,3,2,11,0
EMP0038,2025-09-11,SHIFT_B,103,82,2,1,0,0
EMP0038,2025-09-12,SHIFT_B,129,87,2,1,24,0
EMP0038,2025-09-15,SHIFT_B,113,85,3,1,53,0
EMP0038,2025-09-16,SHIFT_B,90,68,1,1,58,0
EMP0038,2025-09-17,SHIFT_B,103,70,1,1,19,0
EMP0038,2025-09-18,SHIFT_B,110,82,2,1,26,0
EMP0038,2025-09-19,SHIFT_B,101,76,2,1,12,0
EMP0038,2025-09-22,SHIFT_B,99,77,2,1,29,0
EMP0038,2025-09-23,SHIFT_B,120,93,3,2,25,0
EMP0038,2025-09-24,SHIFT_B,105,71,1,0,19,0
EMP0038,2025-09-25,SHIFT_B,129,88,3,2,18,0
EMP0038,2025-09-26,SHIFT_B,108,86,2,1,24,0
EMP0038,2025-09-29,SHIFT_B,116,87,3,1,24,0
EMP0038,2025-09-30,SHIFT_B,114,79,2,1,22,0
EMP0038,2025-10-01,SHIFT_B,106,81,2,1,0,0
EMP0038,2025-10-02,SHIFT_B,107,79,2,1,28,0
EMP0038,2025-10-03,SHIFT_B,102,68,1,1,25,0
EMP0038,2025-10-06,SHIFT_B,95,73,1,0,12,0
EMP0038,2025-10-08,SHIFT_B,112,85,2,1,17,0
EMP0038,2025-10-10,SHIFT_B,123,82,2,1,0,0
EMP0038,2025-10-13,SHIFT_B,123,81,2,1,9,0
EMP0038,2025-10-14,SHIFT_B,116,89,2,1,29,0
EMP0038,2025-10-15,SHIFT_B,90,66,1,1,12,0
EMP0038,2025-10-16,SHIFT_B,112,80,2,1,3,0
EMP0038,2025-10-17,SHIFT_B,118,82,2,1,1,0
EMP0038,2025-10-20,SHIFT_B,97,66,1,1,18,0
EMP0038,2025-10-21,SHIFT_B,115,88,2,1,32,0
EMP0038,2025-10-22,SHIFT_B,103,73,1,1,22,0
EMP0038,2025-10-23,SHIFT_B,95,66,1,1,29,0
EMP0038,2025-10-24,SHIFT_B,122,85,3,2,30,0
EMP0038,2025-10-27,SHIFT_B,90,60,1,1,21,0
EMP0038,2025-10-28,SHIFT_B,113,81,2,1,33,0
EMP0038,2025-10-29,SHIFT_B,113,76,2,1,21,0
EMP0038,2025-10-30,SHIFT_B,108,77,2,1,19,0
EMP0038,2025-10-31,SHIFT_B,91,65,1,0,26,0
EMP0038,2025-11-03,SHIFT_B,96,68,2,1,21,0
EMP0038,2025-11-04,SHIFT_B,126,96,2,1,29,0
EMP0038,2025-11-05,SHIFT_B,118,81,2,1,1,0
EMP0038,2025-11-06,SHIFT_B,108,81,2,1,38,0
EMP0038,2025-11-07,SHIFT_B,99,68,1,1,33,0
EMP0038,2025-11-10,SHIFT_B,94,75,2,1,1,0
EMP0038,2025-11-11,SHIFT_B,122,83,2,1,26,0
EMP0038,2025-11-12,SHIFT_B,107,74,2,1,6,0
EMP0038,2025-11-13,SHIFT_B,90,65,2,1,3,0
EMP0038,2025-11-14,SHIFT_B,108,78,2,1,19,0
EMP0038,2025-11-17,SHIFT_B,117,93,3,1,23,0
EMP0038,2025-11-18,SHIFT_B,121,95,3,2,6,0
EMP0038,2025-11-19,SHIFT_B,92,73,1,0,23,0
EMP0038,2025-11-20,SHIFT_B,94,66,2,1,18,0
EMP0038,2025-11-21,SHIFT_B,95,63,1,0,2,0
EMP0038,2025-11-24,SHIFT_B,130,87,2,1,28,0
EMP0038,2025-11-25,SHIFT_B,100,71,2,1,40,0
EMP0038,2025-11-26,SHIFT_B,111,75,2,1,30,0
EMP0038,2025-11-27,SHIFT_B,116,90,3,2,25,0
EMP0038,2025-11-28,SHIFT_B,127,94,3,2,70,0
EMP0038,2025-12-01,SHIFT_B,94,70,1,1,14,0
EMP0038,2025-12-02,SHIFT_B,130,102,3,2,7,0
EMP0038,2025-12-03,SHIFT_B,99,68,1,1,0,0
EMP0038,2025-12-04,SHIFT_B,115,77,2,1,17,0
EMP0038,2025-12-05,SHIFT_B,96,73,2,1,44,0
EMP0038,2025-12-08,SHIFT_B,100,68,1,0,2,0
EMP0038,2025-12-09,SHIFT_B,103,69,2,1,22,0
EMP0038,2025-12-10,SHIFT_B,124,88,2,1,22,0
EMP0038,2025-12-11,SHIFT_B,130,95,2,1,56,0
EMP0038,2025-12-12,SHIFT_B,117,83,2,1,19,0
EMP0038,2025-12-15,SHIFT_B,128,90,3,1,15,0
EMP0038,2025-12-16,SHIFT_B,120,84,2,1,35,0
EMP0038,2025-12-17,SHIFT_B,97,72,1,1,22,0
EMP0038,2025-12-18,SHIFT_B,109,72,1,1,73,0
EMP0038,2025-12-22,SHIFT_B,111,79,2,1,72,0
EMP0038,2025-12-23,SHIFT_B,124,88,2,1,24,0
EMP0038,2025-12-24,SHIFT_B,108,72,1,0,11,0
EMP0038,2025-12-26,SHIFT_B,115,89,3,2,20,0
EMP0038,2025-12-29,SHIFT_B,104,80,2,1,12,0
EMP0038,2025-12-30,SHIFT_B,108,73,1,0,14,0
EMP0038,2026-01-02,SHIFT_B,128,102,2,1,7,0
EMP0038,2026-01-05,SHIFT_B,128,87,3,2,12,0
EMP0038,2026-01-06,SHIFT_B,126,101,3,2,21,0
EMP0038,2026-01-07,SHIFT_B,129,84,2,1,25,0
EMP0038,2026-01-08,SHIFT_B,112,77,2,1,24,0
EMP0038,2026-01-09,SHIFT_B,97,78,2,1,2,0
EMP0038,2026-01-12,SHIFT_B,93,62,1,0,18,0
EMP0038,2026-01-13,SHIFT_B,110,78,2,1,22,0
EMP0038,2026-01-14,SHIFT_B,94,68,2,1,30,0
EMP0038,2026-01-15,SHIFT_B,94,75,2,1,28,0
EMP0038,2026-01-16,SHIFT_B,121,92,2,1,27,0
EMP0038,2026-01-19,SHIFT_B,104,77,2,1,49,0
EMP0038,2026-01-20,SHIFT_B,101,76,2,1,0,0
EMP0038,2026-01-21,SHIFT_B,130,96,2,1,11,0
EMP0038,2026-01-22,SHIFT_B,110,87,2,1,29,0
EMP0038,2026-01-23,SHIFT_B,128,92,2,1,4,0
EMP0038,2026-01-26,SHIFT_B,122,83,2,1,22,0
EMP0038,2026-01-27,SHIFT_B,111,75,2,1,6,0
EMP0038,2026-01-28,SHIFT_B,105,78,2,1,27,0
EMP0038,2026-01-29,SHIFT_B,99,68,1,0,19,0
EMP0038,2026-01-30,SHIFT_B,94,63,1,0,30,0
EMP0038,2026-02-02,SHIFT_B,112,73,1,0,27,0
EMP0038,2026-02-03,SHIFT_B,95,72,2,1,17,0
EMP0038,2026-02-05,SHIFT_B,106,72,2,1,25,0
EMP0038,2026-02-06,SHIFT_B,118,79,2,1,19,0
EMP0038,2026-02-09,SHIFT_B,106,78,2,1,8,0
EMP0038,2026-02-10,SHIFT_B,123,89,2,1,22,0
EMP0038,2026-02-11,SHIFT_B,123,89,3,1,7,0
EMP0038,2026-02-12,SHIFT_B,126,84,2,1,17,0
EMP0038,2026-02-16,SHIFT_B,121,81,2,1,29,0
EMP0038,2026-02-17,SHIFT_B,98,72,1,0,25,0
EMP0038,2026-02-18,SHIFT_B,109,80,2,1,19,0
EMP0038,2026-02-19,SHIFT_B,103,82,2,1,65,0
EMP0038,2026-02-20,SHIFT_B,99,73,1,1,4,0
EMP0038,2026-02-23,SHIFT_B,121,79,2,1,29,0
EMP0038,2026-02-24,SHIFT_B,117,86,2,1,28,0
EMP0038,2026-02-25,SHIFT_B,128,100,2,1,31,0
EMP0038,2026-02-26,SHIFT_B,101,79,2,1,5,0
EMP0038,2026-02-27,SHIFT_B,115,89,2,1,15,0
EMP0038,2026-03-02,SHIFT_B,121,92,2,1,66,0
EMP0038,2026-03-03,SHIFT_B,114,81,2,1,23,0
EMP0038,2026-03-04,SHIFT_B,106,76,2,1,3,0
EMP0038,2026-03-05,SHIFT_B,105,79,2,1,3,0
EMP0038,2026-03-06,SHIFT_B,111,86,2,1,3,0
EMP0038,2026-03-09,SHIFT_B,115,78,2,1,20,0
EMP0038,2026-03-10,SHIFT_B,91,71,1,1,20,0
EMP0038,2026-03-11,SHIFT_B,90,62,1,1,29,0
EMP0038,2026-03-12,SHIFT_B,128,102,2,1,21,0
EMP0038,2026-03-13,SHIFT_B,90,69,1,1,24,0
EMP0038,2026-03-16,SHIFT_B,96,64,1,1,56,0
EMP0038,2026-03-17,SHIFT_B,117,79,2,1,7,0
EMP0038,2026-03-18,SHIFT_B,95,63,1,1,6,0
EMP0038,2026-03-19,SHIFT_B,120,87,2,1,20,0
EMP0038,2026-03-20,SHIFT_B,107,78,2,1,55,0
EMP0038,2026-03-23,SHIFT_B,125,95,2,1,8,0
EMP0038,2026-03-24,SHIFT_B,105,79,2,1,2,0
EMP0038,2026-03-26,SHIFT_B,102,79,2,1,24,0
EMP0038,2026-03-27,SHIFT_B,118,92,2,1,15,0
EMP0038,2026-03-30,SHIFT_B,101,76,2,1,26,0
EMP0038,2026-03-31,SHIFT_B,95,75,2,1,19,0
EMP0038,2026-04-01,SHIFT_B,92,66,1,0,50,0
EMP0038,2026-04-02,SHIFT_B,122,91,2,1,18,0
EMP0038,2026-04-03,SHIFT_B,104,79,2,1,22,0
EMP0038,2026-04-06,SHIFT_B,107,83,2,1,18,0
EMP0038,2026-04-07,SHIFT_B,102,76,2,1,73,0
EMP0038,2026-04-08,SHIFT_B,114,76,2,1,25,0
EMP0038,2026-04-09,SHIFT_B,119,91,2,1,30,0
EMP0038,2026-04-10,SHIFT_B,97,68,1,1,19,0
EMP0038,2026-04-13,SHIFT_B,117,91,2,1,10,0
EMP0038,2026-04-14,SHIFT_B,117,77,2,1,29,0
EMP0038,2026-04-16,SHIFT_B,121,87,2,1,17,0
EMP0038,2026-04-17,SHIFT_B,95,75,2,1,19,0
EMP0038,2026-04-20,SHIFT_B,128,102,2,1,3,0
EMP0038,2026-04-21,SHIFT_B,93,74,1,1,19,0
EMP0038,2026-04-22,SHIFT_B,125,82,2,1,1,0
EMP0038,2026-04-23,SHIFT_B,97,71,2,1,25,0
EMP0038,2026-04-24,SHIFT_B,129,102,2,1,57,0
EMP0038,2026-04-27,SHIFT_B,92,62,2,1,23,0
EMP0038,2026-04-28,SHIFT_B,116,82,2,1,4,0
EMP0038,2026-04-29,SHIFT_B,105,73,1,1,17,0
EMP0038,2026-04-30,SHIFT_B,108,73,1,0,14,0
EMP0038,2026-05-04,SHIFT_B,127,85,2,1,12,0
EMP0038,2026-05-05,SHIFT_B,94,72,1,0,30,0
EMP0038,2026-05-06,SHIFT_B,95,75,2,1,23,0
EMP0038,2026-05-07,SHIFT_B,115,79,2,1,28,0
EMP0038,2026-05-08,SHIFT_B,120,79,2,1,0,0
EMP0038,2026-05-11,SHIFT_B,116,80,2,1,3,0
EMP0038,2026-05-12,SHIFT_B,112,82,2,1,6,0
EMP0038,2026-05-13,SHIFT_B,115,79,2,1,9,0
EMP0038,2026-05-14,SHIFT_B,103,69,2,1,56,0
EMP0038,2026-05-15,SHIFT_B,110,88,2,1,13,0
EMP0038,2026-05-18,SHIFT_B,92,63,1,1,9,0
EMP0038,2026-05-19,SHIFT_B,106,73,2,1,13,0
EMP0038,2026-05-20,SHIFT_B,104,74,2,1,29,0
EMP0038,2026-05-21,SHIFT_B,112,87,3,2,14,0
EMP0038,2026-05-22,SHIFT_B,93,73,1,0,16,0
EMP0038,2026-05-25,SHIFT_B,93,69,1,0,13,0
EMP0038,2026-05-26,SHIFT_B,104,81,2,1,15,0
EMP0038,2026-05-27,SHIFT_B,122,85,3,2,11,0
EMP0038,2026-05-28,SHIFT_B,96,75,2,1,27,0
EMP0038,2026-06-01,SHIFT_B,97,71,1,0,19,0
EMP0038,2026-06-02,SHIFT_B,90,71,1,1,14,0
EMP0038,2026-06-03,SHIFT_B,126,86,2,1,12,0
EMP0038,2026-06-04,SHIFT_B,92,73,1,1,6,0
EMP0038,2026-06-05,SHIFT_B,94,72,1,1,27,0
EMP0038,2026-06-08,SHIFT_B,113,85,2,1,0,0
EMP0038,2026-06-09,SHIFT_B,95,70,1,0,9,0
EMP0038,2026-06-10,SHIFT_B,115,79,2,1,18,0
EMP0038,2026-06-11,SHIFT_B,115,76,2,1,19,0
EMP0038,2026-06-12,SHIFT_B,92,68,1,1,20,0
EMP0038,2026-06-15,SHIFT_B,92,72,2,1,39,0
EMP0038,2026-06-16,SHIFT_B,125,95,3,1,9,0
EMP0038,2026-06-17,SHIFT_B,116,90,2,1,7,0
EMP0038,2026-06-18,SHIFT_B,123,88,2,1,2,0
EMP0038,2026-06-19,SHIFT_B,122,95,2,1,20,0
EMP0038,2026-06-22,SHIFT_B,112,76,2,1,3,0
EMP0038,2026-06-23,SHIFT_B,102,72,1,1,22,0
EMP0038,2026-06-24,SHIFT_B,101,71,1,0,4,0
EMP0038,2026-06-25,SHIFT_B,113,89,2,1,1,0
EMP0038,2026-06-26,SHIFT_B,94,72,2,1,21,0
EMP0038,2026-06-29,SHIFT_B,104,68,1,0,21,0
EMP0038,2026-06-30,SHIFT_B,119,79,2,1,0,0
EMP0038,2026-07-01,SHIFT_B,124,84,3,1,22,0
EMP0038,2026-07-02,SHIFT_B,91,70,1,0,1,0
EMP0038,2026-07-03,SHIFT_B,104,74,1,0,52,0
EMP0038,2026-07-06,SHIFT_B,118,94,2,1,20,0
EMP0038,2026-07-07,SHIFT_B,129,84,2,1,9,0
EMP0038,2026-07-08,SHIFT_B,120,85,3,2,17,0
EMP0038,2026-07-09,SHIFT_B,94,63,1,1,2,0
EMP0038,2026-07-10,SHIFT_B,97,64,1,1,14,0
EMP0038,2026-07-13,SHIFT_B,127,98,2,1,16,0
EMP0038,2026-07-14,SHIFT_B,105,74,2,1,28,0
EMP0038,2026-07-15,SHIFT_B,99,69,1,0,25,0
EMP0038,2026-07-16,SHIFT_B,90,65,2,1,7,0
EMP0038,2026-07-17,SHIFT_B,122,98,2,1,8,0
EMP0038,2026-07-20,SHIFT_B,91,66,1,0,43,0
EMP0038,2026-07-21,SHIFT_B,109,74,1,1,7,0
EMP0038,2026-07-22,SHIFT_B,98,73,2,1,5,0
EMP0038,2026-07-23,SHIFT_B,102,76,2,1,8,0
EMP0038,2026-07-24,SHIFT_B,107,79,2,1,10,0
EMP0038,2026-07-27,SHIFT_B,102,77,2,1,28,0
EMP0038,2026-07-28,SHIFT_B,113,81,2,1,41,0
EMP0038,2026-07-29,SHIFT_B,100,67,1,1,28,0
EMP0038,2026-07-30,SHIFT_B,109,82,2,1,73,0
EMP0038,2026-07-31,SHIFT_B,96,63,1,1,25,0
EMP0038,2026-08-03,SHIFT_B,97,71,1,1,26,0
EMP0038,2026-08-04,SHIFT_B,93,64,2,1,1,0
EMP0038,2026-08-05,SHIFT_B,123,90,2,1,11,0
EMP0038,2026-08-06,SHIFT_B,90,67,1,0,14,0
EMP0038,2026-08-07,SHIFT_B,101,72,1,1,40,0
EMP0038,2026-08-10,SHIFT_B,92,68,1,1,21,0
EMP0038,2026-08-11,SHIFT_B,124,90,2,1,28,0
EMP0038,2026-08-12,SHIFT_B,101,68,2,1,15,0
EMP0038,2026-08-13,SHIFT_B,112,86,2,1,55,0
EMP0038,2026-08-14,SHIFT_B,114,90,3,1,14,0
EMP0038,2026-08-17,SHIFT_B,116,92,2,1,5,0
EMP0038,2026-08-18,SHIFT_B,117,93,2,1,16,0
EMP0038,2026-08-19,SHIFT_B,123,85,2,1,3,0
EMP0038,2026-08-20,SHIFT_B,106,69,1,0,11,0
EMP0038,2026-08-21,SHIFT_B,99,79,2,1,3,0
EMP0038,2026-08-24,SHIFT_B,93,73,1,0,9,0
EMP0038,2026-08-25,SHIFT_B,92,72,1,0,10,0
EMP0038,2026-08-26,SHIFT_B,109,80,2,1,40,0
EMP0038,2026-08-27,SHIFT_B,102,69,1,0,27,0
EMP0038,2026-08-28,SHIFT_B,119,88,2,1,66,0
EMP0038,2026-08-31,SHIFT_B,90,69,1,1,4,0
EMP0038,2026-09-01,SHIFT_B,114,75,2,1,16,0
EMP0038,2026-09-02,SHIFT_B,103,80,2,1,29,0
EMP0038,2026-09-03,SHIFT_B,110,84,2,1,3,0
EMP0038,2026-09-04,SHIFT_B,114,83,2,1,27,0
EMP0038,2026-09-07,SHIFT_B,103,82,2,1,20,0
EMP0038,2026-09-08,SHIFT_B,106,77,2,1,29,0
EMP0038,2026-09-09,SHIFT_B,106,76,2,1,16,0
EMP0038,2026-09-10,SHIFT_B,113,85,2,1,23,1
EMP0038,2026-09-11,SHIFT_B,102,81,2,1,1,0
EMP0039,2025-09-11,SHIFT_A,122,91,4,1,43,0
EMP0039,2025-09-12,SHIFT_A,117,88,3,2,6,0
EMP0039,2025-09-15,SHIFT_A,117,102,3,1,5,0
EMP0039,2025-09-16,SHIFT_A,101,85,3,1,30,0
EMP0039,2025-09-17,SHIFT_A,123,104,3,2,29,0
EMP0039,2025-09-18,SHIFT_A,114,84,3,1,25,0
EMP0039,2025-09-22,SHIFT_A,104,89,3,2,15,0
EMP0039,2025-09-23,SHIFT_A,124,92,3,2,2,0
EMP0039,2025-09-24,SHIFT_A,98,80,3,1,0,0
EMP0039,2025-09-25,SHIFT_A,100,74,2,1,43,0
EMP0039,2025-09-26,SHIFT_A,115,88,3,1,27,1
EMP0039,2025-09-29,SHIFT_A,119,93,3,1,10,0
EMP0039,2025-09-30,SHIFT_A,121,99,3,1,23,0
EMP0039,2025-10-01,SHIFT_A,96,78,2,1,27,0
EMP0039,2025-10-02,SHIFT_A,125,107,3,1,14,0
EMP0039,2025-10-03,SHIFT_A,96,68,2,1,26,0
EMP0039,2025-10-06,SHIFT_A,129,104,3,1,22,0
EMP0039,2025-10-07,SHIFT_A,116,91,3,2,20,0
EMP0039,2025-10-08,SHIFT_A,101,79,3,1,51,0
EMP0039,2025-10-09,SHIFT_A,106,90,4,2,16,0
EMP0039,2025-10-10,SHIFT_A,95,82,2,1,59,0
EMP0039,2025-10-13,SHIFT_A,128,110,3,2,27,0
EMP0039,2025-10-14,SHIFT_A,98,81,3,2,14,0
EMP0039,2025-10-15,SHIFT_A,100,84,3,2,18,0
EMP0039,2025-10-16,SHIFT_A,93,81,2,1,11,0
EMP0039,2025-10-17,SHIFT_A,118,100,3,1,6,0
EMP0039,2025-10-20,SHIFT_A,105,77,2,1,28,0
EMP0039,2025-10-21,SHIFT_A,127,91,3,2,21,0
EMP0039,2025-10-22,SHIFT_A,127,109,3,2,28,0
EMP0039,2025-10-23,SHIFT_A,121,101,3,1,73,0
EMP0039,2025-10-24,SHIFT_A,110,82,2,1,5,0
EMP0039,2025-10-27,SHIFT_A,109,92,3,1,14,0
EMP0039,2025-10-28,SHIFT_A,110,83,3,1,13,0
EMP0039,2025-10-29,SHIFT_A,130,93,4,1,20,0
EMP0039,2025-10-31,SHIFT_A,97,73,3,1,28,0
EMP0039,2025-11-03,SHIFT_A,114,91,4,2,11,0
EMP0039,2025-11-04,SHIFT_A,90,73,2,1,21,0
EMP0039,2025-11-05,SHIFT_A,125,108,4,2,9,0
EMP0039,2025-11-06,SHIFT_A,109,88,3,1,23,0
EMP0039,2025-11-07,SHIFT_A,96,81,3,1,3,0
EMP0039,2025-11-10,SHIFT_A,118,91,3,2,18,0
EMP0039,2025-11-11,SHIFT_A,93,70,3,1,8,0
EMP0039,2025-11-12,SHIFT_A,122,105,4,2,10,0
EMP0039,2025-11-13,SHIFT_A,108,92,3,1,25,0
EMP0039,2025-11-14,SHIFT_A,96,72,2,1,0,0
EMP0039,2025-11-17,SHIFT_A,119,95,4,2,8,0
EMP0039,2025-11-18,SHIFT_A,111,80,2,1,29,0
EMP0039,2025-11-19,SHIFT_A,115,90,4,2,16,0
EMP0039,2025-11-20,SHIFT_A,99,71,3,1,22,0
EMP0039,2025-11-21,SHIFT_A,97,76,2,1,15,0
EMP0039,2025-11-24,SHIFT_A,122,104,4,2,4,0
EMP0039,2025-11-25,SHIFT_A,115,84,3,2,21,0
EMP0039,2025-11-26,SHIFT_A,124,88,3,1,6,0
EMP0039,2025-11-27,SHIFT_A,103,77,2,1,54,0
EMP0039,2025-11-28,SHIFT_A,106,85,3,2,7,0
EMP0039,2025-12-01,SHIFT_A,120,102,3,1,14,0
EMP0039,2025-12-02,SHIFT_A,123,106,4,2,19,0
EMP0039,2025-12-03,SHIFT_A,121,98,4,2,14,0
EMP0039,2025-12-04,SHIFT_A,90,69,2,1,16,0
EMP0039,2025-12-08,SHIFT_A,91,68,2,1,14,0
EMP0039,2025-12-09,SHIFT_A,128,91,3,1,23,0
EMP0039,2025-12-10,SHIFT_A,95,80,3,1,29,0
EMP0039,2025-12-11,SHIFT_A,120,96,3,2,9,0
EMP0039,2025-12-12,SHIFT_A,122,104,3,2,6,0
EMP0039,2025-12-15,SHIFT_A,112,93,3,1,10,0
EMP0039,2025-12-16,SHIFT_A,93,73,3,1,22,0
EMP0039,2025-12-17,SHIFT_A,104,85,3,1,28,0
EMP0039,2025-12-18,SHIFT_A,115,83,3,2,4,0
EMP0039,2025-12-19,SHIFT_A,104,76,3,1,30,0
EMP0039,2025-12-23,SHIFT_A,112,96,3,2,25,0
EMP0039,2025-12-24,SHIFT_A,118,87,3,1,20,0
EMP0039,2025-12-26,SHIFT_A,92,80,2,1,44,0
EMP0039,2025-12-29,SHIFT_A,99,85,3,1,15,0
EMP0039,2025-12-30,SHIFT_A,106,87,3,2,30,0
EMP0039,2026-01-02,SHIFT_A,125,99,4,2,12,0
EMP0039,2026-01-05,SHIFT_A,116,88,3,2,23,0
EMP0039,2026-01-06,SHIFT_A,128,96,3,1,26,0
EMP0039,2026-01-07,SHIFT_A,129,104,4,2,14,0
EMP0039,2026-01-08,SHIFT_A,119,91,4,1,29,0
EMP0039,2026-01-09,SHIFT_A,92,80,3,2,17,0
EMP0039,2026-01-12,SHIFT_A,113,94,3,2,3,0
EMP0039,2026-01-13,SHIFT_A,127,106,4,2,30,0
EMP0039,2026-01-14,SHIFT_A,101,81,3,2,27,0
EMP0039,2026-01-15,SHIFT_A,121,101,3,1,1,0
EMP0039,2026-01-16,SHIFT_A,129,103,3,2,15,0
EMP0039,2026-01-19,SHIFT_A,112,85,3,2,21,0
EMP0039,2026-01-20,SHIFT_A,95,71,2,1,30,0
EMP0039,2026-01-21,SHIFT_A,103,81,2,1,29,0
EMP0039,2026-01-22,SHIFT_A,97,84,3,2,65,0
EMP0039,2026-01-23,SHIFT_A,108,90,3,2,46,0
EMP0039,2026-01-26,SHIFT_A,114,89,3,2,9,0
EMP0039,2026-01-27,SHIFT_A,91,68,2,1,3,0
EMP0039,2026-01-28,SHIFT_A,90,75,2,1,4,0
EMP0039,2026-01-29,SHIFT_A,110,90,3,1,17,0
EMP0039,2026-01-30,SHIFT_A,106,78,2,1,14,0
EMP0039,2026-02-02,SHIFT_A,113,87,3,2,28,0
EMP0039,2026-02-03,SHIFT_A,93,69,3,1,15,0
EMP0039,2026-02-05,SHIFT_A,101,73,2,1,16,0
EMP0039,2026-02-06,SHIFT_A,116,95,4,3,10,0
EMP0039,2026-02-09,SHIFT_A,125,95,3,1,23,0
EMP0039,2026-02-10,SHIFT_A,110,88,4,3,16,0
EMP0039,2026-02-11,SHIFT_A,97,79,2,1,17,0
EMP0039,2026-02-12,SHIFT_A,90,73,3,2,30,0
EMP0039,2026-02-13,SHIFT_A,114,97,3,2,71,0
EMP0039,2026-02-16,SHIFT_A,93,71,2,1,74,0
EMP0039,2026-02-17,SHIFT_A,91,66,2,1,14,0
EMP0039,2026-02-18,SHIFT_A,129,97,3,1,19,0
EMP0039,2026-02-19,SHIFT_A,106,82,3,2,27,0
EMP0039,2026-02-20,SHIFT_A,113,95,3,2,20,0
EMP0039,2026-02-23,SHIFT_A,126,107,4,3,28,0
EMP0039,2026-02-24,SHIFT_A,91,71,3,1,20,0
EMP0039,2026-02-25,SHIFT_A,119,94,4,2,28,0
EMP0039,2026-02-26,SHIFT_A,101,74,2,1,17,0
EMP0039,2026-02-27,SHIFT_A,111,81,3,1,30,0
EMP0039,2026-03-02,SHIFT_A,107,79,3,1,3,0
EMP0039,2026-03-03,SHIFT_A,101,75,2,1,16,0
EMP0039,2026-03-04,SHIFT_A,102,85,3,1,18,0
EMP0039,2026-03-05,SHIFT_A,114,86,3,2,18,0
EMP0039,2026-03-06,SHIFT_A,100,77,2,1,22,0
EMP0039,2026-03-09,SHIFT_A,91,75,3,2,9,0
EMP0039,2026-03-10,SHIFT_A,108,84,3,1,12,0
EMP0039,2026-03-11,SHIFT_A,94,73,2,1,8,0
EMP0039,2026-03-12,SHIFT_A,119,86,3,1,23,0
EMP0039,2026-03-13,SHIFT_A,100,76,2,1,18,0
EMP0039,2026-03-16,SHIFT_A,93,68,3,1,16,0
EMP0039,2026-03-17,SHIFT_A,101,77,3,2,53,0
EMP0039,2026-03-18,SHIFT_A,116,83,3,1,16,0
EMP0039,2026-03-19,SHIFT_A,106,79,3,2,24,0
EMP0039,2026-03-20,SHIFT_A,129,106,3,1,52,0
EMP0039,2026-03-23,SHIFT_A,90,72,3,1,22,0
EMP0039,2026-03-24,SHIFT_A,120,99,3,2,28,0
EMP0039,2026-03-25,SHIFT_A,100,74,2,1,4,0
EMP0039,2026-03-26,SHIFT_A,102,87,3,2,14,0
EMP0039,2026-03-27,SHIFT_A,95,76,2,1,22,0
EMP0039,2026-03-30,SHIFT_A,120,93,3,2,30,0
EMP0039,2026-03-31,SHIFT_A,110,88,4,2,19,0
EMP0039,2026-04-01,SHIFT_A,130,102,3,1,30,0
EMP0039,2026-04-02,SHIFT_A,116,84,3,2,15,0
EMP0039,2026-04-03,SHIFT_A,110,78,2,1,6,0
EMP0039,2026-04-07,SHIFT_A,123,103,3,1,5,0
EMP0039,2026-04-08,SHIFT_A,91,68,2,1,30,0
EMP0039,2026-04-09,SHIFT_A,113,92,4,1,24,0
EMP0039,2026-04-10,SHIFT_A,94,76,2,1,14,0
EMP0039,2026-04-13,SHIFT_A,93,69,3,2,3,0
EMP0039,2026-04-14,SHIFT_A,107,85,3,2,9,0
EMP0039,2026-04-15,SHIFT_A,122,99,3,1,41,0
EMP0039,2026-04-16,SHIFT_A,123,91,3,1,14,0
EMP0039,2026-04-20,SHIFT_A,114,95,3,2,3,0
EMP0039,2026-04-21,SHIFT_A,119,85,3,1,30,0
EMP0039,2026-04-22,SHIFT_A,94,71,2,1,17,0
EMP0039,2026-04-23,SHIFT_A,122,104,3,2,9,0
EMP0039,2026-04-24,SHIFT_A,109,93,3,1,28,0
EMP0039,2026-04-27,SHIFT_A,97,71,2,1,18,0
EMP0039,2026-04-29,SHIFT_A,99,79,3,1,1,0
EMP0039,2026-04-30,SHIFT_A,102,82,3,2,29,0
EMP0039,2026-05-04,SHIFT_A,118,88,3,1,5,0
EMP0039,2026-05-05,SHIFT_A,101,74,2,1,20,0
EMP0039,2026-05-06,SHIFT_A,123,99,3,2,26,0
EMP0039,2026-05-07,SHIFT_A,125,92,4,2,27,0
EMP0039,2026-05-08,SHIFT_A,116,88,4,2,23,0
EMP0039,2026-05-11,SHIFT_A,98,73,2,1,25,0
EMP0039,2026-05-12,SHIFT_A,125,106,3,2,75,0
EMP0039,2026-05-13,SHIFT_A,112,95,3,1,4,0
EMP0039,2026-05-14,SHIFT_A,128,98,3,2,22,0
EMP0039,2026-05-15,SHIFT_A,112,96,3,1,19,0
EMP0039,2026-05-18,SHIFT_A,126,94,4,2,12,0
EMP0039,2026-05-19,SHIFT_A,106,89,3,2,30,0
EMP0039,2026-05-20,SHIFT_A,101,85,3,2,25,0
EMP0039,2026-05-21,SHIFT_A,122,94,3,1,0,0
EMP0039,2026-05-22,SHIFT_A,110,94,4,2,11,0
EMP0039,2026-05-25,SHIFT_A,99,85,3,1,6,0
EMP0039,2026-05-26,SHIFT_A,120,102,4,2,4,0
EMP0039,2026-05-27,SHIFT_A,90,78,2,1,25,0
EMP0039,2026-05-28,SHIFT_A,119,100,3,1,12,0
EMP0039,2026-05-29,SHIFT_A,92,68,2,1,12,0
EMP0039,2026-06-01,SHIFT_A,99,78,2,1,5,0
EMP0039,2026-06-02,SHIFT_A,97,70,2,1,5,0
EMP0039,2026-06-03,SHIFT_A,114,97,3,1,21,0
EMP0039,2026-06-04,SHIFT_A,107,88,3,1,30,0
EMP0039,2026-06-05,SHIFT_A,99,85,3,1,38,0
EMP0039,2026-06-08,SHIFT_A,108,88,3,1,7,0
EMP0039,2026-06-09,SHIFT_A,123,97,3,2,10,1
EMP0039,2026-06-10,SHIFT_A,91,77,3,2,11,0
EMP0039,2026-06-11,SHIFT_A,98,81,3,2,1,0
EMP0039,2026-06-12,SHIFT_A,112,86,3,2,17,0
EMP0039,2026-06-15,SHIFT_A,121,99,4,2,21,0
EMP0039,2026-06-16,SHIFT_A,94,74,2,1,9,0
EMP0039,2026-06-17,SHIFT_A,101,78,3,1,9,0
EMP0039,2026-06-18,SHIFT_A,101,83,2,1,23,0
EMP0039,2026-06-19,SHIFT_A,125,96,4,2,18,0
EMP0039,2026-06-22,SHIFT_A,119,90,3,1,39,0
EMP0039,2026-06-23,SHIFT_A,127,97,3,1,27,0
EMP0039,2026-06-24,SHIFT_A,99,84,3,2,5,0
EMP0039,2026-06-25,SHIFT_A,128,105,4,2,23,0
EMP0039,2026-06-26,SHIFT_A,103,81,3,1,14,0
EMP0039,2026-06-30,SHIFT_A,109,87,3,2,11,0
EMP0039,2026-07-01,SHIFT_A,107,78,2,1,22,0
EMP0039,2026-07-02,SHIFT_A,101,83,3,2,46,0
EMP0039,2026-07-03,SHIFT_A,118,87,3,1,29,0
EMP0039,2026-07-06,SHIFT_A,102,80,2,1,16,0
EMP0039,2026-07-07,SHIFT_A,115,88,3,1,26,0
EMP0039,2026-07-08,SHIFT_A,103,74,2,1,74,0
EMP0039,2026-07-09,SHIFT_A,101,77,2,1,15,0
EMP0039,2026-07-10,SHIFT_A,97,72,2,1,27,0
EMP0039,2026-07-13,SHIFT_A,119,87,3,2,26,0
EMP0039,2026-07-14,SHIFT_A,112,89,3,1,7,0
EMP0039,2026-07-15,SHIFT_A,124,99,3,1,22,0
EMP0039,2026-07-16,SHIFT_A,124,104,4,2,21,0
EMP0039,2026-07-17,SHIFT_A,93,71,2,1,19,0
EMP0039,2026-07-20,SHIFT_A,110,87,3,2,3,0
EMP0039,2026-07-21,SHIFT_A,122,100,3,2,33,0
EMP0039,2026-07-22,SHIFT_A,111,96,3,1,12,0
EMP0039,2026-07-23,SHIFT_A,124,101,3,2,30,1
EMP0039,2026-07-24,SHIFT_A,129,101,3,2,5,0
EMP0039,2026-07-27,SHIFT_A,91,70,2,1,10,0
EMP0039,2026-07-28,SHIFT_A,93,74,2,1,40,0
EMP0039,2026-07-29,SHIFT_A,92,72,3,1,26,0
EMP0039,2026-07-30,SHIFT_A,130,99,3,2,4,0
EMP0039,2026-07-31,SHIFT_A,127,106,4,2,0,0
EMP0039,2026-08-03,SHIFT_A,126,104,3,1,21,0
EMP0039,2026-08-04,SHIFT_A,93,77,3,2,8,0
EMP0039,2026-08-05,SHIFT_A,123,88,3,1,30,0
EMP0039,2026-08-06,SHIFT_A,92,66,2,1,20,0
EMP0039,2026-08-07,SHIFT_A,91,68,3,1,30,0
EMP0039,2026-08-10,SHIFT_A,114,95,3,2,13,0
EMP0039,2026-08-11,SHIFT_A,99,79,3,2,16,0
EMP0039,2026-08-12,SHIFT_A,101,83,3,2,6,0
EMP0039,2026-08-13,SHIFT_A,96,71,3,2,2,0
EMP0039,2026-08-14,SHIFT_A,122,91,4,3,2,0
EMP0039,2026-08-17,SHIFT_A,124,106,3,1,2,0
EMP0039,2026-08-18,SHIFT_A,98,75,2,1,38,0
EMP0039,2026-08-19,SHIFT_A,90,68,2,1,17,0
EMP0039,2026-08-20,SHIFT_A,125,96,4,1,27,0
EMP0039,2026-08-21,SHIFT_A,109,84,3,2,70,0
EMP0039,2026-08-24,SHIFT_A,129,99,4,2,30,0
EMP0039,2026-08-25,SHIFT_A,119,97,3,2,4,0
EMP0039,2026-08-26,SHIFT_A,105,85,3,1,44,0
EMP0039,2026-08-27,SHIFT_A,112,95,3,2,26,0
EMP0039,2026-08-28,SHIFT_A,99,81,2,1,19,0
EMP0039,2026-08-31,SHIFT_A,125,103,3,1,7,0
EMP0039,2026-09-01,SHIFT_A,111,89,3,1,3,0
EMP0039,2026-09-02,SHIFT_A,118,102,3,1,32,0
EMP0039,2026-09-03,SHIFT_A,100,77,2,1,24,0
EMP0039,2026-09-04,SHIFT_A,113,97,3,2,74,0
EMP0039,2026-09-07,SHIFT_A,118,94,4,2,24,0
EMP0039,2026-09-08,SHIFT_A,90,70,2,1,2,0
EMP0039,2026-09-09,SHIFT_A,121,98,3,2,7,0
EMP0039,2026-09-10,SHIFT_A,122,99,3,2,27,0
EMP0039,2026-09-11,SHIFT_A,94,79,2,1,4,0
EMP0040,2025-09-11,SHIFT_B,113,82,2,1,26,0
EMP0040,2025-09-12,SHIFT_B,109,79,2,1,40,0
EMP0040,2025-09-15,SHIFT_B,119,97,2,1,22,0
EMP0040,2025-09-16,SHIFT_B,111,87,2,1,16,0
EMP0040,2025-09-17,SHIFT_B,106,86,2,1,68,0
EMP0040,2025-09-18,SHIFT_B,110,80,2,1,8,0
EMP0040,2025-09-22,SHIFT_B,97,68,2,1,25,0
EMP0040,2025-09-23,SHIFT_B,103,77,2,1,14,0
EMP0040,2025-09-24,SHIFT_B,106,79,2,1,21,0
EMP0040,2025-09-25,SHIFT_B,113,85,3,1,28,0
EMP0040,2025-09-26,SHIFT_B,110,92,2,1,60,0
EMP0040,2025-09-29,SHIFT_B,110,79,2,1,28,0
EMP0040,2025-09-30,SHIFT_B,108,85,3,2,25,0
EMP0040,2025-10-01,SHIFT_B,102,86,2,1,7,0
EMP0040,2025-10-02,SHIFT_B,110,90,2,1,64,0
EMP0040,2025-10-03,SHIFT_B,122,97,2,1,11,0
EMP0040,2025-10-06,SHIFT_B,130,102,2,1,24,0
EMP0040,2025-10-07,SHIFT_B,124,92,3,2,27,0
EMP0040,2025-10-08,SHIFT_B,100,81,2,1,8,0
EMP0040,2025-10-09,SHIFT_B,94,69,2,1,44,0
EMP0040,2025-10-10,SHIFT_B,90,72,1,0,43,0
EMP0040,2025-10-13,SHIFT_B,124,89,3,2,4,0
EMP0040,2025-10-14,SHIFT_B,117,95,2,1,0,0
EMP0040,2025-10-15,SHIFT_B,91,72,1,0,25,0
EMP0040,2025-10-16,SHIFT_B,116,96,2,1,19,0
EMP0040,2025-10-17,SHIFT_B,102,77,2,1,9,0
EMP0040,2025-10-20,SHIFT_B,91,67,1,1,27,0
EMP0040,2025-10-21,SHIFT_B,90,68,1,1,1,0
EMP0040,2025-10-22,SHIFT_B,117,97,3,1,16,1
EMP0040,2025-10-23,SHIFT_B,100,70,1,1,11,0
EMP0040,2025-10-24,SHIFT_B,121,85,2,1,6,0
EMP0040,2025-10-27,SHIFT_B,103,86,2,1,17,0
EMP0040,2025-10-28,SHIFT_B,119,91,2,1,9,0
EMP0040,2025-10-29,SHIFT_B,122,97,3,1,65,0
EMP0040,2025-10-30,SHIFT_B,107,88,3,1,13,0
EMP0040,2025-10-31,SHIFT_B,114,86,2,1,12,0
EMP0040,2025-11-03,SHIFT_B,127,105,2,1,9,0
EMP0040,2025-11-04,SHIFT_B,97,69,1,1,54,0
EMP0040,2025-11-05,SHIFT_B,111,78,2,1,74,0
EMP0040,2025-11-06,SHIFT_B,120,84,3,1,12,0
EMP0040,2025-11-07,SHIFT_B,105,83,2,1,30,0
EMP0040,2025-11-10,SHIFT_B,117,87,2,1,17,0
EMP0040,2025-11-11,SHIFT_B,124,101,2,1,29,0
EMP0040,2025-11-12,SHIFT_B,122,101,3,2,7,0
EMP0040,2025-11-13,SHIFT_B,102,84,3,1,22,0
EMP0040,2025-11-14,SHIFT_B,97,72,1,1,57,0
EMP0040,2025-11-17,SHIFT_B,109,87,2,1,22,0
EMP0040,2025-11-18,SHIFT_B,113,81,2,1,16,0
EMP0040,2025-11-19,SHIFT_B,122,97,2,1,19,0
EMP0040,2025-11-20,SHIFT_B,101,70,1,1,20,0
EMP0040,2025-11-21,SHIFT_B,110,83,2,1,24,0
EMP0040,2025-11-24,SHIFT_B,120,97,3,1,29,0
EMP0040,2025-11-25,SHIFT_B,103,78,2,1,16,0
EMP0040,2025-11-26,SHIFT_B,114,95,3,2,26,0
EMP0040,2025-11-27,SHIFT_B,91,72,1,1,30,0
EMP0040,2025-11-28,SHIFT_B,124,103,2,1,27,0
EMP0040,2025-12-01,SHIFT_B,114,79,2,1,7,0
EMP0040,2025-12-02,SHIFT_B,101,84,2,1,13,0
EMP0040,2025-12-03,SHIFT_B,130,97,3,2,14,0
EMP0040,2025-12-04,SHIFT_B,93,78,2,1,23,0
EMP0040,2025-12-05,SHIFT_B,127,96,2,1,21,0
EMP0040,2025-12-08,SHIFT_B,107,81,2,1,4,0
EMP0040,2025-12-09,SHIFT_B,126,101,3,2,23,0
EMP0040,2025-12-10,SHIFT_B,108,75,2,1,14,0
EMP0040,2025-12-11,SHIFT_B,122,91,2,1,14,0
EMP0040,2025-12-12,SHIFT_B,124,99,2,1,2,0
EMP0040,2025-12-15,SHIFT_B,101,74,2,1,29,0
EMP0040,2025-12-16,SHIFT_B,104,84,2,1,18,0
EMP0040,2025-12-17,SHIFT_B,99,76,2,1,49,0
EMP0040,2025-12-18,SHIFT_B,109,75,2,1,24,0
EMP0040,2025-12-19,SHIFT_B,95,66,1,1,6,0
EMP0040,2025-12-23,SHIFT_B,126,105,3,1,13,0
EMP0040,2025-12-24,SHIFT_B,122,88,3,2,2,0
EMP0040,2025-12-26,SHIFT_B,112,82,2,1,33,0
EMP0040,2025-12-29,SHIFT_B,96,73,1,1,19,0
EMP0040,2025-12-30,SHIFT_B,128,89,2,1,29,0
EMP0040,2026-01-02,SHIFT_B,116,81,2,1,18,0
EMP0040,2026-01-05,SHIFT_B,123,95,2,1,48,0
EMP0040,2026-01-06,SHIFT_B,99,77,2,1,3,0
EMP0040,2026-01-07,SHIFT_B,108,84,3,2,30,0
EMP0040,2026-01-08,SHIFT_B,95,71,2,1,29,0
EMP0040,2026-01-09,SHIFT_B,129,102,2,1,12,0
EMP0040,2026-01-12,SHIFT_B,107,88,2,1,11,0
EMP0040,2026-01-14,SHIFT_B,125,94,2,1,60,0
EMP0040,2026-01-15,SHIFT_B,94,78,2,1,20,0
EMP0040,2026-01-16,SHIFT_B,110,78,2,1,30,0
EMP0040,2026-01-19,SHIFT_B,113,95,2,1,9,0
EMP0040,2026-01-20,SHIFT_B,108,80,2,1,55,0
EMP0040,2026-01-21,SHIFT_B,92,74,1,0,56,0
EMP0040,2026-01-22,SHIFT_B,117,90,2,1,1,0
EMP0040,2026-01-23,SHIFT_B,116,80,2,1,1,0
EMP0040,2026-01-26,SHIFT_B,109,77,2,1,19,0
EMP0040,2026-01-28,SHIFT_B,105,75,2,1,23,0
EMP0040,2026-01-29,SHIFT_B,106,82,2,1,17,0
EMP0040,2026-01-30,SHIFT_B,116,82,2,1,3,0
EMP0040,2026-02-02,SHIFT_B,115,97,2,1,10,0
EMP0040,2026-02-03,SHIFT_B,97,80,2,1,41,0
EMP0040,2026-02-05,SHIFT_B,102,83,2,1,7,0
EMP0040,2026-02-06,SHIFT_B,102,78,2,1,14,0
EMP0040,2026-02-09,SHIFT_B,120,93,2,1,21,0
EMP0040,2026-02-10,SHIFT_B,94,74,2,1,12,0
EMP0040,2026-02-11,SHIFT_B,122,84,3,2,7,0
EMP0040,2026-02-12,SHIFT_B,90,70,1,0,14,0
EMP0040,2026-02-13,SHIFT_B,129,98,2,1,46,0
EMP0040,2026-02-16,SHIFT_B,91,72,1,0,11,0
EMP0040,2026-02-17,SHIFT_B,130,108,2,1,3,0
EMP0040,2026-02-18,SHIFT_B,110,91,2,1,20,0
EMP0040,2026-02-19,SHIFT_B,123,102,2,1,0,0
EMP0040,2026-02-23,SHIFT_B,121,94,3,1,11,1
EMP0040,2026-02-24,SHIFT_B,118,92,2,1,12,0
EMP0040,2026-02-25,SHIFT_B,117,84,2,1,17,0
EMP0040,2026-02-26,SHIFT_B,114,89,2,1,13,0
EMP0040,2026-02-27,SHIFT_B,119,87,2,1,7,0
EMP0040,2026-03-02,SHIFT_B,94,73,1,0,7,0
EMP0040,2026-03-03,SHIFT_B,91,66,1,1,20,0
EMP0040,2026-03-04,SHIFT_B,90,71,1,0,25,0
EMP0040,2026-03-05,SHIFT_B,97,74,1,0,6,0
EMP0040,2026-03-06,SHIFT_B,101,71,1,1,26,0
EMP0040,2026-03-09,SHIFT_B,92,70,2,1,30,0
EMP0040,2026-03-10,SHIFT_B,101,73,1,0,33,0
EMP0040,2026-03-11,SHIFT_B,105,76,2,1,13,0
EMP0040,2026-03-12,SHIFT_B,92,70,2,1,22,0
EMP0040,2026-03-13,SHIFT_B,110,81,2,1,1,0
EMP0040,2026-03-16,SHIFT_B,91,75,2,1,17,0
EMP0040,2026-03-17,SHIFT_B,123,96,2,1,4,0
EMP0040,2026-03-18,SHIFT_B,97,81,2,1,18,0
EMP0040,2026-03-19,SHIFT_B,91,70,1,0,12,0
EMP0040,2026-03-23,SHIFT_B,127,98,2,1,21,0
EMP0040,2026-03-24,SHIFT_B,120,95,2,1,29,0
EMP0040,2026-03-25,SHIFT_B,97,81,2,1,18,0
EMP0040,2026-03-26,SHIFT_B,105,78,2,1,25,0
EMP0040,2026-03-27,SHIFT_B,111,89,3,2,13,0
EMP0040,2026-03-30,SHIFT_B,109,79,2,1,17,0
EMP0040,2026-03-31,SHIFT_B,109,81,2,1,17,0
EMP0040,2026-04-01,SHIFT_B,114,82,2,1,16,0
EMP0040,2026-04-02,SHIFT_B,112,85,2,1,19,0
EMP0040,2026-04-03,SHIFT_B,110,78,2,1,24,0
EMP0040,2026-04-06,SHIFT_B,105,88,2,1,10,0
EMP0040,2026-04-07,SHIFT_B,124,87,2,1,18,0
EMP0040,2026-04-08,SHIFT_B,128,100,2,1,1,0
EMP0040,2026-04-09,SHIFT_B,97,77,2,1,6,0
EMP0040,2026-04-10,SHIFT_B,92,75,2,1,21,0
EMP0040,2026-04-13,SHIFT_B,121,90,2,1,5,0
EMP0040,2026-04-14,SHIFT_B,103,82,2,1,69,0
EMP0040,2026-04-15,SHIFT_B,118,92,2,1,2,0
EMP0040,2026-04-16,SHIFT_B,119,82,2,1,0,0
EMP0040,2026-04-17,SHIFT_B,93,73,2,1,14,0
EMP0040,2026-04-20,SHIFT_B,106,79,2,1,30,0
EMP0040,2026-04-21,SHIFT_B,125,96,2,1,11,0
EMP0040,2026-04-22,SHIFT_B,130,92,2,1,4,0
EMP0040,2026-04-23,SHIFT_B,93,68,2,1,4,0
EMP0040,2026-04-24,SHIFT_B,94,66,2,1,20,0
EMP0040,2026-04-27,SHIFT_B,116,88,2,1,27,0
EMP0040,2026-04-28,SHIFT_B,114,92,3,2,26,0
EMP0040,2026-04-29,SHIFT_B,108,79,2,1,4,0
EMP0040,2026-04-30,SHIFT_B,122,92,2,1,16,0
EMP0040,2026-05-04,SHIFT_B,101,74,2,1,14,0
EMP0040,2026-05-05,SHIFT_B,100,80,2,1,71,0
EMP0040,2026-05-06,SHIFT_B,102,83,2,1,24,0
EMP0040,2026-05-08,SHIFT_B,128,105,2,1,6,0
EMP0040,2026-05-11,SHIFT_B,117,85,2,1,18,0
EMP0040,2026-05-12,SHIFT_B,124,93,2,1,23,0
EMP0040,2026-05-13,SHIFT_B,105,75,2,1,1,0
EMP0040,2026-05-14,SHIFT_B,126,95,2,1,10,0
EMP0040,2026-05-15,SHIFT_B,97,79,2,1,18,0
EMP0040,2026-05-18,SHIFT_B,112,88,2,1,7,0
EMP0040,2026-05-19,SHIFT_B,117,94,2,1,2,0
EMP0040,2026-05-20,SHIFT_B,109,90,2,1,22,0
EMP0040,2026-05-21,SHIFT_B,103,81,2,1,17,0
EMP0040,2026-05-22,SHIFT_B,99,80,2,1,25,0
EMP0040,2026-05-25,SHIFT_B,93,77,2,1,32,0
EMP0040,2026-05-26,SHIFT_B,118,82,2,1,9,0
EMP0040,2026-05-27,SHIFT_B,102,75,2,1,19,0
EMP0040,2026-05-28,SHIFT_B,103,71,1,1,30,0
EMP0040,2026-05-29,SHIFT_B,129,100,3,2,7,0
EMP0040,2026-06-01,SHIFT_B,122,90,3,2,58,0
EMP0040,2026-06-02,SHIFT_B,125,87,2,1,67,0
EMP0040,2026-06-03,SHIFT_B,126,90,2,1,14,0
EMP0040,2026-06-04,SHIFT_B,124,98,2,1,11,0
EMP0040,2026-06-05,SHIFT_B,104,80,2,1,3,0
EMP0040,2026-06-08,SHIFT_B,99,78,2,1,14,0
EMP0040,2026-06-10,SHIFT_B,115,92,2,1,12,0
EMP0040,2026-06-11,SHIFT_B,113,88,2,1,32,0
EMP0040,2026-06-12,SHIFT_B,92,64,1,1,9,0
EMP0040,2026-06-15,SHIFT_B,111,94,3,1,18,0
EMP0040,2026-06-16,SHIFT_B,129,93,2,1,9,0
EMP0040,2026-06-17,SHIFT_B,112,90,3,1,9,0
EMP0040,2026-06-18,SHIFT_B,112,79,2,1,15,0
EMP0040,2026-06-22,SHIFT_B,98,81,2,1,33,0
EMP0040,2026-06-23,SHIFT_B,102,73,2,1,16,0
EMP0040,2026-06-24,SHIFT_B,97,80,2,1,21,0
EMP0040,2026-06-25,SHIFT_B,91,72,1,1,12,0
EMP0040,2026-06-26,SHIFT_B,116,87,2,1,24,0
EMP0040,2026-06-29,SHIFT_B,115,94,3,2,5,0
EMP0040,2026-06-30,SHIFT_B,129,90,3,2,14,0
EMP0040,2026-07-01,SHIFT_B,111,83,2,1,30,0
EMP0040,2026-07-02,SHIFT_B,125,92,3,2,6,0
EMP0040,2026-07-03,SHIFT_B,129,96,2,1,9,0
EMP0040,2026-07-07,SHIFT_B,101,78,2,1,22,0
EMP0040,2026-07-08,SHIFT_B,119,100,3,1,28,0
EMP0040,2026-07-09,SHIFT_B,107,78,2,1,3,0
EMP0040,2026-07-10,SHIFT_B,114,94,3,1,0,0
EMP0040,2026-07-13,SHIFT_B,99,69,1,1,1,0
EMP0040,2026-07-14,SHIFT_B,116,84,2,1,7,0
EMP0040,2026-07-15,SHIFT_B,129,108,2,1,46,0
EMP0040,2026-07-16,SHIFT_B,128,95,2,1,12,0
EMP0040,2026-07-17,SHIFT_B,114,91,3,2,15,0
EMP0040,2026-07-20,SHIFT_B,92,69,1,1,56,0
EMP0040,2026-07-21,SHIFT_B,93,73,1,1,27,0
EMP0040,2026-07-22,SHIFT_B,91,63,1,1,20,0
EMP0040,2026-07-23,SHIFT_B,111,88,3,2,7,0
EMP0040,2026-07-24,SHIFT_B,129,103,2,1,3,0
EMP0040,2026-07-27,SHIFT_B,110,89,3,2,28,0
EMP0040,2026-07-28,SHIFT_B,121,100,2,1,4,0
EMP0040,2026-07-29,SHIFT_B,116,86,2,1,6,0
EMP0040,2026-07-30,SHIFT_B,97,71,1,0,19,0
EMP0040,2026-07-31,SHIFT_B,109,84,3,2,17,0
EMP0040,2026-08-03,SHIFT_B,111,78,2,1,8,1
EMP0040,2026-08-04,SHIFT_B,106,79,2,1,16,0
EMP0040,2026-08-05,SHIFT_B,101,78,2,1,28,0
EMP0040,2026-08-06,SHIFT_B,127,91,3,1,13,0
EMP0040,2026-08-07,SHIFT_B,109,79,2,1,19,0
EMP0040,2026-08-10,SHIFT_B,103,75,2,1,10,0
EMP0040,2026-08-13,SHIFT_B,129,105,2,1,4,0
EMP0040,2026-08-14,SHIFT_B,121,88,3,2,12,0
EMP0040,2026-08-17,SHIFT_B,94,77,2,1,25,0
EMP0040,2026-08-18,SHIFT_B,91,64,2,1,13,0
EMP0040,2026-08-19,SHIFT_B,113,87,2,1,4,0
EMP0040,2026-08-20,SHIFT_B,119,86,2,1,52,0
EMP0040,2026-08-21,SHIFT_B,104,81,2,1,25,0
EMP0040,2026-08-24,SHIFT_B,124,86,3,2,3,0
EMP0040,2026-08-25,SHIFT_B,103,77,2,1,4,0
EMP0040,2026-08-26,SHIFT_B,114,79,2,1,15,0
EMP0040,2026-08-27,SHIFT_B,109,88,2,1,17,0
EMP0040,2026-08-28,SHIFT_B,106,77,2,1,9,0
EMP0040,2026-08-31,SHIFT_B,93,73,1,0,1,0
EMP0040,2026-09-01,SHIFT_B,100,74,1,1,6,0
EMP0040,2026-09-02,SHIFT_B,113,91,2,1,9,0
EMP0040,2026-09-03,SHIFT_B,99,79,2,1,19,0
EMP0040,2026-09-04,SHIFT_B,114,86,2,1,19,0
EMP0040,2026-09-07,SHIFT_B,103,84,2,1,65,0
EMP0040,2026-09-08,SHIFT_B,99,71,1,1,2,0
EMP0040,2026-09-09,SHIFT_B,112,86,2,1,55,0
EMP0040,2026-09-10,SHIFT_B,117,89,2,1,25,0
EMP0040,2026-09-11,SHIFT_B,98,70,1,1,4,0
EMP0041,2025-09-11,SHIFT_C,98,68,3,2,18,0
EMP0041,2025-09-12,SHIFT_C,127,97,3,1,16,0
EMP0041,2025-09-15,SHIFT_C,104,69,2,1,6,0
EMP0041,2025-09-16,SHIFT_C,104,71,2,1,13,0
EMP0041,2025-09-17,SHIFT_C,90,60,2,1,21,0
EMP0041,2025-09-18,SHIFT_C,106,78,3,1,1,0
EMP0041,2025-09-19,SHIFT_C,105,72,2,1,11,0
EMP0041,2025-09-22,SHIFT_C,103,74,2,1,17,0
EMP0041,2025-09-23,SHIFT_C,115,78,2,1,11,0
EMP0041,2025-09-24,SHIFT_C,94,71,3,2,20,0
EMP0041,2025-09-25,SHIFT_C,102,75,3,2,26,0
EMP0041,2025-09-26,SHIFT_C,105,78,3,1,13,0
EMP0041,2025-09-29,SHIFT_C,91,64,3,2,18,0
EMP0041,2025-09-30,SHIFT_C,126,95,4,2,8,0
EMP0041,2025-10-01,SHIFT_C,90,61,2,1,24,0
EMP0041,2025-10-03,SHIFT_C,118,76,2,1,55,0
EMP0041,2025-10-06,SHIFT_C,108,74,3,2,15,0
EMP0041,2025-10-07,SHIFT_C,99,75,2,1,22,0
EMP0041,2025-10-08,SHIFT_C,94,74,2,1,2,0
EMP0041,2025-10-09,SHIFT_C,103,81,3,2,1,0
EMP0041,2025-10-10,SHIFT_C,111,80,2,1,11,0
EMP0041,2025-10-13,SHIFT_C,100,74,3,2,26,0
EMP0041,2025-10-14,SHIFT_C,117,91,3,1,21,0
EMP0041,2025-10-15,SHIFT_C,124,80,2,1,15,0
EMP0041,2025-10-16,SHIFT_C,110,73,2,1,2,0
EMP0041,2025-10-17,SHIFT_C,98,66,3,1,7,0
EMP0041,2025-10-20,SHIFT_C,120,82,2,1,22,0
EMP0041,2025-10-21,SHIFT_C,109,80,3,1,26,0
EMP0041,2025-10-22,SHIFT_C,130,97,3,1,0,0
EMP0041,2025-10-23,SHIFT_C,109,83,3,1,14,0
EMP0041,2025-10-24,SHIFT_C,118,80,2,1,4,0
EMP0041,2025-10-27,SHIFT_C,90,62,2,1,8,0
EMP0041,2025-10-28,SHIFT_C,114,90,4,2,24,0
EMP0041,2025-10-29,SHIFT_C,110,74,2,1,0,0
EMP0041,2025-10-30,SHIFT_C,127,92,3,2,6,0
EMP0041,2025-10-31,SHIFT_C,93,71,2,1,13,0
EMP0041,2025-11-03,SHIFT_C,120,80,3,2,28,0
EMP0041,2025-11-04,SHIFT_C,124,89,4,3,3,0
EMP0041,2025-11-05,SHIFT_C,117,87,3,2,6,0
EMP0041,2025-11-06,SHIFT_C,114,88,3,2,16,0
EMP0041,2025-11-07,SHIFT_C,104,78,2,1,16,0
EMP0041,2025-11-10,SHIFT_C,98,75,2,1,27,0
EMP0041,2025-11-12,SHIFT_C,118,79,3,1,23,0
EMP0041,2025-11-13,SHIFT_C,106,81,2,1,17,0
EMP0041,2025-11-14,SHIFT_C,99,73,2,1,8,0
EMP0041,2025-11-17,SHIFT_C,92,71,2,1,28,0
EMP0041,2025-11-18,SHIFT_C,111,86,3,2,22,0
EMP0041,2025-11-19,SHIFT_C,96,69,2,1,26,0
EMP0041,2025-11-20,SHIFT_C,99,69,3,1,11,0
EMP0041,2025-11-21,SHIFT_C,92,71,2,1,39,0
EMP0041,2025-11-24,SHIFT_C,100,77,3,1,1,0
EMP0041,2025-11-25,SHIFT_C,104,79,2,1,21,0
EMP0041,2025-11-26,SHIFT_C,97,65,2,1,12,0
EMP0041,2025-11-27,SHIFT_C,104,81,3,1,2,0
EMP0041,2025-11-28,SHIFT_C,101,72,2,1,0,0
EMP0041,2025-12-01,SHIFT_C,126,90,4,1,23,0
EMP0041,2025-12-02,SHIFT_C,123,95,3,2,26,0
EMP0041,2025-12-03,SHIFT_C,90,58,2,1,26,0
EMP0041,2025-12-04,SHIFT_C,123,86,3,1,7,0
EMP0041,2025-12-05,SHIFT_C,126,90,4,2,12,0
EMP0041,2025-12-08,SHIFT_C,114,82,3,2,30,0
EMP0041,2025-12-09,SHIFT_C,96,75,2,1,26,0
EMP0041,2025-12-10,SHIFT_C,117,89,4,2,3,0
EMP0041,2025-12-11,SHIFT_C,100,68,2,1,11,0
EMP0041,2025-12-12,SHIFT_C,102,78,2,1,12,0
EMP0041,2025-12-15,SHIFT_C,108,80,2,1,8,0
EMP0041,2025-12-16,SHIFT_C,103,69,2,1,70,0
EMP0041,2025-12-17,SHIFT_C,117,86,3,1,12,0
EMP0041,2025-12-18,SHIFT_C,116,85,3,2,20,0
EMP0041,2025-12-19,SHIFT_C,114,77,2,1,20,0
EMP0041,2025-12-22,SHIFT_C,119,93,4,1,3,0
EMP0041,2025-12-23,SHIFT_C,123,97,4,3,4,0
EMP0041,2025-12-24,SHIFT_C,90,70,2,1,5,0
EMP0041,2025-12-26,SHIFT_C,113,79,2,1,27,0
EMP0041,2025-12-29,SHIFT_C,119,79,3,2,24,0
EMP0041,2025-12-30,SHIFT_C,90,70,2,1,4,0
EMP0041,2026-01-02,SHIFT_C,98,75,3,2,7,0
EMP0041,2026-01-05,SHIFT_C,112,83,3,1,6,0
EMP0041,2026-01-06,SHIFT_C,111,81,2,1,27,0
EMP0041,2026-01-07,SHIFT_C,117,80,3,2,30,0
EMP0041,2026-01-08,SHIFT_C,125,93,3,1,17,0
EMP0041,2026-01-09,SHIFT_C,91,65,3,1,21,0
EMP0041,2026-01-12,SHIFT_C,98,75,3,1,15,0
EMP0041,2026-01-13,SHIFT_C,101,80,2,1,54,0
EMP0041,2026-01-14,SHIFT_C,93,61,2,1,7,0
EMP0041,2026-01-15,SHIFT_C,101,67,2,1,3,0
EMP0041,2026-01-16,SHIFT_C,104,71,2,1,22,0
EMP0041,2026-01-19,SHIFT_C,121,92,4,2,1,0
EMP0041,2026-01-20,SHIFT_C,97,74,2,1,17,0
EMP0041,2026-01-21,SHIFT_C,98,72,3,2,28,0
EMP0041,2026-01-22,SHIFT_C,125,96,4,2,3,0
EMP0041,2026-01-23,SHIFT_C,110,75,2,1,51,0
EMP0041,2026-01-26,SHIFT_C,109,70,2,1,8,0
EMP0041,2026-01-27,SHIFT_C,129,95,4,2,30,0
EMP0041,2026-01-28,SHIFT_C,106,82,3,1,11,0
EMP0041,2026-01-29,SHIFT_C,118,89,4,1,14,0
EMP0041,2026-01-30,SHIFT_C,122,80,2,1,29,0
EMP0041,2026-02-02,SHIFT_C,92,70,3,1,21,0
EMP0041,2026-02-03,SHIFT_C,91,66,3,1,23,0
EMP0041,2026-02-05,SHIFT_C,112,80,3,1,28,0
EMP0041,2026-02-06,SHIFT_C,101,73,2,1,6,0
EMP0041,2026-02-09,SHIFT_C,110,84,3,1,13,0
EMP0041,2026-02-10,SHIFT_C,92,67,2,1,1,0
EMP0041,2026-02-11,SHIFT_C,99,77,2,1,1,0
EMP0041,2026-02-12,SHIFT_C,91,60,2,1,4,0
EMP0041,2026-02-13,SHIFT_C,120,93,4,2,28,0
EMP0041,2026-02-16,SHIFT_C,122,84,3,1,17,0
EMP0041,2026-02-17,SHIFT_C,97,74,2,1,14,0
EMP0041,2026-02-18,SHIFT_C,121,96,3,1,10,0
EMP0041,2026-02-19,SHIFT_C,101,76,3,1,10,0
EMP0041,2026-02-20,SHIFT_C,107,82,2,1,46,1
EMP0041,2026-02-23,SHIFT_C,92,64,2,1,50,0
EMP0041,2026-02-24,SHIFT_C,130,84,3,2,16,0
EMP0041,2026-02-25,SHIFT_C,107,83,3,1,4,0
EMP0041,2026-02-26,SHIFT_C,111,74,3,1,29,0
EMP0041,2026-02-27,SHIFT_C,121,78,2,1,15,0
EMP0041,2026-03-02,SHIFT_C,108,81,2,1,27,1
EMP0041,2026-03-03,SHIFT_C,112,84,3,2,1,0
EMP0041,2026-03-04,SHIFT_C,98,74,2,1,25,0
EMP0041,2026-03-05,SHIFT_C,112,76,2,1,9,0
EMP0041,2026-03-06,SHIFT_C,92,64,2,1,55,0
EMP0041,2026-03-09,SHIFT_C,118,81,3,2,20,0
EMP0041,2026-03-10,SHIFT_C,120,90,3,1,11,0
EMP0041,2026-03-11,SHIFT_C,91,66,2,1,6,0
EMP0041,2026-03-12,SHIFT_C,111,80,3,2,9,0
EMP0041,2026-03-13,SHIFT_C,117,78,2,1,2,0
EMP0041,2026-03-16,SHIFT_C,117,86,3,1,26,0
EMP0041,2026-03-17,SHIFT_C,110,77,3,2,19,0
EMP0041,2026-03-18,SHIFT_C,110,85,3,1,20,0
EMP0041,2026-03-19,SHIFT_C,108,74,2,1,18,0
EMP0041,2026-03-20,SHIFT_C,108,80,2,1,0,0
EMP0041,2026-03-23,SHIFT_C,102,67,3,1,61,0
EMP0041,2026-03-24,SHIFT_C,117,91,3,1,27,0
EMP0041,2026-03-25,SHIFT_C,97,73,3,2,23,0
EMP0041,2026-03-26,SHIFT_C,113,74,2,1,27,0
EMP0041,2026-03-27,SHIFT_C,125,87,3,2,21,0
EMP0041,2026-03-30,SHIFT_C,92,60,2,1,11,0
EMP0041,2026-03-31,SHIFT_C,127,83,2,1,7,0
EMP0041,2026-04-01,SHIFT_C,100,74,3,2,49,0
EMP0041,2026-04-02,SHIFT_C,104,69,2,1,20,0
EMP0041,2026-04-03,SHIFT_C,128,100,3,2,24,0
EMP0041,2026-04-06,SHIFT_C,128,89,4,2,16,0
EMP0041,2026-04-07,SHIFT_C,93,69,2,1,16,0
EMP0041,2026-04-08,SHIFT_C,103,77,2,1,11,0
EMP0041,2026-04-09,SHIFT_C,124,84,3,2,13,0
EMP0041,2026-04-10,SHIFT_C,94,62,2,1,16,0
EMP0041,2026-04-13,SHIFT_C,104,70,2,1,12,0
EMP0041,2026-04-14,SHIFT_C,116,84,3,1,27,0
EMP0041,2026-04-15,SHIFT_C,100,72,3,1,16,0
EMP0041,2026-04-16,SHIFT_C,129,93,3,1,8,0
EMP0041,2026-04-17,SHIFT_C,114,83,2,1,10,0
EMP0041,2026-04-20,SHIFT_C,103,78,2,1,4,0
EMP0041,2026-04-21,SHIFT_C,99,73,2,1,12,0
EMP0041,2026-04-22,SHIFT_C,94,72,2,1,23,0
EMP0041,2026-04-23,SHIFT_C,129,88,3,2,7,0
EMP0041,2026-04-24,SHIFT_C,102,78,3,1,30,0
EMP0041,2026-04-27,SHIFT_C,110,77,2,1,20,0
EMP0041,2026-04-28,SHIFT_C,117,78,2,1,15,0
EMP0041,2026-04-29,SHIFT_C,90,65,2,1,0,0
EMP0041,2026-04-30,SHIFT_C,106,78,3,1,44,0
EMP0041,2026-05-04,SHIFT_C,114,75,2,1,14,0
EMP0041,2026-05-05,SHIFT_C,103,80,2,1,15,0
EMP0041,2026-05-06,SHIFT_C,101,70,2,1,6,0
EMP0041,2026-05-07,SHIFT_C,112,78,3,2,7,0
EMP0041,2026-05-08,SHIFT_C,103,75,2,1,73,0
EMP0041,2026-05-11,SHIFT_C,107,80,3,1,0,0
EMP0041,2026-05-12,SHIFT_C,118,93,3,2,70,0
EMP0041,2026-05-13,SHIFT_C,104,81,3,2,19,0
EMP0041,2026-05-14,SHIFT_C,129,100,3,2,68,0
EMP0041,2026-05-15,SHIFT_C,127,91,4,3,27,0
EMP0041,2026-05-18,SHIFT_C,124,89,3,1,3,0
EMP0041,2026-05-19,SHIFT_C,99,75,2,1,60,0
EMP0041,2026-05-20,SHIFT_C,90,64,2,1,0,0
EMP0041,2026-05-21,SHIFT_C,122,94,3,2,14,0
EMP0041,2026-05-22,SHIFT_C,110,81,2,1,5,0
EMP0041,2026-05-25,SHIFT_C,105,83,2,1,22,0
EMP0041,2026-05-26,SHIFT_C,127,84,3,1,13,0
EMP0041,2026-05-27,SHIFT_C,109,77,2,1,47,0
EMP0041,2026-05-28,SHIFT_C,129,83,2,1,20,0
EMP0041,2026-05-29,SHIFT_C,98,64,2,1,8,0
EMP0041,2026-06-01,SHIFT_C,123,90,4,3,22,0
EMP0041,2026-06-02,SHIFT_C,107,78,2,1,17,0
EMP0041,2026-06-03,SHIFT_C,107,78,2,1,9,0
EMP0041,2026-06-04,SHIFT_C,104,75,2,1,28,0
EMP0041,2026-06-05,SHIFT_C,123,93,3,2,54,0
EMP0041,2026-06-08,SHIFT_C,91,59,2,1,48,0
EMP0041,2026-06-09,SHIFT_C,103,69,3,2,14,0
EMP0041,2026-06-10,SHIFT_C,94,64,2,1,29,0
EMP0041,2026-06-11,SHIFT_C,125,93,3,1,6,0
EMP0041,2026-06-12,SHIFT_C,120,86,3,1,10,0
EMP0041,2026-06-16,SHIFT_C,100,77,2,1,11,0
EMP0041,2026-06-17,SHIFT_C,129,100,3,1,15,0
EMP0041,2026-06-18,SHIFT_C,101,67,2,1,11,0
EMP0041,2026-06-19,SHIFT_C,105,72,2,1,23,0
EMP0041,2026-06-22,SHIFT_C,95,67,3,1,20,0
EMP0041,2026-06-23,SHIFT_C,105,73,2,1,27,0
EMP0041,2026-06-24,SHIFT_C,106,80,2,1,10,0
EMP0041,2026-06-25,SHIFT_C,127,92,4,2,22,0
EMP0041,2026-06-26,SHIFT_C,129,85,3,2,73,0
EMP0041,2026-06-29,SHIFT_C,98,68,2,1,70,0
EMP0041,2026-06-30,SHIFT_C,102,78,2,1,2,0
EMP0041,2026-07-01,SHIFT_C,107,73,2,1,2,0
EMP0041,2026-07-02,SHIFT_C,105,81,3,2,2,0
EMP0041,2026-07-03,SHIFT_C,108,82,3,2,27,0
EMP0041,2026-07-06,SHIFT_C,118,88,4,2,5,0
EMP0041,2026-07-07,SHIFT_C,125,82,3,2,27,0
EMP0041,2026-07-08,SHIFT_C,119,93,3,1,12,0
EMP0041,2026-07-09,SHIFT_C,93,67,2,1,11,0
EMP0041,2026-07-13,SHIFT_C,98,66,3,1,3,0
EMP0041,2026-07-14,SHIFT_C,99,65,2,1,8,0
EMP0041,2026-07-16,SHIFT_C,121,82,3,2,13,0
EMP0041,2026-07-17,SHIFT_C,121,81,2,1,2,0
EMP0041,2026-07-20,SHIFT_C,106,72,2,1,4,0
EMP0041,2026-07-21,SHIFT_C,96,70,3,2,27,0
EMP0041,2026-07-22,SHIFT_C,119,79,3,1,29,0
EMP0041,2026-07-23,SHIFT_C,106,81,3,2,0,0
EMP0041,2026-07-24,SHIFT_C,121,86,3,2,17,0
EMP0041,2026-07-27,SHIFT_C,120,84,3,1,20,0
EMP0041,2026-07-28,SHIFT_C,104,76,3,2,16,0
EMP0041,2026-07-29,SHIFT_C,125,94,4,2,22,0
EMP0041,2026-07-30,SHIFT_C,105,78,3,1,12,0
EMP0041,2026-07-31,SHIFT_C,123,88,3,2,61,0
EMP0041,2026-08-03,SHIFT_C,130,94,3,2,9,0
EMP0041,2026-08-04,SHIFT_C,123,93,3,1,8,0
EMP0041,2026-08-05,SHIFT_C,90,70,2,1,6,0
EMP0041,2026-08-06,SHIFT_C,127,97,3,2,29,0
EMP0041,2026-08-07,SHIFT_C,129,92,4,2,25,0
EMP0041,2026-08-10,SHIFT_C,120,78,3,1,7,0
EMP0041,2026-08-11,SHIFT_C,123,84,3,2,15,0
EMP0041,2026-08-12,SHIFT_C,103,74,2,1,22,0
EMP0041,2026-08-13,SHIFT_C,105,81,2,1,74,0
EMP0041,2026-08-14,SHIFT_C,117,90,3,2,8,0
EMP0041,2026-08-17,SHIFT_C,119,80,3,2,30,0
EMP0041,2026-08-18,SHIFT_C,90,63,2,1,30,0
EMP0041,2026-08-19,SHIFT_C,115,77,2,1,9,0
EMP0041,2026-08-20,SHIFT_C,120,86,3,1,11,0
EMP0041,2026-08-21,SHIFT_C,111,76,2,1,10,0
EMP0041,2026-08-24,SHIFT_C,125,91,4,2,2,0
EMP0041,2026-08-25,SHIFT_C,107,84,3,1,17,0
EMP0041,2026-08-26,SHIFT_C,92,71,2,1,20,0
EMP0041,2026-08-27,SHIFT_C,117,83,2,1,27,0
EMP0041,2026-08-28,SHIFT_C,121,87,3,2,18,0
EMP0041,2026-08-31,SHIFT_C,124,88,3,1,26,0
EMP0041,2026-09-01,SHIFT_C,124,90,3,2,0,0
EMP0041,2026-09-02,SHIFT_C,92,71,2,1,17,0
EMP0041,2026-09-03,SHIFT_C,96,72,3,2,26,0
EMP0041,2026-09-04,SHIFT_C,99,75,2,1,28,0
EMP0041,2026-09-07,SHIFT_C,90,65,2,1,26,0
EMP0041,2026-09-08,SHIFT_C,107,84,3,2,29,0
EMP0041,2026-09-09,SHIFT_C,124,82,3,1,15,0
EMP0041,2026-09-10,SHIFT_C,122,80,2,1,13,0
EMP0041,2026-09-11,SHIFT_C,125,95,4,2,18,0
EMP0042,2025-09-11,SHIFT_A,100,70,2,1,30,0
EMP0042,2025-09-12,SHIFT_A,98,69,3,1,18,0
EMP0042,2025-09-15,SHIFT_A,91,62,2,1,13,0
EMP0042,2025-09-16,SHIFT_A,107,71,2,1,10,0
EMP0042,2025-09-17,SHIFT_A,123,87,3,1,14,0
EMP0042,2025-09-18,SHIFT_A,128,100,3,2,21,0
EMP0042,2025-09-22,SHIFT_A,107,80,3,1,25,0
EMP0042,2025-09-23,SHIFT_A,105,72,2,1,19,0
EMP0042,2025-09-24,SHIFT_A,100,71,3,2,5,0
EMP0042,2025-09-25,SHIFT_A,124,90,3,2,0,0
EMP0042,2025-09-26,SHIFT_A,111,79,2,1,2,0
EMP0042,2025-09-29,SHIFT_A,126,85,3,1,23,0
EMP0042,2025-09-30,SHIFT_A,97,72,2,1,19,0
EMP0042,2025-10-01,SHIFT_A,90,64,2,1,3,0
EMP0042,2025-10-02,SHIFT_A,110,74,2,1,8,0
EMP0042,2025-10-03,SHIFT_A,100,65,2,1,29,0
EMP0042,2025-10-06,SHIFT_A,90,66,2,1,10,0
EMP0042,2025-10-07,SHIFT_A,116,74,3,2,29,0
EMP0042,2025-10-08,SHIFT_A,124,94,3,2,5,0
EMP0042,2025-10-09,SHIFT_A,103,72,2,1,21,0
EMP0042,2025-10-10,SHIFT_A,91,68,2,1,18,0
EMP0042,2025-10-13,SHIFT_A,118,87,3,2,26,0
EMP0042,2025-10-14,SHIFT_A,112,87,3,2,3,0
EMP0042,2025-10-15,SHIFT_A,116,86,3,2,30,0
EMP0042,2025-10-16,SHIFT_A,110,77,2,1,3,0
EMP0042,2025-10-17,SHIFT_A,114,82,2,1,25,0
EMP0042,2025-10-20,SHIFT_A,122,78,3,2,9,0
EMP0042,2025-10-21,SHIFT_A,108,76,2,1,4,0
EMP0042,2025-10-22,SHIFT_A,94,64,2,1,23,0
EMP0042,2025-10-23,SHIFT_A,90,67,2,1,4,0
EMP0042,2025-10-24,SHIFT_A,109,81,2,1,16,0
EMP0042,2025-10-27,SHIFT_A,99,73,3,1,27,0
EMP0042,2025-10-28,SHIFT_A,95,69,3,2,27,0
EMP0042,2025-10-29,SHIFT_A,115,85,3,2,28,0
EMP0042,2025-10-30,SHIFT_A,97,67,3,2,21,0
EMP0042,2025-11-03,SHIFT_A,113,76,2,1,21,0
EMP0042,2025-11-04,SHIFT_A,118,76,2,1,24,0
EMP0042,2025-11-06,SHIFT_A,129,99,3,2,23,0
EMP0042,2025-11-07,SHIFT_A,130,100,3,2,9,0
EMP0042,2025-11-10,SHIFT_A,112,78,2,1,16,0
EMP0042,2025-11-11,SHIFT_A,110,70,2,1,2,0
EMP0042,2025-11-12,SHIFT_A,106,74,2,1,19,0
EMP0042,2025-11-13,SHIFT_A,123,80,2,1,17,0
EMP0042,2025-11-14,SHIFT_A,90,61,2,1,27,0
EMP0042,2025-11-17,SHIFT_A,104,77,2,1,0,0
EMP0042,2025-11-18,SHIFT_A,115,84,3,2,0,0
EMP0042,2025-11-19,SHIFT_A,108,82,3,2,9,0
EMP0042,2025-11-20,SHIFT_A,118,79,2,1,6,0
EMP0042,2025-11-21,SHIFT_A,112,87,3,1,23,0
EMP0042,2025-11-24,SHIFT_A,98,67,3,1,29,0
EMP0042,2025-11-25,SHIFT_A,121,82,2,1,27,0
EMP0042,2025-11-26,SHIFT_A,130,84,3,1,7,0
EMP0042,2025-11-27,SHIFT_A,122,87,3,1,12,0
EMP0042,2025-11-28,SHIFT_A,106,71,3,1,18,0
EMP0042,2025-12-01,SHIFT_A,111,86,3,2,38,0
EMP0042,2025-12-02,SHIFT_A,94,71,2,1,12,0
EMP0042,2025-12-03,SHIFT_A,120,81,2,1,16,0
EMP0042,2025-12-04,SHIFT_A,126,89,4,2,11,0
EMP0042,2025-12-05,SHIFT_A,98,67,2,1,24,0
EMP0042,2025-12-08,SHIFT_A,94,67,3,2,6,0
EMP0042,2025-12-09,SHIFT_A,104,70,2,1,4,0
EMP0042,2025-12-10,SHIFT_A,101,72,3,2,16,0
EMP0042,2025-12-11,SHIFT_A,118,84,3,1,7,0
EMP0042,2025-12-12,SHIFT_A,96,63,2,1,19,0
EMP0042,2025-12-15,SHIFT_A,108,75,2,1,17,0
EMP0042,2025-12-16,SHIFT_A,105,69,3,2,9,0
EMP0042,2025-12-17,SHIFT_A,106,68,2,1,25,0
EMP0042,2025-12-18,SHIFT_A,111,73,2,1,9,0
EMP0042,2025-12-19,SHIFT_A,130,88,3,1,12,0
EMP0042,2025-12-22,SHIFT_A,102,67,2,1,20,0
EMP0042,2025-12-24,SHIFT_A,90,69,2,1,7,0
EMP0042,2025-12-26,SHIFT_A,91,61,2,1,24,0
EMP0042,2025-12-29,SHIFT_A,121,88,3,2,24,0
EMP0042,2025-12-30,SHIFT_A,98,65,2,1,21,0
EMP0042,2026-01-02,SHIFT_A,93,72,2,1,28,0
EMP0042,2026-01-05,SHIFT_A,114,87,3,2,75,0
EMP0042,2026-01-06,SHIFT_A,121,88,3,2,12,0
EMP0042,2026-01-07,SHIFT_A,99,73,2,1,6,0
EMP0042,2026-01-08,SHIFT_A,119,85,3,1,5,0
EMP0042,2026-01-09,SHIFT_A,103,66,2,1,69,0
EMP0042,2026-01-13,SHIFT_A,97,73,2,1,27,0
EMP0042,2026-01-14,SHIFT_A,109,80,2,1,19,0
EMP0042,2026-01-15,SHIFT_A,111,84,3,1,13,0
EMP0042,2026-01-16,SHIFT_A,130,87,3,1,27,0
EMP0042,2026-01-19,SHIFT_A,96,67,3,2,10,0
EMP0042,2026-01-20,SHIFT_A,120,85,3,1,4,0
EMP0042,2026-01-21,SHIFT_A,112,81,2,1,29,0
EMP0042,2026-01-22,SHIFT_A,122,81,2,1,6,0
EMP0042,2026-01-26,SHIFT_A,111,78,2,1,7,0
EMP0042,2026-01-27,SHIFT_A,97,75,3,2,3,0
EMP0042,2026-01-28,SHIFT_A,102,77,2,1,30,0
EMP0042,2026-01-29,SHIFT_A,126,92,3,2,18,0
EMP0042,2026-01-30,SHIFT_A,128,85,3,1,11,0
EMP0042,2026-02-02,SHIFT_A,118,88,4,2,15,0
EMP0042,2026-02-03,SHIFT_A,105,81,2,1,29,0
EMP0042,2026-02-05,SHIFT_A,103,79,2,1,6,0
EMP0042,2026-02-06,SHIFT_A,103,76,2,1,6,0
EMP0042,2026-02-09,SHIFT_A,103,67,2,1,20,0
EMP0042,2026-02-10,SHIFT_A,107,77,3,1,10,0
EMP0042,2026-02-12,SHIFT_A,97,65,2,1,3,0
EMP0042,2026-02-13,SHIFT_A,90,68,2,1,26,0
EMP0042,2026-02-16,SHIFT_A,106,75,2,1,30,0
EMP0042,2026-02-17,SHIFT_A,112,73,2,1,20,0
EMP0042,2026-02-18,SHIFT_A,106,78,2,1,3,0
EMP0042,2026-02-19,SHIFT_A,110,79,2,1,5,0
EMP0042,2026-02-20,SHIFT_A,110,83,2,1,22,0
EMP0042,2026-02-23,SHIFT_A,126,85,3,1,6,0
EMP0042,2026-02-24,SHIFT_A,94,71,2,1,14,0
EMP0042,2026-02-25,SHIFT_A,97,71,2,1,31,0
EMP0042,2026-02-26,SHIFT_A,92,70,2,1,51,0
EMP0042,2026-02-27,SHIFT_A,100,70,2,1,1,0
EMP0042,2026-03-02,SHIFT_A,128,93,3,1,42,0
EMP0042,2026-03-03,SHIFT_A,123,82,2,1,12,0
EMP0042,2026-03-04,SHIFT_A,103,71,3,1,29,0
EMP0042,2026-03-05,SHIFT_A,100,72,2,1,7,0
EMP0042,2026-03-06,SHIFT_A,124,85,3,2,65,0
EMP0042,2026-03-09,SHIFT_A,118,87,3,1,7,0
EMP0042,2026-03-10,SHIFT_A,100,71,2,1,65,0
EMP0042,2026-03-11,SHIFT_A,114,86,3,1,58,0
EMP0042,2026-03-12,SHIFT_A,94,73,2,1,13,0
EMP0042,2026-03-13,SHIFT_A,101,71,2,1,23,0
EMP0042,2026-03-16,SHIFT_A,93,63,2,1,11,0
EMP0042,2026-03-17,SHIFT_A,96,62,2,1,13,0
EMP0042,2026-03-18,SHIFT_A,118,88,3,1,7,0
EMP0042,2026-03-19,SHIFT_A,91,63,2,1,25,0
EMP0042,2026-03-20,SHIFT_A,95,65,3,2,23,0
EMP0042,2026-03-23,SHIFT_A,110,73,2,1,2,0
EMP0042,2026-03-24,SHIFT_A,99,74,3,1,26,0
EMP0042,2026-03-25,SHIFT_A,130,90,4,3,54,0
EMP0042,2026-03-26,SHIFT_A,130,86,3,1,10,0
EMP0042,2026-03-27,SHIFT_A,109,74,3,1,21,0
EMP0042,2026-03-30,SHIFT_A,116,83,2,1,25,0
EMP0042,2026-03-31,SHIFT_A,106,79,2,1,6,0
EMP0042,2026-04-01,SHIFT_A,110,71,3,2,58,0
EMP0042,2026-04-02,SHIFT_A,127,95,3,2,50,0
EMP0042,2026-04-03,SHIFT_A,92,60,2,1,3,0
EMP0042,2026-04-06,SHIFT_A,114,74,2,1,17,0
EMP0042,2026-04-07,SHIFT_A,123,93,4,2,17,0
EMP0042,2026-04-08,SHIFT_A,130,96,4,3,10,0
EMP0042,2026-04-09,SHIFT_A,112,80,3,2,10,0
EMP0042,2026-04-10,SHIFT_A,106,74,3,2,17,0
EMP0042,2026-04-13,SHIFT_A,111,73,2,1,23,0
EMP0042,2026-04-14,SHIFT_A,114,80,2,1,25,0
EMP0042,2026-04-15,SHIFT_A,118,78,3,1,23,0
EMP0042,2026-04-16,SHIFT_A,124,80,2,1,17,0
EMP0042,2026-04-17,SHIFT_A,104,68,2,1,66,0
EMP0042,2026-04-20,SHIFT_A,118,81,3,2,31,0
EMP0042,2026-04-21,SHIFT_A,90,70,3,1,17,0
EMP0042,2026-04-22,SHIFT_A,129,85,3,1,20,0
EMP0042,2026-04-23,SHIFT_A,114,86,3,1,7,0
EMP0042,2026-04-24,SHIFT_A,121,89,3,2,21,0
EMP0042,2026-04-27,SHIFT_A,95,73,3,1,16,0
EMP0042,2026-04-28,SHIFT_A,109,84,3,2,12,0
EMP0042,2026-04-29,SHIFT_A,124,83,3,2,23,0
EMP0042,2026-04-30,SHIFT_A,129,87,3,2,10,0
EMP0042,2026-05-04,SHIFT_A,99,64,3,1,6,0
EMP0042,2026-05-05,SHIFT_A,129,84,3,2,20,0
EMP0042,2026-05-06,SHIFT_A,115,82,2,1,2,0
EMP0042,2026-05-07,SHIFT_A,100,75,2,1,13,0
EMP0042,2026-05-08,SHIFT_A,123,93,3,2,25,0
EMP0042,2026-05-11,SHIFT_A,91,70,2,1,9,0
EMP0042,2026-05-12,SHIFT_A,114,87,3,1,9,0
EMP0042,2026-05-13,SHIFT_A,107,80,3,1,1,0
EMP0042,2026-05-14,SHIFT_A,121,91,4,2,20,0
EMP0042,2026-05-15,SHIFT_A,126,92,4,2,13,0
EMP0042,2026-05-18,SHIFT_A,130,93,4,2,13,0
EMP0042,2026-05-19,SHIFT_A,101,65,2,1,6,0
EMP0042,2026-05-20,SHIFT_A,114,83,2,1,26,0
EMP0042,2026-05-21,SHIFT_A,129,98,3,2,7,0
EMP0042,2026-05-22,SHIFT_A,127,95,3,2,8,0
EMP0042,2026-05-25,SHIFT_A,117,81,2,1,65,0
EMP0042,2026-05-26,SHIFT_A,90,68,3,1,12,0
EMP0042,2026-05-27,SHIFT_A,112,83,2,1,23,0
EMP0042,2026-05-28,SHIFT_A,121,84,3,1,6,0
EMP0042,2026-05-29,SHIFT_A,100,77,2,1,7,0
EMP0042,2026-06-01,SHIFT_A,123,86,3,2,27,0
EMP0042,2026-06-02,SHIFT_A,103,79,3,1,0,0
EMP0042,2026-06-03,SHIFT_A,116,74,2,1,35,0
EMP0042,2026-06-04,SHIFT_A,117,75,2,1,17,0
EMP0042,2026-06-05,SHIFT_A,90,60,2,1,26,0
EMP0042,2026-06-08,SHIFT_A,104,69,3,2,51,0
EMP0042,2026-06-09,SHIFT_A,121,81,2,1,19,0
EMP0042,2026-06-10,SHIFT_A,117,76,2,1,30,0
EMP0042,2026-06-11,SHIFT_A,128,85,3,1,20,0
EMP0042,2026-06-12,SHIFT_A,122,81,2,1,30,0
EMP0042,2026-06-15,SHIFT_A,120,78,2,1,61,0
EMP0042,2026-06-16,SHIFT_A,109,79,2,1,2,0
EMP0042,2026-06-17,SHIFT_A,116,76,2,1,26,0
EMP0042,2026-06-18,SHIFT_A,91,67,3,1,8,0
EMP0042,2026-06-19,SHIFT_A,116,86,3,2,49,0
EMP0042,2026-06-22,SHIFT_A,111,76,3,2,23,0
EMP0042,2026-06-24,SHIFT_A,102,73,3,2,25,0
EMP0042,2026-06-25,SHIFT_A,113,74,2,1,61,0
EMP0042,2026-06-26,SHIFT_A,106,70,2,1,4,0
EMP0042,2026-06-29,SHIFT_A,98,72,2,1,29,0
EMP0042,2026-06-30,SHIFT_A,95,72,3,2,4,0
EMP0042,2026-07-01,SHIFT_A,92,61,2,1,25,0
EMP0042,2026-07-02,SHIFT_A,125,92,3,2,2,0
EMP0042,2026-07-03,SHIFT_A,123,83,3,2,9,0
EMP0042,2026-07-06,SHIFT_A,114,83,2,1,10,0
EMP0042,2026-07-07,SHIFT_A,97,68,3,2,53,0
EMP0042,2026-07-08,SHIFT_A,121,83,2,1,0,0
EMP0042,2026-07-09,SHIFT_A,105,74,2,1,33,0
EMP0042,2026-07-10,SHIFT_A,107,73,2,1,24,1
EMP0042,2026-07-13,SHIFT_A,93,67,3,1,10,0
EMP0042,2026-07-14,SHIFT_A,90,59,2,1,5,0
EMP0042,2026-07-15,SHIFT_A,123,92,3,1,13,0
EMP0042,2026-07-16,SHIFT_A,125,89,4,3,9,0
EMP0042,2026-07-17,SHIFT_A,128,86,3,2,62,0
EMP0042,2026-07-20,SHIFT_A,129,89,4,2,30,0
EMP0042,2026-07-21,SHIFT_A,118,79,2,1,10,0
EMP0042,2026-07-22,SHIFT_A,112,85,3,2,19,0
EMP0042,2026-07-24,SHIFT_A,108,77,2,1,47,0
EMP0042,2026-07-27,SHIFT_A,114,74,2,1,21,0
EMP0042,2026-07-28,SHIFT_A,111,73,2,1,14,0
EMP0042,2026-07-29,SHIFT_A,129,94,3,1,17,0
EMP0042,2026-07-30,SHIFT_A,105,75,2,1,20,0
EMP0042,2026-07-31,SHIFT_A,123,91,3,1,2,0
EMP0042,2026-08-03,SHIFT_A,92,63,3,2,24,0
EMP0042,2026-08-04,SHIFT_A,104,74,3,2,14,0
EMP0042,2026-08-05,SHIFT_A,98,64,2,1,22,0
EMP0042,2026-08-06,SHIFT_A,95,67,3,1,8,0
EMP0042,2026-08-10,SHIFT_A,124,88,4,2,23,0
EMP0042,2026-08-11,SHIFT_A,108,72,2,1,70,0
EMP0042,2026-08-12,SHIFT_A,99,68,3,2,8,0
EMP0042,2026-08-13,SHIFT_A,93,73,2,1,0,0
EMP0042,2026-08-17,SHIFT_A,103,76,3,2,11,0
EMP0042,2026-08-18,SHIFT_A,114,83,3,1,11,0
EMP0042,2026-08-19,SHIFT_A,118,91,4,3,23,0
EMP0042,2026-08-20,SHIFT_A,122,81,2,1,17,0
EMP0042,2026-08-21,SHIFT_A,108,77,2,1,12,0
EMP0042,2026-08-24,SHIFT_A,121,94,4,2,7,0
EMP0042,2026-08-25,SHIFT_A,108,77,3,2,7,0
EMP0042,2026-08-26,SHIFT_A,115,90,3,2,21,0
EMP0042,2026-08-27,SHIFT_A,106,74,2,1,27,0
EMP0042,2026-08-28,SHIFT_A,109,74,2,1,15,0
EMP0042,2026-08-31,SHIFT_A,113,80,2,1,15,0
EMP0042,2026-09-01,SHIFT_A,95,71,2,1,22,0
EMP0042,2026-09-02,SHIFT_A,99,73,3,2,37,0
EMP0042,2026-09-03,SHIFT_A,98,65,2,1,20,0
EMP0042,2026-09-04,SHIFT_A,107,71,2,1,8,0
EMP0042,2026-09-07,SHIFT_A,117,77,3,1,9,0
EMP0042,2026-09-08,SHIFT_A,104,76,2,1,16,0
EMP0042,2026-09-09,SHIFT_A,113,87,3,2,26,0
EMP0042,2026-09-10,SHIFT_A,120,93,3,2,14,0
EMP0042,2026-09-11,SHIFT_A,115,89,3,1,20,0
EMP0043,2025-09-11,SHIFT_B,94,61,2,1,10,0
EMP0043,2025-09-12,SHIFT_B,96,67,2,1,26,0
EMP0043,2025-09-15,SHIFT_B,99,63,2,1,14,0
EMP0043,2025-09-16,SHIFT_B,92,62,2,1,13,0
EMP0043,2025-09-17,SHIFT_B,130,86,3,1,34,0
EMP0043,2025-09-18,SHIFT_B,97,64,2,1,23,0
EMP0043,2025-09-19,SHIFT_B,118,81,2,1,8,0
EMP0043,2025-09-22,SHIFT_B,115,79,2,1,12,0
EMP0043,2025-09-23,SHIFT_B,98,73,2,1,3,0
EMP0043,2025-09-24,SHIFT_B,107,78,3,2,60,0
EMP0043,2025-09-25,SHIFT_B,99,64,2,1,25,0
EMP0043,2025-09-26,SHIFT_B,98,74,2,1,16,0
EMP0043,2025-09-29,SHIFT_B,100,74,2,1,5,0
EMP0043,2025-10-01,SHIFT_B,125,90,3,2,18,0
EMP0043,2025-10-02,SHIFT_B,106,70,2,1,28,0
EMP0043,2025-10-03,SHIFT_B,117,89,3,2,10,0
EMP0043,2025-10-06,SHIFT_B,114,76,3,1,19,0
EMP0043,2025-10-07,SHIFT_B,109,69,2,1,14,0
EMP0043,2025-10-08,SHIFT_B,90,66,2,1,12,0
EMP0043,2025-10-09,SHIFT_B,130,82,2,1,17,0
EMP0043,2025-10-10,SHIFT_B,101,66,3,2,4,0
EMP0043,2025-10-13,SHIFT_B,130,90,3,2,30,0
EMP0043,2025-10-14,SHIFT_B,130,94,3,1,7,0
EMP0043,2025-10-15,SHIFT_B,115,84,3,2,24,0
EMP0043,2025-10-16,SHIFT_B,105,76,2,1,16,0
EMP0043,2025-10-17,SHIFT_B,105,77,2,1,16,0
EMP0043,2025-10-20,SHIFT_B,97,71,2,1,28,0
EMP0043,2025-10-21,SHIFT_B,116,86,3,1,28,0
EMP0043,2025-10-22,SHIFT_B,90,62,2,1,26,0
EMP0043,2025-10-23,SHIFT_B,95,66,2,1,29,0
EMP0043,2025-10-24,SHIFT_B,130,96,4,2,3,0
EMP0043,2025-10-27,SHIFT_B,117,74,3,2,29,0
EMP0043,2025-10-28,SHIFT_B,90,58,2,1,18,0
EMP0043,2025-10-29,SHIFT_B,94,63,2,1,11,0
EMP0043,2025-10-30,SHIFT_B,111,81,2,1,9,0
EMP0043,2025-10-31,SHIFT_B,121,78,3,2,16,0
EMP0043,2025-11-03,SHIFT_B,122,92,3,2,9,0
EMP0043,2025-11-04,SHIFT_B,129,93,3,2,45,0
EMP0043,2025-11-05,SHIFT_B,116,76,2,1,59,0
EMP0043,2025-11-06,SHIFT_B,121,83,2,1,5,0
EMP0043,2025-11-07,SHIFT_B,98,66,2,1,18,0
EMP0043,2025-11-10,SHIFT_B,109,69,2,1,25,0
EMP0043,2025-11-11,SHIFT_B,91,67,2,1,11,0
EMP0043,2025-11-13,SHIFT_B,95,66,2,1,8,0
EMP0043,2025-11-14,SHIFT_B,121,80,2,1,2,0
EMP0043,2025-11-17,SHIFT_B,113,77,2,1,21,0
EMP0043,2025-11-18,SHIFT_B,96,64,3,1,3,0
EMP0043,2025-11-19,SHIFT_B,101,64,2,1,2,0
EMP0043,2025-11-20,SHIFT_B,127,94,3,2,13,0
EMP0043,2025-11-21,SHIFT_B,90,65,3,1,25,0
EMP0043,2025-11-24,SHIFT_B,99,66,3,2,12,0
EMP0043,2025-11-25,SHIFT_B,119,88,3,2,16,0
EMP0043,2025-11-26,SHIFT_B,116,80,3,1,16,0
EMP0043,2025-11-27,SHIFT_B,107,70,2,1,16,0
EMP0043,2025-11-28,SHIFT_B,115,80,2,1,0,0
EMP0043,2025-12-01,SHIFT_B,127,83,3,1,23,0
EMP0043,2025-12-02,SHIFT_B,120,76,2,1,24,0
EMP0043,2025-12-03,SHIFT_B,96,64,3,1,24,0
EMP0043,2025-12-04,SHIFT_B,116,79,2,1,2,0
EMP0043,2025-12-05,SHIFT_B,105,77,2,1,0,0
EMP0043,2025-12-08,SHIFT_B,94,64,2,1,16,0
EMP0043,2025-12-09,SHIFT_B,94,72,2,1,14,0
EMP0043,2025-12-10,SHIFT_B,118,87,3,1,18,0
EMP0043,2025-12-11,SHIFT_B,116,84,3,2,29,0
EMP0043,2025-12-12,SHIFT_B,102,77,3,1,22,0
EMP0043,2025-12-15,SHIFT_B,109,81,2,1,69,0
EMP0043,2025-12-16,SHIFT_B,113,73,3,2,11,0
EMP0043,2025-12-17,SHIFT_B,116,79,2,1,23,0
EMP0043,2025-12-18,SHIFT_B,130,84,3,2,3,0
EMP0043,2025-12-19,SHIFT_B,111,77,2,1,0,0
EMP0043,2025-12-22,SHIFT_B,118,80,2,1,27,0
EMP0043,2025-12-23,SHIFT_B,115,88,3,1,49,0
EMP0043,2025-12-24,SHIFT_B,91,65,3,2,22,0
EMP0043,2025-12-26,SHIFT_B,94,65,2,1,27,0
EMP0043,2025-12-29,SHIFT_B,93,67,3,2,21,0
EMP0043,2025-12-30,SHIFT_B,105,79,2,1,13,0
EMP0043,2026-01-02,SHIFT_B,127,81,2,1,24,0
EMP0043,2026-01-05,SHIFT_B,122,78,3,1,14,0
EMP0043,2026-01-06,SHIFT_B,97,74,2,1,24,0
EMP0043,2026-01-07,SHIFT_B,101,77,2,1,20,0
EMP0043,2026-01-08,SHIFT_B,114,73,2,1,19,0
EMP0043,2026-01-09,SHIFT_B,113,84,3,1,21,0
EMP0043,2026-01-12,SHIFT_B,90,63,3,2,12,0
EMP0043,2026-01-13,SHIFT_B,120,82,2,1,63,0
EMP0043,2026-01-14,SHIFT_B,94,60,2,1,15,0
EMP0043,2026-01-15,SHIFT_B,96,72,3,2,9,0
EMP0043,2026-01-16,SHIFT_B,99,71,2,1,8,0
EMP0043,2026-01-19,SHIFT_B,113,75,2,1,5,0
EMP0043,2026-01-20,SHIFT_B,118,88,3,1,4,0
EMP0043,2026-01-21,SHIFT_B,95,72,2,1,27,0
EMP0043,2026-01-22,SHIFT_B,96,66,2,1,9,0
EMP0043,2026-01-23,SHIFT_B,111,78,2,1,22,0
EMP0043,2026-01-26,SHIFT_B,98,68,2,1,22,0
EMP0043,2026-01-27,SHIFT_B,113,81,3,1,56,0
EMP0043,2026-01-28,SHIFT_B,116,79,2,1,2,0
EMP0043,2026-01-29,SHIFT_B,105,72,2,1,16,0
EMP0043,2026-01-30,SHIFT_B,128,97,4,2,69,0
EMP0043,2026-02-02,SHIFT_B,100,63,2,1,8,0
EMP0043,2026-02-03,SHIFT_B,125,87,3,1,6,0
EMP0043,2026-02-05,SHIFT_B,97,68,2,1,16,0
EMP0043,2026-02-06,SHIFT_B,121,88,4,3,20,0
EMP0043,2026-02-09,SHIFT_B,103,77,2,1,7,0
EMP0043,2026-02-10,SHIFT_B,119,75,2,1,15,0
EMP0043,2026-02-11,SHIFT_B,130,92,3,2,6,0
EMP0043,2026-02-12,SHIFT_B,95,72,3,2,18,0
EMP0043,2026-02-13,SHIFT_B,92,65,2,1,7,0
EMP0043,2026-02-16,SHIFT_B,103,71,2,1,14,0
EMP0043,2026-02-17,SHIFT_B,119,81,3,2,18,0
EMP0043,2026-02-18,SHIFT_B,93,62,2,1,72,0
EMP0043,2026-02-19,SHIFT_B,107,74,2,1,16,0
EMP0043,2026-02-20,SHIFT_B,119,86,3,1,0,0
EMP0043,2026-02-23,SHIFT_B,129,92,4,2,6,0
EMP0043,2026-02-24,SHIFT_B,125,86,3,2,58,0
EMP0043,2026-02-25,SHIFT_B,91,60,2,1,25,0
EMP0043,2026-02-26,SHIFT_B,92,69,2,1,16,0
EMP0043,2026-02-27,SHIFT_B,113,73,2,1,17,0
EMP0043,2026-03-02,SHIFT_B,100,68,3,2,15,0
EMP0043,2026-03-03,SHIFT_B,100,72,3,1,4,0
EMP0043,2026-03-04,SHIFT_B,124,83,2,1,2,0
EMP0043,2026-03-05,SHIFT_B,128,83,2,1,23,0
EMP0043,2026-03-06,SHIFT_B,116,87,3,2,3,1
EMP0043,2026-03-09,SHIFT_B,103,74,2,1,12,0
EMP0043,2026-03-10,SHIFT_B,116,74,2,1,67,0
EMP0043,2026-03-12,SHIFT_B,100,75,2,1,22,0
EMP0043,2026-03-13,SHIFT_B,128,90,4,3,53,1
EMP0043,2026-03-16,SHIFT_B,105,75,2,1,14,0
EMP0043,2026-03-17,SHIFT_B,106,76,2,1,3,0
EMP0043,2026-03-18,SHIFT_B,123,92,3,2,1,0
EMP0043,2026-03-19,SHIFT_B,115,87,3,2,26,0
EMP0043,2026-03-20,SHIFT_B,99,75,2,1,61,0
EMP0043,2026-03-23,SHIFT_B,105,67,3,2,11,1
EMP0043,2026-03-24,SHIFT_B,103,72,3,1,0,0
EMP0043,2026-03-25,SHIFT_B,94,69,2,1,20,0
EMP0043,2026-03-26,SHIFT_B,112,72,2,1,30,0
EMP0043,2026-03-27,SHIFT_B,111,70,3,1,26,0
EMP0043,2026-03-30,SHIFT_B,108,72,2,1,8,0
EMP0043,2026-03-31,SHIFT_B,102,76,2,1,0,0
EMP0043,2026-04-02,SHIFT_B,112,71,2,1,30,0
EMP0043,2026-04-03,SHIFT_B,117,78,3,2,19,0
EMP0043,2026-04-06,SHIFT_B,120,85,3,2,21,0
EMP0043,2026-04-08,SHIFT_B,101,65,2,1,24,0
EMP0043,2026-04-09,SHIFT_B,106,67,3,1,17,0
EMP0043,2026-04-10,SHIFT_B,113,73,2,1,64,0
EMP0043,2026-04-13,SHIFT_B,104,68,2,1,20,0
EMP0043,2026-04-14,SHIFT_B,102,71,3,1,12,0
EMP0043,2026-04-15,SHIFT_B,119,88,3,2,4,0
EMP0043,2026-04-16,SHIFT_B,128,96,3,1,25,0
EMP0043,2026-04-17,SHIFT_B,101,73,3,1,11,0
EMP0043,2026-04-20,SHIFT_B,120,84,3,1,21,0
EMP0043,2026-04-21,SHIFT_B,112,81,3,2,3,0
EMP0043,2026-04-22,SHIFT_B,104,73,3,2,21,0
EMP0043,2026-04-23,SHIFT_B,128,82,3,1,49,0
EMP0043,2026-04-24,SHIFT_B,100,69,2,1,52,0
EMP0043,2026-04-27,SHIFT_B,116,87,3,2,10,0
EMP0043,2026-04-28,SHIFT_B,107,80,2,1,7,0
EMP0043,2026-04-29,SHIFT_B,91,61,2,1,18,0
EMP0043,2026-04-30,SHIFT_B,126,93,3,1,22,0
EMP0043,2026-05-04,SHIFT_B,105,72,2,1,30,0
EMP0043,2026-05-05,SHIFT_B,100,69,2,1,27,0
EMP0043,2026-05-06,SHIFT_B,111,84,3,1,29,0
EMP0043,2026-05-07,SHIFT_B,98,62,2,1,2,0
EMP0043,2026-05-08,SHIFT_B,120,91,4,2,3,0
EMP0043,2026-05-11,SHIFT_B,119,88,3,1,24,0
EMP0043,2026-05-12,SHIFT_B,116,87,3,1,8,0
EMP0043,2026-05-13,SHIFT_B,125,88,4,2,2,0
EMP0043,2026-05-14,SHIFT_B,106,81,2,1,15,0
EMP0043,2026-05-15,SHIFT_B,90,58,2,1,61,0
EMP0043,2026-05-18,SHIFT_B,129,86,3,2,27,0
EMP0043,2026-05-19,SHIFT_B,116,83,2,1,3,0
EMP0043,2026-05-20,SHIFT_B,122,89,3,1,21,0
EMP0043,2026-05-21,SHIFT_B,103,69,2,1,22,0
EMP0043,2026-05-22,SHIFT_B,115,87,3,1,65,0
EMP0043,2026-05-25,SHIFT_B,130,99,3,1,63,0
EMP0043,2026-05-26,SHIFT_B,108,71,2,1,0,0
EMP0043,2026-05-27,SHIFT_B,98,62,2,1,25,0
EMP0043,2026-05-28,SHIFT_B,115,76,2,1,6,0
EMP0043,2026-05-29,SHIFT_B,98,71,2,1,19,0
EMP0043,2026-06-01,SHIFT_B,113,73,3,2,28,0
EMP0043,2026-06-02,SHIFT_B,103,68,3,2,24,0
EMP0043,2026-06-03,SHIFT_B,126,88,3,2,30,0
EMP0043,2026-06-04,SHIFT_B,110,75,2,1,26,0
EMP0043,2026-06-05,SHIFT_B,96,66,2,1,9,0
EMP0043,2026-06-08,SHIFT_B,124,81,3,1,13,0
EMP0043,2026-06-09,SHIFT_B,104,73,3,2,23,0
EMP0043,2026-06-10,SHIFT_B,104,66,2,1,4,0
EMP0043,2026-06-11,SHIFT_B,97,62,2,1,2,0
EMP0043,2026-06-12,SHIFT_B,101,74,2,1,17,0
EMP0043,2026-06-15,SHIFT_B,122,85,3,2,18,0
EMP0043,2026-06-16,SHIFT_B,123,88,3,2,30,0
EMP0043,2026-06-17,SHIFT_B,92,59,2,1,15,0
EMP0043,2026-06-18,SHIFT_B,98,73,3,1,6,0
EMP0043,2026-06-19,SHIFT_B,113,83,3,1,14,0
EMP0043,2026-06-23,SHIFT_B,105,73,3,2,1,0
EMP0043,2026-06-24,SHIFT_B,119,79,2,1,10,0
EMP0043,2026-06-25,SHIFT_B,102,73,2,1,2,0
EMP0043,2026-06-26,SHIFT_B,109,73,3,2,4,0
EMP0043,2026-06-29,SHIFT_B,128,96,3,1,16,0
EMP0043,2026-06-30,SHIFT_B,106,81,2,1,21,0
EMP0043,2026-07-01,SHIFT_B,110,79,2,1,25,0
EMP0043,2026-07-02,SHIFT_B,98,70,3,1,15,0
EMP0043,2026-07-03,SHIFT_B,124,83,2,1,27,0
EMP0043,2026-07-06,SHIFT_B,108,83,2,1,11,0
EMP0043,2026-07-07,SHIFT_B,103,73,2,1,23,0
EMP0043,2026-07-08,SHIFT_B,129,90,3,1,13,0
EMP0043,2026-07-09,SHIFT_B,118,82,2,1,8,0
EMP0043,2026-07-10,SHIFT_B,101,71,2,1,6,0
EMP0043,2026-07-13,SHIFT_B,117,89,4,1,8,0
EMP0043,2026-07-15,SHIFT_B,126,81,2,1,21,0
EMP0043,2026-07-16,SHIFT_B,127,90,3,1,6,0
EMP0043,2026-07-17,SHIFT_B,97,75,2,1,10,0
EMP0043,2026-07-20,SHIFT_B,110,83,2,1,39,0
EMP0043,2026-07-21,SHIFT_B,118,83,2,1,25,0
EMP0043,2026-07-22,SHIFT_B,130,83,3,2,68,0
EMP0043,2026-07-23,SHIFT_B,115,75,2,1,22,0
EMP0043,2026-07-24,SHIFT_B,127,84,3,2,5,0
EMP0043,2026-07-27,SHIFT_B,105,67,3,1,5,0
EMP0043,2026-07-28,SHIFT_B,95,65,2,1,16,0
EMP0043,2026-07-29,SHIFT_B,130,83,2,1,70,0
EMP0043,2026-07-30,SHIFT_B,104,71,2,1,30,1
EMP0043,2026-07-31,SHIFT_B,95,71,2,1,13,0
EMP0043,2026-08-03,SHIFT_B,119,91,3,2,14,0
EMP0043,2026-08-04,SHIFT_B,121,84,3,1,7,0
EMP0043,2026-08-05,SHIFT_B,118,85,3,2,30,0
EMP0043,2026-08-06,SHIFT_B,107,68,2,1,8,0
EMP0043,2026-08-07,SHIFT_B,110,76,2,1,10,0
EMP0043,2026-08-10,SHIFT_B,94,64,2,1,17,0
EMP0043,2026-08-11,SHIFT_B,104,70,2,1,23,0
EMP0043,2026-08-12,SHIFT_B,90,57,2,1,11,0
EMP0043,2026-08-13,SHIFT_B,97,69,2,1,12,0
EMP0043,2026-08-14,SHIFT_B,103,72,2,1,58,0
EMP0043,2026-08-17,SHIFT_B,115,75,2,1,6,0
EMP0043,2026-08-18,SHIFT_B,126,85,3,1,8,0
EMP0043,2026-08-19,SHIFT_B,102,66,2,1,30,0
EMP0043,2026-08-20,SHIFT_B,99,63,2,1,20,0
EMP0043,2026-08-21,SHIFT_B,127,90,3,2,1,0
EMP0043,2026-08-24,SHIFT_B,98,63,2,1,12,0
EMP0043,2026-08-25,SHIFT_B,122,78,2,1,5,0
EMP0043,2026-08-26,SHIFT_B,130,82,2,1,4,0
EMP0043,2026-08-27,SHIFT_B,99,71,2,1,2,0
EMP0043,2026-08-28,SHIFT_B,96,66,2,1,3,0
EMP0043,2026-08-31,SHIFT_B,92,58,2,1,23,0
EMP0043,2026-09-01,SHIFT_B,125,93,3,2,1,0
EMP0043,2026-09-02,SHIFT_B,104,70,2,1,19,0
EMP0043,2026-09-03,SHIFT_B,96,72,2,1,17,0
EMP0043,2026-09-04,SHIFT_B,112,76,2,1,12,0
EMP0043,2026-09-07,SHIFT_B,100,71,2,1,11,0
EMP0043,2026-09-08,SHIFT_B,119,87,3,1,24,0
EMP0043,2026-09-10,SHIFT_B,125,90,3,2,3,0
EMP0043,2026-09-11,SHIFT_B,108,81,2,1,9,0
EMP0044,2025-09-11,SHIFT_A,96,109,1,0,11,0
EMP0044,2025-09-12,SHIFT_A,102,120,1,1,2,0
EMP0044,2025-09-15,SHIFT_A,105,124,1,0,22,0
EMP0044,2025-09-16,SHIFT_A,110,135,1,0,3,0
EMP0044,2025-09-17,SHIFT_A,100,126,3,2,13,0
EMP0044,2025-09-18,SHIFT_A,117,129,3,2,4,0
EMP0044,2025-09-19,SHIFT_A,121,140,1,0,0,0
EMP0044,2025-09-22,SHIFT_A,92,104,2,1,15,0
EMP0044,2025-09-23,SHIFT_A,124,147,3,2,26,0
EMP0044,2025-09-24,SHIFT_A,106,134,3,1,4,0
EMP0044,2025-09-25,SHIFT_A,114,135,1,0,6,0
EMP0044,2025-09-26,SHIFT_A,112,140,3,2,0,0
EMP0044,2025-09-29,SHIFT_A,117,129,1,0,5,0
EMP0044,2025-09-30,SHIFT_A,127,156,3,1,18,0
EMP0044,2025-10-01,SHIFT_A,122,147,1,1,12,0
EMP0044,2025-10-02,SHIFT_A,117,138,3,1,19,0
EMP0044,2025-10-03,SHIFT_A,110,115,2,1,8,0
EMP0044,2025-10-06,SHIFT_A,117,147,1,0,48,0
EMP0044,2025-10-08,SHIFT_A,90,97,2,1,57,0
EMP0044,2025-10-09,SHIFT_A,126,145,1,0,5,0
EMP0044,2025-10-10,SHIFT_A,120,139,3,2,60,0
EMP0044,2025-10-13,SHIFT_A,112,139,1,1,4,0
EMP0044,2025-10-14,SHIFT_A,111,126,1,0,21,0
EMP0044,2025-10-15,SHIFT_A,124,142,1,0,15,0
EMP0044,2025-10-16,SHIFT_A,115,123,1,1,30,0
EMP0044,2025-10-17,SHIFT_A,130,164,2,1,18,0
EMP0044,2025-10-20,SHIFT_A,119,148,1,1,10,0
EMP0044,2025-10-21,SHIFT_A,116,140,1,1,15,1
EMP0044,2025-10-22,SHIFT_A,114,135,1,1,68,0
EMP0044,2025-10-23,SHIFT_A,116,133,1,1,18,0
EMP0044,2025-10-24,SHIFT_A,120,149,1,1,32,0
EMP0044,2025-10-27,SHIFT_A,115,127,3,1,28,0
EMP0044,2025-10-28,SHIFT_A,130,164,2,1,17,0
EMP0044,2025-10-29,SHIFT_A,121,140,1,0,8,0
EMP0044,2025-10-30,SHIFT_A,127,153,2,1,24,0
EMP0044,2025-10-31,SHIFT_A,118,148,3,1,11,0
EMP0044,2025-11-03,SHIFT_A,91,99,2,1,5,0
EMP0044,2025-11-04,SHIFT_A,108,127,3,1,6,0
EMP0044,2025-11-05,SHIFT_A,92,100,1,1,26,0
EMP0044,2025-11-06,SHIFT_A,128,156,3,2,58,0
EMP0044,2025-11-07,SHIFT_A,128,138,1,1,18,0
EMP0044,2025-11-10,SHIFT_A,122,137,1,1,7,0
EMP0044,2025-11-11,SHIFT_A,114,138,3,2,23,0
EMP0044,2025-11-12,SHIFT_A,129,147,1,0,42,0
EMP0044,2025-11-13,SHIFT_A,112,118,1,0,16,0
EMP0044,2025-11-14,SHIFT_A,107,114,1,1,55,0
EMP0044,2025-11-17,SHIFT_A,128,153,2,1,13,0
EMP0044,2025-11-18,SHIFT_A,109,134,1,1,7,0
EMP0044,2025-11-19,SHIFT_A,115,140,3,1,15,0
EMP0044,2025-11-20,SHIFT_A,130,155,2,1,28,0
EMP0044,2025-11-21,SHIFT_A,113,125,1,0,28,0
EMP0044,2025-11-24,SHIFT_A,94,104,1,1,24,0
EMP0044,2025-11-25,SHIFT_A,118,129,1,1,17,0
EMP0044,2025-11-26,SHIFT_A,94,107,1,0,15,0
EMP0044,2025-11-28,SHIFT_A,119,144,3,2,7,0
EMP0044,2025-12-01,SHIFT_A,95,119,1,0,9,0
EMP0044,2025-12-02,SHIFT_A,125,154,2,1,8,0
EMP0044,2025-12-03,SHIFT_A,110,119,1,0,14,0
EMP0044,2025-12-04,SHIFT_A,121,132,1,1,6,0
EMP0044,2025-12-05,SHIFT_A,91,100,2,1,28,0
EMP0044,2025-12-08,SHIFT_A,98,124,1,1,56,0
EMP0044,2025-12-09,SHIFT_A,111,140,3,2,16,0
EMP0044,2025-12-10,SHIFT_A,107,114,2,1,22,0
EMP0044,2025-12-11,SHIFT_A,97,110,2,1,15,0
EMP0044,2025-12-12,SHIFT_A,91,115,2,1,22,0
EMP0044,2025-12-15,SHIFT_A,127,162,3,1,23,0
EMP0044,2025-12-16,SHIFT_A,119,139,3,1,20,0
EMP0044,2025-12-17,SHIFT_A,111,138,1,0,29,0
EMP0044,2025-12-18,SHIFT_A,106,111,1,0,16,0
EMP0044,2025-12-19,SHIFT_A,117,133,1,1,25,0
EMP0044,2025-12-22,SHIFT_A,106,112,1,1,26,0
EMP0044,2025-12-23,SHIFT_A,104,125,1,1,2,0
EMP0044,2025-12-24,SHIFT_A,102,115,2,1,22,0
EMP0044,2025-12-26,SHIFT_A,128,163,3,1,19,0
EMP0044,2025-12-29,SHIFT_A,90,114,1,0,20,0
EMP0044,2025-12-30,SHIFT_A,120,136,3,2,26,0
EMP0044,2026-01-02,SHIFT_A,130,143,1,0,23,0
EMP0044,2026-01-05,SHIFT_A,129,136,1,0,6,0
EMP0044,2026-01-06,SHIFT_A,95,100,1,0,20,0
EMP0044,2026-01-07,SHIFT_A,123,150,2,1,26,0
EMP0044,2026-01-08,SHIFT_A,105,133,1,1,22,0
EMP0044,2026-01-09,SHIFT_A,106,135,1,1,8,0
EMP0044,2026-01-14,SHIFT_A,128,162,2,1,24,0
EMP0044,2026-01-15,SHIFT_A,122,139,1,0,19,0
EMP0044,2026-01-16,SHIFT_A,129,160,2,1,23,0
EMP0044,2026-01-19,SHIFT_A,99,121,1,1,12,0
EMP0044,2026-01-20,SHIFT_A,124,134,1,0,30,0
EMP0044,2026-01-21,SHIFT_A,101,120,1,1,18,0
EMP0044,2026-01-22,SHIFT_A,127,146,3,2,8,0
EMP0044,2026-01-23,SHIFT_A,130,137,3,2,11,0
EMP0044,2026-01-26,SHIFT_A,90,111,1,0,15,0
EMP0044,2026-01-27,SHIFT_A,96,118,2,1,21,0
EMP0044,2026-01-28,SHIFT_A,100,122,2,1,25,0
EMP0044,2026-01-29,SHIFT_A,125,138,1,1,12,0
EMP0044,2026-01-30,SHIFT_A,104,130,1,0,16,0
EMP0044,2026-02-02,SHIFT_A,94,109,1,1,46,0
EMP0044,2026-02-03,SHIFT_A,111,142,1,1,7,0
EMP0044,2026-02-05,SHIFT_A,120,135,1,0,59,0
EMP0044,2026-02-06,SHIFT_A,109,130,1,1,21,0
EMP0044,2026-02-09,SHIFT_A,124,137,1,0,15,0
EMP0044,2026-02-10,SHIFT_A,104,112,2,1,4,0
EMP0044,2026-02-11,SHIFT_A,108,128,3,2,27,0
EMP0044,2026-02-12,SHIFT_A,124,157,2,1,18,0
EMP0044,2026-02-13,SHIFT_A,116,131,1,0,21,0
EMP0044,2026-02-16,SHIFT_A,99,109,1,1,26,0
EMP0044,2026-02-17,SHIFT_A,128,146,1,1,29,0
EMP0044,2026-02-18,SHIFT_A,125,148,1,0,12,0
EMP0044,2026-02-19,SHIFT_A,101,120,1,1,11,0
EMP0044,2026-02-20,SHIFT_A,120,132,1,0,14,0
EMP0044,2026-02-23,SHIFT_A,101,128,1,1,15,0
EMP0044,2026-02-24,SHIFT_A,120,128,1,0,28,0
EMP0044,2026-02-25,SHIFT_A,112,138,1,1,23,0
EMP0044,2026-02-26,SHIFT_A,127,161,2,1,20,0
EMP0044,2026-02-27,SHIFT_A,129,145,3,2,6,0
EMP0044,2026-03-02,SHIFT_A,106,133,1,0,8,0
EMP0044,2026-03-03,SHIFT_A,120,153,3,2,3,0
EMP0044,2026-03-04,SHIFT_A,117,147,1,0,32,0
EMP0044,2026-03-05,SHIFT_A,103,130,3,2,24,0
EMP0044,2026-03-06,SHIFT_A,126,148,1,1,68,0
EMP0044,2026-03-09,SHIFT_A,92,102,2,1,24,0
EMP0044,2026-03-10,SHIFT_A,115,131,3,1,65,0
EMP0044,2026-03-11,SHIFT_A,95,105,2,1,15,0
EMP0044,2026-03-12,SHIFT_A,116,141,1,1,15,0
EMP0044,2026-03-13,SHIFT_A,124,138,1,1,54,0
EMP0044,2026-03-16,SHIFT_A,91,113,1,0,36,0
EMP0044,2026-03-17,SHIFT_A,99,110,1,0,15,0
EMP0044,2026-03-18,SHIFT_A,92,111,1,0,27,0
EMP0044,2026-03-19,SHIFT_A,110,116,1,1,68,0
EMP0044,2026-03-20,SHIFT_A,124,138,1,0,51,0
EMP0044,2026-03-23,SHIFT_A,107,113,1,1,26,0
EMP0044,2026-03-24,SHIFT_A,128,156,2,1,5,0
EMP0044,2026-03-25,SHIFT_A,100,118,2,1,16,0
EMP0044,2026-03-26,SHIFT_A,101,112,2,1,69,0
EMP0044,2026-03-27,SHIFT_A,102,108,2,1,14,0
EMP0044,2026-03-30,SHIFT_A,103,121,2,1,5,0
EMP0044,2026-03-31,SHIFT_A,98,122,1,0,0,0
EMP0044,2026-04-01,SHIFT_A,106,123,1,1,27,0
EMP0044,2026-04-02,SHIFT_A,96,116,1,1,20,0
EMP0044,2026-04-03,SHIFT_A,129,151,2,1,29,0
EMP0044,2026-04-06,SHIFT_A,114,127,3,1,15,0
EMP0044,2026-04-07,SHIFT_A,113,134,1,1,24,0
EMP0044,2026-04-08,SHIFT_A,126,149,3,2,14,0
EMP0044,2026-04-09,SHIFT_A,116,136,1,0,10,0
EMP0044,2026-04-10,SHIFT_A,110,119,2,1,55,0
EMP0044,2026-04-13,SHIFT_A,126,143,3,2,42,0
EMP0044,2026-04-14,SHIFT_A,112,122,2,1,61,0
EMP0044,2026-04-15,SHIFT_A,130,143,1,0,5,0
EMP0044,2026-04-16,SHIFT_A,122,143,1,1,16,0
EMP0044,2026-04-17,SHIFT_A,102,128,3,2,19,0
EMP0044,2026-04-20,SHIFT_A,102,128,1,1,67,0
EMP0044,2026-04-21,SHIFT_A,94,118,2,1,16,0
EMP0044,2026-04-22,SHIFT_A,130,143,1,1,8,0
EMP0044,2026-04-23,SHIFT_A,123,153,2,1,16,0
EMP0044,2026-04-24,SHIFT_A,96,116,1,1,7,0
EMP0044,2026-04-27,SHIFT_A,96,117,1,0,17,0
EMP0044,2026-04-28,SHIFT_A,123,143,1,0,16,0
EMP0044,2026-04-29,SHIFT_A,106,129,3,1,20,0
EMP0044,2026-04-30,SHIFT_A,91,98,1,0,11,0
EMP0044,2026-05-04,SHIFT_A,90,105,1,1,29,0
EMP0044,2026-05-05,SHIFT_A,126,145,3,2,25,0
EMP0044,2026-05-06,SHIFT_A,130,152,2,1,4,0
EMP0044,2026-05-07,SHIFT_A,105,112,1,1,10,0
EMP0044,2026-05-08,SHIFT_A,122,146,1,1,22,0
EMP0044,2026-05-11,SHIFT_A,109,126,1,1,24,0
EMP0044,2026-05-12,SHIFT_A,106,111,1,0,4,0
EMP0044,2026-05-13,SHIFT_A,99,117,1,0,66,0
EMP0044,2026-05-14,SHIFT_A,101,121,1,0,23,0
EMP0044,2026-05-18,SHIFT_A,90,105,1,0,5,0
EMP0044,2026-05-19,SHIFT_A,127,161,3,2,23,0
EMP0044,2026-05-20,SHIFT_A,91,97,2,1,18,0
EMP0044,2026-05-21,SHIFT_A,117,137,1,0,8,0
EMP0044,2026-05-22,SHIFT_A,121,138,1,0,17,0
EMP0044,2026-05-25,SHIFT_A,94,100,1,0,30,0
EMP0044,2026-05-26,SHIFT_A,107,132,1,0,6,0
EMP0044,2026-05-27,SHIFT_A,113,135,1,0,25,0
EMP0044,2026-05-28,SHIFT_A,121,131,1,1,17,0
EMP0044,2026-05-29,SHIFT_A,119,144,3,2,13,0
EMP0044,2026-06-01,SHIFT_A,92,100,1,1,72,0
EMP0044,2026-06-02,SHIFT_A,106,121,2,1,9,0
EMP0044,2026-06-03,SHIFT_A,105,132,3,1,8,0
EMP0044,2026-06-05,SHIFT_A,105,129,1,1,1,0
EMP0044,2026-06-08,SHIFT_A,111,121,1,1,12,0
EMP0044,2026-06-09,SHIFT_A,99,105,2,1,20,0
EMP0044,2026-06-10,SHIFT_A,121,143,1,1,20,0
EMP0044,2026-06-11,SHIFT_A,96,109,1,1,27,0
EMP0044,2026-06-12,SHIFT_A,125,148,1,0,1,0
EMP0044,2026-06-15,SHIFT_A,113,123,1,0,7,0
EMP0044,2026-06-16,SHIFT_A,114,141,1,1,1,0
EMP0044,2026-06-17,SHIFT_A,107,135,1,0,16,0
EMP0044,2026-06-18,SHIFT_A,126,158,3,2,28,0
EMP0044,2026-06-19,SHIFT_A,125,141,3,2,19,0
EMP0044,2026-06-22,SHIFT_A,100,124,2,1,63,0
EMP0044,2026-06-23,SHIFT_A,101,116,1,1,30,0
EMP0044,2026-06-24,SHIFT_A,99,121,1,0,25,0
EMP0044,2026-06-25,SHIFT_A,100,126,1,1,17,0
EMP0044,2026-06-26,SHIFT_A,90,96,1,0,41,0
EMP0044,2026-06-29,SHIFT_A,127,140,1,1,21,0
EMP0044,2026-06-30,SHIFT_A,107,124,1,0,2,0
EMP0044,2026-07-02,SHIFT_A,96,115,1,0,14,0
EMP0044,2026-07-03,SHIFT_A,91,99,2,1,24,0
EMP0044,2026-07-06,SHIFT_A,125,135,1,1,18,0
EMP0044,2026-07-08,SHIFT_A,126,137,1,0,17,0
EMP0044,2026-07-09,SHIFT_A,110,117,1,0,23,0
EMP0044,2026-07-10,SHIFT_A,91,108,2,1,12,0
EMP0044,2026-07-13,SHIFT_A,129,154,2,1,23,0
EMP0044,2026-07-14,SHIFT_A,103,121,2,1,43,0
EMP0044,2026-07-15,SHIFT_A,130,155,3,1,8,0
EMP0044,2026-07-16,SHIFT_A,106,114,2,1,9,0
EMP0044,2026-07-17,SHIFT_A,114,131,1,1,19,0
EMP0044,2026-07-20,SHIFT_A,92,107,1,1,26,0
EMP0044,2026-07-21,SHIFT_A,121,142,1,1,4,0
EMP0044,2026-07-23,SHIFT_A,91,100,1,1,8,0
EMP0044,2026-07-24,SHIFT_A,122,147,1,1,12,0
EMP0044,2026-07-27,SHIFT_A,105,118,1,1,18,0
EMP0044,2026-07-28,SHIFT_A,110,129,1,1,12,0
EMP0044,2026-07-29,SHIFT_A,91,110,2,1,14,0
EMP0044,2026-07-30,SHIFT_A,118,126,1,0,13,0
EMP0044,2026-07-31,SHIFT_A,117,134,1,0,10,0
EMP0044,2026-08-04,SHIFT_A,91,112,1,0,11,0
EMP0044,2026-08-05,SHIFT_A,114,134,1,1,24,0
EMP0044,2026-08-06,SHIFT_A,107,125,1,0,1,0
EMP0044,2026-08-07,SHIFT_A,115,144,1,1,47,0
EMP0044,2026-08-10,SHIFT_A,102,130,1,0,27,0
EMP0044,2026-08-11,SHIFT_A,95,101,2,1,29,0
EMP0044,2026-08-12,SHIFT_A,127,149,1,1,18,0
EMP0044,2026-08-13,SHIFT_A,98,113,2,1,10,0
EMP0044,2026-08-14,SHIFT_A,107,134,1,1,2,0
EMP0044,2026-08-17,SHIFT_A,92,109,1,1,10,0
EMP0044,2026-08-18,SHIFT_A,103,111,1,0,4,0
EMP0044,2026-08-19,SHIFT_A,128,150,3,1,11,0
EMP0044,2026-08-20,SHIFT_A,122,134,3,1,25,0
EMP0044,2026-08-21,SHIFT_A,94,109,1,0,0,0
EMP0044,2026-08-24,SHIFT_A,105,114,1,0,4,0
EMP0044,2026-08-26,SHIFT_A,99,115,2,1,4,0
EMP0044,2026-08-27,SHIFT_A,119,146,1,0,16,0
EMP0044,2026-08-28,SHIFT_A,111,122,2,1,54,0
EMP0044,2026-09-01,SHIFT_A,121,152,3,2,21,0
EMP0044,2026-09-02,SHIFT_A,111,127,1,0,17,0
EMP0044,2026-09-03,SHIFT_A,126,145,1,0,21,0
EMP0044,2026-09-04,SHIFT_A,122,153,2,1,30,0
EMP0044,2026-09-07,SHIFT_A,128,151,2,1,30,0
EMP0044,2026-09-08,SHIFT_A,119,137,1,0,16,1
EMP0044,2026-09-09,SHIFT_A,97,115,1,0,26,0
EMP0044,2026-09-10,SHIFT_A,126,137,3,2,23,0
EMP0044,2026-09-11,SHIFT_A,103,112,1,0,11,0
EMP0045,2025-09-11,SHIFT_B,90,64,3,2,17,0
EMP0045,2025-09-12,SHIFT_B,124,88,3,2,25,0
EMP0045,2025-09-15,SHIFT_B,130,80,2,1,21,0
EMP0045,2025-09-17,SHIFT_B,91,62,2,1,9,0
EMP0045,2025-09-18,SHIFT_B,92,68,2,1,8,0
EMP0045,2025-09-19,SHIFT_B,109,69,2,1,7,0
EMP0045,2025-09-22,SHIFT_B,113,71,3,1,17,0
EMP0045,2025-09-23,SHIFT_B,130,91,4,2,9,0
EMP0045,2025-09-24,SHIFT_B,100,71,2,1,29,0
EMP0045,2025-09-25,SHIFT_B,95,67,3,2,19,0
EMP0045,2025-09-26,SHIFT_B,114,70,2,1,59,0
EMP0045,2025-09-29,SHIFT_B,107,73,2,1,8,0
EMP0045,2025-09-30,SHIFT_B,120,83,3,1,0,0
EMP0045,2025-10-01,SHIFT_B,121,82,2,1,25,0
EMP0045,2025-10-02,SHIFT_B,127,83,2,1,16,0
EMP0045,2025-10-03,SHIFT_B,93,64,2,1,30,0
EMP0045,2025-10-06,SHIFT_B,123,77,3,2,18,0
EMP0045,2025-10-07,SHIFT_B,104,64,3,1,68,0
EMP0045,2025-10-09,SHIFT_B,103,73,2,1,28,0
EMP0045,2025-10-10,SHIFT_B,91,65,2,1,19,0
EMP0045,2025-10-13,SHIFT_B,123,83,2,1,30,0
EMP0045,2025-10-14,SHIFT_B,94,68,2,1,1,0
EMP0045,2025-10-15,SHIFT_B,127,86,3,1,74,0
EMP0045,2025-10-16,SHIFT_B,93,66,3,2,59,0
EMP0045,2025-10-17,SHIFT_B,121,90,4,2,17,0
EMP0045,2025-10-20,SHIFT_B,108,76,2,1,29,0
EMP0045,2025-10-21,SHIFT_B,110,78,3,1,8,0
EMP0045,2025-10-22,SHIFT_B,114,70,2,1,14,0
EMP0045,2025-10-23,SHIFT_B,121,83,2,1,73,0
EMP0045,2025-10-24,SHIFT_B,92,66,3,1,12,0
EMP0045,2025-10-27,SHIFT_B,130,90,4,1,23,0
EMP0045,2025-10-28,SHIFT_B,128,95,4,2,15,0
EMP0045,2025-10-29,SHIFT_B,112,77,2,1,8,0
EMP0045,2025-10-30,SHIFT_B,107,74,2,1,21,0
EMP0045,2025-10-31,SHIFT_B,94,63,2,1,19,0
EMP0045,2025-11-03,SHIFT_B,100,62,2,1,24,0
EMP0045,2025-11-04,SHIFT_B,115,75,3,2,28,0
EMP0045,2025-11-05,SHIFT_B,112,78,3,1,15,0
EMP0045,2025-11-06,SHIFT_B,114,77,2,1,2,0
EMP0045,2025-11-07,SHIFT_B,112,79,2,1,23,0
EMP0045,2025-11-10,SHIFT_B,112,81,2,1,9,0
EMP0045,2025-11-11,SHIFT_B,122,91,4,2,22,0
EMP0045,2025-11-12,SHIFT_B,110,81,2,1,5,0
EMP0045,2025-11-13,SHIFT_B,107,70,2,1,22,0
EMP0045,2025-11-14,SHIFT_B,112,76,3,2,19,0
EMP0045,2025-11-17,SHIFT_B,104,69,2,1,0,0
EMP0045,2025-11-18,SHIFT_B,101,69,3,2,12,0
EMP0045,2025-11-19,SHIFT_B,119,76,3,1,18,0
EMP0045,2025-11-20,SHIFT_B,130,80,3,2,55,0
EMP0045,2025-11-21,SHIFT_B,96,69,3,2,11,0
EMP0045,2025-11-24,SHIFT_B,105,75,2,1,30,0
EMP0045,2025-11-25,SHIFT_B,107,69,3,2,23,0
EMP0045,2025-11-26,SHIFT_B,100,62,2,1,21,0
EMP0045,2025-11-27,SHIFT_B,117,80,2,1,4,0
EMP0045,2025-11-28,SHIFT_B,107,70,2,1,13,0
EMP0045,2025-12-01,SHIFT_B,92,62,2,1,23,0
EMP0045,2025-12-02,SHIFT_B,102,70,2,1,24,0
EMP0045,2025-12-03,SHIFT_B,129,95,3,1,1,0
EMP0045,2025-12-04,SHIFT_B,100,69,3,2,9,0
EMP0045,2025-12-05,SHIFT_B,122,87,3,2,14,0
EMP0045,2025-12-08,SHIFT_B,109,69,2,1,21,0
EMP0045,2025-12-09,SHIFT_B,113,77,2,1,41,0
EMP0045,2025-12-10,SHIFT_B,106,73,3,2,1,0
EMP0045,2025-12-11,SHIFT_B,104,73,2,1,23,0
EMP0045,2025-12-12,SHIFT_B,108,68,2,1,15,0
EMP0045,2025-12-15,SHIFT_B,114,84,3,1,12,0
EMP0045,2025-12-16,SHIFT_B,112,82,2,1,39,0
EMP0045,2025-12-17,SHIFT_B,127,91,3,1,4,0
EMP0045,2025-12-18,SHIFT_B,113,83,3,1,10,0
EMP0045,2025-12-19,SHIFT_B,97,69,2,1,27,0
EMP0045,2025-12-22,SHIFT_B,103,65,3,2,12,0
EMP0045,2025-12-23,SHIFT_B,108,77,3,2,6,0
EMP0045,2025-12-24,SHIFT_B,112,77,2,1,14,0
EMP0045,2025-12-26,SHIFT_B,118,85,3,1,34,0
EMP0045,2025-12-30,SHIFT_B,93,63,2,1,13,0
EMP0045,2026-01-02,SHIFT_B,92,58,2,1,28,0
EMP0045,2026-01-05,SHIFT_B,90,64,2,1,25,0
EMP0045,2026-01-06,SHIFT_B,107,70,3,2,11,0
EMP0045,2026-01-07,SHIFT_B,94,64,2,1,13,0
EMP0045,2026-01-08,SHIFT_B,119,76,3,2,55,0
EMP0045,2026-01-09,SHIFT_B,125,87,3,2,71,0
EMP0045,2026-01-12,SHIFT_B,101,66,2,1,19,0
EMP0045,2026-01-13,SHIFT_B,119,87,3,1,20,0
EMP0045,2026-01-14,SHIFT_B,104,71,2,1,66,0
EMP0045,2026-01-15,SHIFT_B,124,85,3,2,7,0
EMP0045,2026-01-16,SHIFT_B,130,90,3,2,23,0
EMP0045,2026-01-19,SHIFT_B,112,68,2,1,16,0
EMP0045,2026-01-20,SHIFT_B,118,82,2,1,26,0
EMP0045,2026-01-21,SHIFT_B,93,68,3,2,17,0
EMP0045,2026-01-22,SHIFT_B,108,76,2,1,24,0
EMP0045,2026-01-23,SHIFT_B,113,81,2,1,26,0
EMP0045,2026-01-26,SHIFT_B,102,73,2,1,1,0
EMP0045,2026-01-27,SHIFT_B,120,81,3,2,9,0
EMP0045,2026-01-28,SHIFT_B,125,84,3,1,28,0
EMP0045,2026-01-29,SHIFT_B,128,90,4,2,12,0
EMP0045,2026-01-30,SHIFT_B,93,68,2,1,29,0
EMP0045,2026-02-02,SHIFT_B,120,86,3,1,49,0
EMP0045,2026-02-03,SHIFT_B,103,64,2,1,19,0
EMP0045,2026-02-05,SHIFT_B,102,74,2,1,24,0
EMP0045,2026-02-06,SHIFT_B,127,85,3,2,23,0
EMP0045,2026-02-09,SHIFT_B,97,70,2,1,25,0
EMP0045,2026-02-10,SHIFT_B,109,76,2,1,30,0
EMP0045,2026-02-11,SHIFT_B,101,67,2,1,15,0
EMP0045,2026-02-12,SHIFT_B,107,68,3,1,3,0
EMP0045,2026-02-13,SHIFT_B,119,76,3,2,8,0
EMP0045,2026-02-16,SHIFT_B,117,75,2,1,19,0
EMP0045,2026-02-17,SHIFT_B,112,76,2,1,12,0
EMP0045,2026-02-18,SHIFT_B,94,65,2,1,24,0
EMP0045,2026-02-19,SHIFT_B,99,67,2,1,7,0
EMP0045,2026-02-20,SHIFT_B,98,60,2,1,13,0
EMP0045,2026-02-23,SHIFT_B,91,59,2,1,7,0
EMP0045,2026-02-24,SHIFT_B,108,80,3,2,1,0
EMP0045,2026-02-25,SHIFT_B,94,63,2,1,2,0
EMP0045,2026-02-26,SHIFT_B,104,68,2,1,22,0
EMP0045,2026-02-27,SHIFT_B,118,87,3,2,21,0
EMP0045,2026-03-02,SHIFT_B,122,87,3,1,12,0
EMP0045,2026-03-03,SHIFT_B,100,71,2,1,14,0
EMP0045,2026-03-04,SHIFT_B,96,68,2,1,1,0
EMP0045,2026-03-05,SHIFT_B,98,67,2,1,22,0
EMP0045,2026-03-09,SHIFT_B,98,68,2,1,23,0
EMP0045,2026-03-10,SHIFT_B,93,64,3,2,25,0
EMP0045,2026-03-11,SHIFT_B,107,73,3,2,10,0
EMP0045,2026-03-12,SHIFT_B,112,73,2,1,16,0
EMP0045,2026-03-13,SHIFT_B,103,66,3,2,10,0
EMP0045,2026-03-16,SHIFT_B,93,66,2,1,30,0
EMP0045,2026-03-17,SHIFT_B,101,69,3,1,10,0
EMP0045,2026-03-18,SHIFT_B,124,88,3,2,10,0
EMP0045,2026-03-19,SHIFT_B,112,69,3,1,8,0
EMP0045,2026-03-20,SHIFT_B,123,88,3,2,8,0
EMP0045,2026-03-23,SHIFT_B,124,81,3,2,7,0
EMP0045,2026-03-24,SHIFT_B,130,86,3,1,0,0
EMP0045,2026-03-25,SHIFT_B,117,79,2,1,12,0
EMP0045,2026-03-26,SHIFT_B,119,75,2,1,29,0
EMP0045,2026-03-27,SHIFT_B,110,80,2,1,6,0
EMP0045,2026-03-30,SHIFT_B,114,81,3,1,24,0
EMP0045,2026-03-31,SHIFT_B,117,79,3,2,38,0
EMP0045,2026-04-01,SHIFT_B,117,84,3,1,33,0
EMP0045,2026-04-02,SHIFT_B,128,92,3,1,11,0
EMP0045,2026-04-03,SHIFT_B,104,73,2,1,13,0
EMP0045,2026-04-06,SHIFT_B,128,95,4,2,5,0
EMP0045,2026-04-07,SHIFT_B,114,84,3,2,6,0
EMP0045,2026-04-08,SHIFT_B,120,88,3,1,28,0
EMP0045,2026-04-09,SHIFT_B,124,92,4,3,15,0
EMP0045,2026-04-10,SHIFT_B,117,76,2,1,3,0
EMP0045,2026-04-13,SHIFT_B,107,76,2,1,16,0
EMP0045,2026-04-14,SHIFT_B,123,79,2,1,15,0
EMP0045,2026-04-15,SHIFT_B,120,80,3,1,8,0
EMP0045,2026-04-16,SHIFT_B,114,72,2,1,8,0
EMP0045,2026-04-17,SHIFT_B,119,75,2,1,14,0
EMP0045,2026-04-20,SHIFT_B,101,67,2,1,47,0
EMP0045,2026-04-21,SHIFT_B,95,59,2,1,28,0
EMP0045,2026-04-22,SHIFT_B,100,66,2,1,5,0
EMP0045,2026-04-23,SHIFT_B,105,75,2,1,5,0
EMP0045,2026-04-24,SHIFT_B,129,83,2,1,29,0
EMP0045,2026-04-27,SHIFT_B,122,79,2,1,22,0
EMP0045,2026-04-28,SHIFT_B,123,81,2,1,18,0
EMP0045,2026-04-29,SHIFT_B,112,82,3,1,17,0
EMP0045,2026-04-30,SHIFT_B,91,58,2,1,13,0
EMP0045,2026-05-04,SHIFT_B,97,60,2,1,15,0
EMP0045,2026-05-05,SHIFT_B,96,63,2,1,51,0
EMP0045,2026-05-06,SHIFT_B,101,71,2,1,25,0
EMP0045,2026-05-07,SHIFT_B,103,72,2,1,18,0
EMP0045,2026-05-08,SHIFT_B,112,79,3,2,23,0
EMP0045,2026-05-11,SHIFT_B,115,72,2,1,1,0
EMP0045,2026-05-12,SHIFT_B,95,66,2,1,6,0
EMP0045,2026-05-13,SHIFT_B,90,55,2,1,17,0
EMP0045,2026-05-18,SHIFT_B,100,73,2,1,11,0
EMP0045,2026-05-19,SHIFT_B,112,69,2,1,27,0
EMP0045,2026-05-20,SHIFT_B,92,62,2,1,16,0
EMP0045,2026-05-21,SHIFT_B,98,64,2,1,5,0
EMP0045,2026-05-22,SHIFT_B,129,82,2,1,3,0
EMP0045,2026-05-25,SHIFT_B,120,89,4,3,13,0
EMP0045,2026-05-26,SHIFT_B,120,79,2,1,15,0
EMP0045,2026-05-27,SHIFT_B,106,77,2,1,27,0
EMP0045,2026-05-28,SHIFT_B,130,83,2,1,10,0
EMP0045,2026-05-29,SHIFT_B,122,86,3,2,1,0
EMP0045,2026-06-01,SHIFT_B,94,64,3,1,1,1
EMP0045,2026-06-02,SHIFT_B,126,88,4,2,19,0
EMP0045,2026-06-03,SHIFT_B,113,69,2,1,9,0
EMP0045,2026-06-04,SHIFT_B,110,71,3,1,7,0
EMP0045,2026-06-05,SHIFT_B,92,64,3,1,12,0
EMP0045,2026-06-08,SHIFT_B,104,65,3,2,6,0
EMP0045,2026-06-09,SHIFT_B,94,63,2,1,17,0
EMP0045,2026-06-10,SHIFT_B,117,72,2,1,21,0
EMP0045,2026-06-11,SHIFT_B,101,67,3,2,37,0
EMP0045,2026-06-12,SHIFT_B,124,82,2,1,8,0
EMP0045,2026-06-15,SHIFT_B,122,87,3,2,27,0
EMP0045,2026-06-16,SHIFT_B,113,78,2,1,13,0
EMP0045,2026-06-17,SHIFT_B,98,69,2,1,29,0
EMP0045,2026-06-18,SHIFT_B,123,82,2,1,13,0
EMP0045,2026-06-19,SHIFT_B,124,83,3,1,15,0
EMP0045,2026-06-22,SHIFT_B,94,64,2,1,17,0
EMP0045,2026-06-23,SHIFT_B,94,60,2,1,47,0
EMP0045,2026-06-24,SHIFT_B,105,74,2,1,20,0
EMP0045,2026-06-25,SHIFT_B,126,83,3,1,12,0
EMP0045,2026-06-26,SHIFT_B,96,67,2,1,26,0
EMP0045,2026-06-29,SHIFT_B,129,81,3,2,8,0
EMP0045,2026-06-30,SHIFT_B,123,79,2,1,38,0
EMP0045,2026-07-01,SHIFT_B,128,83,2,1,6,0
EMP0045,2026-07-02,SHIFT_B,94,64,2,1,25,0
EMP0045,2026-07-03,SHIFT_B,109,78,2,1,4,0
EMP0045,2026-07-06,SHIFT_B,94,57,2,1,13,0
EMP0045,2026-07-07,SHIFT_B,96,59,2,1,49,0
EMP0045,2026-07-08,SHIFT_B,110,68,2,1,25,0
EMP0045,2026-07-09,SHIFT_B,118,79,2,1,29,0
EMP0045,2026-07-10,SHIFT_B,118,74,3,1,48,0
EMP0045,2026-07-13,SHIFT_B,93,63,3,1,5,0
EMP0045,2026-07-14,SHIFT_B,98,69,2,1,17,0
EMP0045,2026-07-16,SHIFT_B,106,67,3,1,30,0
EMP0045,2026-07-17,SHIFT_B,103,74,3,1,28,0
EMP0045,2026-07-20,SHIFT_B,113,72,3,2,30,0
EMP0045,2026-07-21,SHIFT_B,96,63,2,1,20,0
EMP0045,2026-07-22,SHIFT_B,113,72,2,1,23,0
EMP0045,2026-07-23,SHIFT_B,102,71,2,1,5,0
EMP0045,2026-07-24,SHIFT_B,113,83,2,1,7,0
EMP0045,2026-07-27,SHIFT_B,110,68,3,2,29,0
EMP0045,2026-07-28,SHIFT_B,103,67,2,1,45,0
EMP0045,2026-07-29,SHIFT_B,111,74,3,2,17,0
EMP0045,2026-07-30,SHIFT_B,111,78,3,1,14,0
EMP0045,2026-07-31,SHIFT_B,129,89,3,1,61,0
EMP0045,2026-08-03,SHIFT_B,116,85,3,2,27,0
EMP0045,2026-08-04,SHIFT_B,97,63,2,1,7,0
EMP0045,2026-08-05,SHIFT_B,111,71,2,1,26,0
EMP0045,2026-08-06,SHIFT_B,130,88,3,2,11,0
EMP0045,2026-08-07,SHIFT_B,100,65,3,1,9,0
EMP0045,2026-08-10,SHIFT_B,107,70,2,1,28,0
EMP0045,2026-08-11,SHIFT_B,103,67,2,1,10,0
EMP0045,2026-08-12,SHIFT_B,127,80,3,1,11,0
EMP0045,2026-08-13,SHIFT_B,113,84,3,1,22,1
EMP0045,2026-08-14,SHIFT_B,110,68,2,1,29,0
EMP0045,2026-08-17,SHIFT_B,109,75,2,1,29,0
EMP0045,2026-08-18,SHIFT_B,126,93,4,2,21,0
EMP0045,2026-08-19,SHIFT_B,123,87,3,2,30,0
EMP0045,2026-08-20,SHIFT_B,127,95,3,2,13,0
EMP0045,2026-08-21,SHIFT_B,128,89,3,2,9,0
EMP0045,2026-08-24,SHIFT_B,129,84,3,2,25,0
EMP0045,2026-08-25,SHIFT_B,106,73,3,2,19,0
EMP0045,2026-08-26,SHIFT_B,95,59,2,1,26,0
EMP0045,2026-08-27,SHIFT_B,118,87,3,2,27,0
EMP0045,2026-08-28,SHIFT_B,95,61,2,1,19,0
EMP0045,2026-08-31,SHIFT_B,107,66,2,1,12,0
EMP0045,2026-09-01,SHIFT_B,102,66,3,1,1,0
EMP0045,2026-09-02,SHIFT_B,128,92,3,1,7,0
EMP0045,2026-09-03,SHIFT_B,122,81,3,2,4,0
EMP0045,2026-09-04,SHIFT_B,118,79,2,1,19,0
EMP0045,2026-09-07,SHIFT_B,102,65,2,1,34,0
EMP0045,2026-09-08,SHIFT_B,109,77,3,1,14,0
EMP0045,2026-09-09,SHIFT_B,130,93,4,3,7,0
EMP0045,2026-09-10,SHIFT_B,93,64,2,1,22,0
EMP0045,2026-09-11,SHIFT_B,127,83,3,1,26,0
EMP0046,2025-09-12,SHIFT_A,116,57,5,3,53,0
EMP0046,2025-09-15,SHIFT_A,128,62,6,3,13,0
EMP0046,2025-09-16,SHIFT_A,98,45,4,3,71,0
EMP0046,2025-09-17,SHIFT_A,106,54,5,2,15,0
EMP0046,2025-09-18,SHIFT_A,107,48,4,2,18,0
EMP0046,2025-09-19,SHIFT_A,98,48,5,2,30,0
EMP0046,2025-09-22,SHIFT_A,112,55,5,2,7,0
EMP0046,2025-09-23,SHIFT_A,118,55,5,3,63,0
EMP0046,2025-09-24,SHIFT_A,117,61,5,2,69,1
EMP0046,2025-09-25,SHIFT_A,101,50,5,3,70,0
EMP0046,2025-09-26,SHIFT_A,91,42,4,2,24,0
EMP0046,2025-09-29,SHIFT_A,114,55,5,3,18,0
EMP0046,2025-09-30,SHIFT_A,96,46,4,2,7,0
EMP0046,2025-10-01,SHIFT_A,97,50,5,2,26,0
EMP0046,2025-10-02,SHIFT_A,117,56,5,3,46,0
EMP0046,2025-10-03,SHIFT_A,121,57,5,2,13,0
EMP0046,2025-10-06,SHIFT_A,90,39,4,1,28,0
EMP0046,2025-10-07,SHIFT_A,103,49,4,2,3,0
EMP0046,2025-10-08,SHIFT_A,116,56,5,2,3,0
EMP0046,2025-10-09,SHIFT_A,115,59,5,2,16,0
EMP0046,2025-10-10,SHIFT_A,123,58,5,2,58,0
EMP0046,2025-10-13,SHIFT_A,100,52,5,3,8,0
EMP0046,2025-10-14,SHIFT_A,98,51,5,2,6,0
EMP0046,2025-10-15,SHIFT_A,119,54,5,2,28,0
EMP0046,2025-10-16,SHIFT_A,104,49,4,2,13,0
EMP0046,2025-10-17,SHIFT_A,95,50,5,2,11,0
EMP0046,2025-10-20,SHIFT_A,124,62,6,3,12,0
EMP0046,2025-10-21,SHIFT_A,109,58,5,2,25,0
EMP0046,2025-10-22,SHIFT_A,106,48,5,2,13,0
EMP0046,2025-10-24,SHIFT_A,92,42,4,3,17,0
EMP0046,2025-10-27,SHIFT_A,128,63,6,3,17,0
EMP0046,2025-10-28,SHIFT_A,116,53,5,3,17,0
EMP0046,2025-10-29,SHIFT_A,90,42,4,2,12,0
EMP0046,2025-10-30,SHIFT_A,94,47,4,3,30,0
EMP0046,2025-10-31,SHIFT_A,122,54,5,2,0,0
EMP0046,2025-11-03,SHIFT_A,124,59,5,3,28,0
EMP0046,2025-11-04,SHIFT_A,113,52,5,3,11,0
EMP0046,2025-11-05,SHIFT_A,113,52,5,2,37,0
EMP0046,2025-11-06,SHIFT_A,123,61,5,3,20,0
EMP0046,2025-11-07,SHIFT_A,109,54,5,3,5,0
EMP0046,2025-11-10,SHIFT_A,122,58,5,3,67,0
EMP0046,2025-11-11,SHIFT_A,125,62,6,4,3,0
EMP0046,2025-11-12,SHIFT_A,123,61,5,2,9,0
EMP0046,2025-11-13,SHIFT_A,124,55,5,2,15,0
EMP0046,2025-11-14,SHIFT_A,92,48,5,3,19,0
EMP0046,2025-11-17,SHIFT_A,108,50,5,2,16,0
EMP0046,2025-11-18,SHIFT_A,124,61,5,3,13,0
EMP0046,2025-11-19,SHIFT_A,105,49,4,2,11,0
EMP0046,2025-11-20,SHIFT_A,104,50,5,3,27,0
EMP0046,2025-11-21,SHIFT_A,130,57,5,2,74,0
EMP0046,2025-11-24,SHIFT_A,110,50,5,2,18,0
EMP0046,2025-11-25,SHIFT_A,120,58,6,4,16,0
EMP0046,2025-11-26,SHIFT_A,124,61,6,2,50,0
EMP0046,2025-11-27,SHIFT_A,116,53,5,3,62,0
EMP0046,2025-12-01,SHIFT_A,110,57,5,3,12,0
EMP0046,2025-12-02,SHIFT_A,125,57,5,3,33,0
EMP0046,2025-12-03,SHIFT_A,106,46,4,2,42,0
EMP0046,2025-12-04,SHIFT_A,104,55,5,3,18,0
EMP0046,2025-12-05,SHIFT_A,108,53,5,2,13,0
EMP0046,2025-12-08,SHIFT_A,123,59,5,3,7,1
EMP0046,2025-12-09,SHIFT_A,130,66,6,3,9,0
EMP0046,2025-12-10,SHIFT_A,123,58,5,2,25,0
EMP0046,2025-12-11,SHIFT_A,101,52,5,2,65,0
EMP0046,2025-12-12,SHIFT_A,101,44,4,1,21,0
EMP0046,2025-12-15,SHIFT_A,118,59,6,3,7,0
EMP0046,2025-12-16,SHIFT_A,93,48,4,2,25,0
EMP0046,2025-12-17,SHIFT_A,128,65,6,3,26,0
EMP0046,2025-12-18,SHIFT_A,97,49,5,2,18,0
EMP0046,2025-12-19,SHIFT_A,101,50,5,3,17,0
EMP0046,2025-12-22,SHIFT_A,129,64,6,3,27,0
EMP0046,2025-12-23,SHIFT_A,119,62,6,2,22,0
EMP0046,2025-12-24,SHIFT_A,100,47,4,3,37,0
EMP0046,2025-12-26,SHIFT_A,109,47,4,2,12,0
EMP0046,2025-12-29,SHIFT_A,127,61,6,3,25,0
EMP0046,2025-12-30,SHIFT_A,127,59,6,2,7,0
EMP0046,2026-01-02,SHIFT_A,118,59,5,2,5,0
EMP0046,2026-01-05,SHIFT_A,110,57,5,2,64,0
EMP0046,2026-01-06,SHIFT_A,102,47,5,3,15,0
EMP0046,2026-01-07,SHIFT_A,130,65,6,2,9,0
EMP0046,2026-01-08,SHIFT_A,95,43,4,2,30,0
EMP0046,2026-01-09,SHIFT_A,97,42,4,2,23,0
EMP0046,2026-01-12,SHIFT_A,113,49,4,2,15,0
EMP0046,2026-01-13,SHIFT_A,130,58,5,3,25,0
EMP0046,2026-01-14,SHIFT_A,118,52,5,2,4,0
EMP0046,2026-01-15,SHIFT_A,129,59,5,3,20,0
EMP0046,2026-01-16,SHIFT_A,90,40,4,2,13,0
EMP0046,2026-01-19,SHIFT_A,117,60,6,3,22,0
EMP0046,2026-01-20,SHIFT_A,126,56,5,3,1,0
EMP0046,2026-01-21,SHIFT_A,106,47,4,3,5,0
EMP0046,2026-01-22,SHIFT_A,122,64,6,3,20,0
EMP0046,2026-01-23,SHIFT_A,107,48,4,1,6,0
EMP0046,2026-01-26,SHIFT_A,101,46,4,2,18,0
EMP0046,2026-01-27,SHIFT_A,127,57,6,2,11,0
EMP0046,2026-01-28,SHIFT_A,93,41,4,2,18,0
EMP0046,2026-01-29,SHIFT_A,99,45,5,3,1,0
EMP0046,2026-01-30,SHIFT_A,92,41,4,2,69,0
EMP0046,2026-02-02,SHIFT_A,128,58,5,3,50,0
EMP0046,2026-02-05,SHIFT_A,96,49,4,2,12,0
EMP0046,2026-02-06,SHIFT_A,110,52,5,3,21,0
EMP0046,2026-02-09,SHIFT_A,101,47,5,3,8,0
EMP0046,2026-02-10,SHIFT_A,115,59,6,4,22,0
EMP0046,2026-02-11,SHIFT_A,108,49,5,2,15,0
EMP0046,2026-02-12,SHIFT_A,112,53,5,3,6,0
EMP0046,2026-02-13,SHIFT_A,99,46,4,2,9,0
EMP0046,2026-02-16,SHIFT_A,122,59,6,4,17,0
EMP0046,2026-02-17,SHIFT_A,122,53,5,2,0,0
EMP0046,2026-02-18,SHIFT_A,95,47,4,2,15,0
EMP0046,2026-02-19,SHIFT_A,130,61,6,2,57,0
EMP0046,2026-02-20,SHIFT_A,116,52,5,2,26,0
EMP0046,2026-02-23,SHIFT_A,90,47,4,2,17,0
EMP0046,2026-02-24,SHIFT_A,110,57,6,3,16,0
EMP0046,2026-02-25,SHIFT_A,98,48,5,3,25,0
EMP0046,2026-02-26,SHIFT_A,119,62,6,2,8,0
EMP0046,2026-02-27,SHIFT_A,99,48,4,2,66,0
EMP0046,2026-03-02,SHIFT_A,114,59,5,2,5,0
EMP0046,2026-03-03,SHIFT_A,94,46,4,1,29,0
EMP0046,2026-03-04,SHIFT_A,105,51,5,3,22,0
EMP0046,2026-03-05,SHIFT_A,97,44,4,2,22,0
EMP0046,2026-03-06,SHIFT_A,108,57,6,4,20,0
EMP0046,2026-03-09,SHIFT_A,110,52,5,3,49,0
EMP0046,2026-03-10,SHIFT_A,98,48,5,3,69,0
EMP0046,2026-03-11,SHIFT_A,101,45,4,2,2,1
EMP0046,2026-03-12,SHIFT_A,103,46,5,2,30,0
EMP0046,2026-03-13,SHIFT_A,128,65,6,4,6,0
EMP0046,2026-03-16,SHIFT_A,95,49,4,2,22,0
EMP0046,2026-03-17,SHIFT_A,120,59,5,2,7,0
EMP0046,2026-03-18,SHIFT_A,109,50,5,2,6,0
EMP0046,2026-03-19,SHIFT_A,121,55,5,3,1,0
EMP0046,2026-03-20,SHIFT_A,105,47,4,2,17,0
EMP0046,2026-03-23,SHIFT_A,119,61,5,2,16,0
EMP0046,2026-03-24,SHIFT_A,116,61,5,2,23,0
EMP0046,2026-03-25,SHIFT_A,113,59,5,3,1,0
EMP0046,2026-03-26,SHIFT_A,94,42,4,3,3,0
EMP0046,2026-03-27,SHIFT_A,122,57,5,2,25,0
EMP0046,2026-03-30,SHIFT_A,107,54,5,3,1,0
EMP0046,2026-03-31,SHIFT_A,90,39,4,2,35,0
EMP0046,2026-04-01,SHIFT_A,121,62,6,4,28,0
EMP0046,2026-04-02,SHIFT_A,119,53,5,3,6,0
EMP0046,2026-04-03,SHIFT_A,106,51,5,3,21,0
EMP0046,2026-04-06,SHIFT_A,106,46,5,3,9,0
EMP0046,2026-04-07,SHIFT_A,97,44,4,2,3,0
EMP0046,2026-04-08,SHIFT_A,93,47,4,2,17,0
EMP0046,2026-04-09,SHIFT_A,106,46,4,2,11,0
EMP0046,2026-04-10,SHIFT_A,96,47,4,2,10,0
EMP0046,2026-04-13,SHIFT_A,100,45,4,2,14,0
EMP0046,2026-04-14,SHIFT_A,93,46,4,1,2,0
EMP0046,2026-04-15,SHIFT_A,100,50,5,3,24,0
EMP0046,2026-04-16,SHIFT_A,123,55,5,2,8,0
EMP0046,2026-04-17,SHIFT_A,113,59,5,2,0,0
EMP0046,2026-04-20,SHIFT_A,110,49,4,2,30,0
EMP0046,2026-04-21,SHIFT_A,115,56,6,3,11,0
EMP0046,2026-04-22,SHIFT_A,127,59,6,2,9,0
EMP0046,2026-04-23,SHIFT_A,122,59,6,2,23,0
EMP0046,2026-04-24,SHIFT_A,127,59,5,2,10,0
EMP0046,2026-04-27,SHIFT_A,130,59,5,2,40,0
EMP0046,2026-04-28,SHIFT_A,91,40,4,1,18,0
EMP0046,2026-04-29,SHIFT_A,106,50,5,3,8,0
EMP0046,2026-04-30,SHIFT_A,95,42,4,2,8,0
EMP0046,2026-05-05,SHIFT_A,96,49,4,1,7,0
EMP0046,2026-05-06,SHIFT_A,122,62,6,3,2,0
EMP0046,2026-05-07,SHIFT_A,95,45,4,2,19,0
EMP0046,2026-05-08,SHIFT_A,113,55,5,3,9,0
EMP0046,2026-05-11,SHIFT_A,124,62,6,3,17,0
EMP0046,2026-05-12,SHIFT_A,115,60,5,2,6,0
EMP0046,2026-05-13,SHIFT_A,105,48,4,1,28,0
EMP0046,2026-05-14,SHIFT_A,120,56,5,2,17,0
EMP0046,2026-05-15,SHIFT_A,114,56,5,4,19,0
EMP0046,2026-05-18,SHIFT_A,99,48,5,2,11,0
EMP0046,2026-05-19,SHIFT_A,106,56,5,3,28,0
EMP0046,2026-05-20,SHIFT_A,122,53,5,2,7,0
EMP0046,2026-05-21,SHIFT_A,111,54,5,3,13,0
EMP0046,2026-05-22,SHIFT_A,114,56,5,2,19,0
EMP0046,2026-05-25,SHIFT_A,126,60,5,2,2,0
EMP0046,2026-05-26,SHIFT_A,116,55,5,2,3,0
EMP0046,2026-05-27,SHIFT_A,111,53,5,2,1,0
EMP0046,2026-05-28,SHIFT_A,99,44,4,2,34,0
EMP0046,2026-05-29,SHIFT_A,93,47,4,2,3,0
EMP0046,2026-06-01,SHIFT_A,108,48,4,2,29,0
EMP0046,2026-06-02,SHIFT_A,118,56,6,2,8,0
EMP0046,2026-06-03,SHIFT_A,118,62,6,2,5,0
EMP0046,2026-06-04,SHIFT_A,115,55,5,3,11,0
EMP0046,2026-06-05,SHIFT_A,90,42,4,1,29,0
EMP0046,2026-06-08,SHIFT_A,123,59,5,4,12,0
EMP0046,2026-06-09,SHIFT_A,121,62,6,4,26,0
EMP0046,2026-06-10,SHIFT_A,126,61,6,3,26,0
EMP0046,2026-06-11,SHIFT_A,98,46,4,1,3,0
EMP0046,2026-06-12,SHIFT_A,110,56,5,3,35,0
EMP0046,2026-06-15,SHIFT_A,113,50,5,3,6,0
EMP0046,2026-06-16,SHIFT_A,114,56,5,3,2,0
EMP0046,2026-06-17,SHIFT_A,104,55,5,2,0,0
EMP0046,2026-06-18,SHIFT_A,124,54,5,2,71,0
EMP0046,2026-06-19,SHIFT_A,100,52,5,3,49,0
EMP0046,2026-06-22,SHIFT_A,111,56,6,3,1,0
EMP0046,2026-06-23,SHIFT_A,130,67,7,5,2,0
EMP0046,2026-06-24,SHIFT_A,99,47,5,3,6,0
EMP0046,2026-06-26,SHIFT_A,112,58,5,3,24,0
EMP0046,2026-06-29,SHIFT_A,90,41,4,2,24,0
EMP0046,2026-06-30,SHIFT_A,126,57,5,3,33,0
EMP0046,2026-07-01,SHIFT_A,118,61,5,2,30,0
EMP0046,2026-07-02,SHIFT_A,103,48,5,2,25,0
EMP0046,2026-07-03,SHIFT_A,124,56,6,3,29,0
EMP0046,2026-07-06,SHIFT_A,109,52,5,3,27,0
EMP0046,2026-07-07,SHIFT_A,114,59,5,2,15,0
EMP0046,2026-07-08,SHIFT_A,107,48,4,2,16,0
EMP0046,2026-07-09,SHIFT_A,129,64,6,3,52,0
EMP0046,2026-07-10,SHIFT_A,122,57,6,4,74,0
EMP0046,2026-07-13,SHIFT_A,92,45,4,1,6,0
EMP0046,2026-07-14,SHIFT_A,124,55,5,2,14,0
EMP0046,2026-07-15,SHIFT_A,120,56,5,3,24,0
EMP0046,2026-07-16,SHIFT_A,104,52,5,3,18,0
EMP0046,2026-07-17,SHIFT_A,117,56,6,2,4,0
EMP0046,2026-07-20,SHIFT_A,118,56,5,2,6,0
EMP0046,2026-07-21,SHIFT_A,92,49,4,2,8,0
EMP0046,2026-07-22,SHIFT_A,125,63,6,3,27,0
EMP0046,2026-07-23,SHIFT_A,106,52,5,2,19,0
EMP0046,2026-07-24,SHIFT_A,94,48,5,2,29,0
EMP0046,2026-07-28,SHIFT_A,125,65,6,2,71,0
EMP0046,2026-07-29,SHIFT_A,126,58,5,2,6,0
EMP0046,2026-07-30,SHIFT_A,96,44,4,2,1,0
EMP0046,2026-07-31,SHIFT_A,92,47,4,2,30,0
EMP0046,2026-08-03,SHIFT_A,99,49,4,2,7,0
EMP0046,2026-08-04,SHIFT_A,101,52,5,3,7,0
EMP0046,2026-08-05,SHIFT_A,123,54,5,2,25,0
EMP0046,2026-08-06,SHIFT_A,127,57,6,3,5,0
EMP0046,2026-08-07,SHIFT_A,120,53,5,2,19,0
EMP0046,2026-08-10,SHIFT_A,93,41,4,3,6,0
EMP0046,2026-08-11,SHIFT_A,111,53,5,2,16,0
EMP0046,2026-08-12,SHIFT_A,117,54,5,3,4,0
EMP0046,2026-08-13,SHIFT_A,103,53,5,2,14,0
EMP0046,2026-08-14,SHIFT_A,121,53,5,3,13,0
EMP0046,2026-08-17,SHIFT_A,95,46,5,3,6,0
EMP0046,2026-08-18,SHIFT_A,101,46,5,3,24,0
EMP0046,2026-08-19,SHIFT_A,94,45,4,2,4,0
EMP0046,2026-08-20,SHIFT_A,92,40,4,2,22,0
EMP0046,2026-08-21,SHIFT_A,98,47,4,1,30,0
EMP0046,2026-08-24,SHIFT_A,103,48,4,3,12,0
EMP0046,2026-08-25,SHIFT_A,94,49,4,2,20,0
EMP0046,2026-08-26,SHIFT_A,100,47,4,2,23,0
EMP0046,2026-08-27,SHIFT_A,96,50,5,3,22,0
EMP0046,2026-08-31,SHIFT_A,120,54,5,3,23,0
EMP0046,2026-09-01,SHIFT_A,101,51,5,2,7,0
EMP0046,2026-09-02,SHIFT_A,112,49,4,1,10,0
EMP0046,2026-09-03,SHIFT_A,127,64,6,3,29,0
EMP0046,2026-09-04,SHIFT_A,100,45,4,2,23,0
EMP0046,2026-09-07,SHIFT_A,93,43,4,3,1,0
EMP0046,2026-09-08,SHIFT_A,92,40,4,2,14,0
EMP0046,2026-09-09,SHIFT_A,91,45,5,2,6,0
EMP0046,2026-09-10,SHIFT_A,111,51,5,3,7,0
EMP0046,2026-09-11,SHIFT_A,121,62,6,2,13,0
EMP0047,2025-09-17,SHIFT_B,56,43,1,0,12,0
EMP0047,2025-09-18,SHIFT_B,52,34,1,1,20,0
EMP0047,2025-09-19,SHIFT_B,60,44,2,1,27,0
EMP0047,2025-09-22,SHIFT_B,53,37,1,0,22,0
EMP0047,2025-09-24,SHIFT_B,53,39,1,1,21,0
EMP0047,2025-09-25,SHIFT_B,50,37,1,1,13,0
EMP0047,2025-09-26,SHIFT_B,50,35,1,1,7,0
EMP0047,2025-09-29,SHIFT_B,54,39,1,0,15,0
EMP0047,2025-09-30,SHIFT_B,58,40,1,0,16,0
EMP0047,2025-10-01,SHIFT_B,51,34,1,0,16,0
EMP0047,2025-10-02,SHIFT_B,67,52,2,1,1,0
EMP0047,2025-10-03,SHIFT_B,57,37,1,0,63,0
EMP0047,2025-10-06,SHIFT_B,64,47,1,1,20,0
EMP0047,2025-10-07,SHIFT_B,51,34,1,0,30,0
EMP0047,2025-10-08,SHIFT_B,66,47,1,1,29,0
EMP0047,2025-10-09,SHIFT_B,57,38,1,0,0,0
EMP0047,2025-10-10,SHIFT_B,55,38,2,1,13,0
EMP0047,2025-10-13,SHIFT_B,56,44,2,1,10,0
EMP0047,2025-10-14,SHIFT_B,58,45,1,0,14,0
EMP0047,2025-10-15,SHIFT_B,69,47,1,1,1,0
EMP0047,2025-10-17,SHIFT_B,63,43,1,0,27,0
EMP0047,2025-10-20,SHIFT_B,59,42,1,1,30,0
EMP0047,2025-10-21,SHIFT_B,70,51,2,1,24,0
EMP0047,2025-10-22,SHIFT_B,55,43,1,0,0,0
EMP0047,2025-10-23,SHIFT_B,66,51,2,1,29,0
EMP0047,2025-10-24,SHIFT_B,58,40,1,1,4,0
EMP0047,2025-10-27,SHIFT_B,63,47,1,1,21,0
EMP0047,2025-10-28,SHIFT_B,54,40,2,1,10,0
EMP0047,2025-10-29,SHIFT_B,53,42,2,1,61,0
EMP0047,2025-10-30,SHIFT_B,63,49,1,1,14,0
EMP0047,2025-10-31,SHIFT_B,54,39,1,0,4,0
EMP0047,2025-11-03,SHIFT_B,50,35,1,0,30,0
EMP0047,2025-11-04,SHIFT_B,55,40,1,0,23,0
EMP0047,2025-11-05,SHIFT_B,64,46,1,1,21,0
EMP0047,2025-11-06,SHIFT_B,69,53,2,1,2,0
EMP0047,2025-11-07,SHIFT_B,54,36,1,1,29,0
EMP0047,2025-11-10,SHIFT_B,52,37,1,0,13,0
EMP0047,2025-11-11,SHIFT_B,56,42,1,1,18,0
EMP0047,2025-11-12,SHIFT_B,59,44,1,0,12,0
EMP0047,2025-11-13,SHIFT_B,51,36,1,0,70,0
EMP0047,2025-11-14,SHIFT_B,67,53,2,1,43,0
EMP0047,2025-11-17,SHIFT_B,52,38,1,1,14,0
EMP0047,2025-11-18,SHIFT_B,66,51,2,1,22,0
EMP0047,2025-11-19,SHIFT_B,63,43,2,1,16,0
EMP0047,2025-11-20,SHIFT_B,57,45,1,1,14,0
EMP0047,2025-11-21,SHIFT_B,62,49,1,1,28,0
EMP0047,2025-11-24,SHIFT_B,69,53,2,1,10,0
EMP0047,2025-11-25,SHIFT_B,62,43,2,1,15,0
EMP0047,2025-11-26,SHIFT_B,70,46,2,1,13,0
EMP0047,2025-11-27,SHIFT_B,70,56,2,1,7,0
EMP0047,2025-11-28,SHIFT_B,61,47,2,1,7,0
EMP0047,2025-12-01,SHIFT_B,62,49,1,1,16,0
EMP0047,2025-12-02,SHIFT_B,64,48,1,0,22,0
EMP0047,2025-12-03,SHIFT_B,60,46,1,0,28,0
EMP0047,2025-12-04,SHIFT_B,61,43,2,1,67,0
EMP0047,2025-12-05,SHIFT_B,63,45,1,0,23,0
EMP0047,2025-12-08,SHIFT_B,69,49,1,1,72,0
EMP0047,2025-12-09,SHIFT_B,54,39,2,1,35,0
EMP0047,2025-12-10,SHIFT_B,56,42,1,1,1,0
EMP0047,2025-12-11,SHIFT_B,55,37,1,0,25,0
EMP0047,2025-12-12,SHIFT_B,67,46,1,1,5,0
EMP0047,2025-12-15,SHIFT_B,58,46,1,1,74,0
EMP0047,2025-12-16,SHIFT_B,70,54,2,1,4,0
EMP0047,2025-12-17,SHIFT_B,64,48,2,1,15,0
EMP0047,2025-12-18,SHIFT_B,53,40,2,1,23,0
EMP0047,2025-12-19,SHIFT_B,60,46,2,1,18,0
EMP0047,2025-12-22,SHIFT_B,54,37,1,0,21,0
EMP0047,2025-12-23,SHIFT_B,69,53,2,1,13,0
EMP0047,2025-12-24,SHIFT_B,53,39,2,1,30,0
EMP0047,2025-12-26,SHIFT_B,67,52,2,1,28,0
EMP0047,2025-12-29,SHIFT_B,69,48,2,1,20,0
EMP0047,2025-12-30,SHIFT_B,63,47,2,1,11,0
EMP0047,2026-01-02,SHIFT_B,54,38,1,1,5,0
EMP0047,2026-01-05,SHIFT_B,58,42,1,1,16,0
EMP0047,2026-01-06,SHIFT_B,65,52,2,1,5,0
EMP0047,2026-01-07,SHIFT_B,67,47,1,0,16,0
EMP0047,2026-01-08,SHIFT_B,57,43,2,1,11,0
EMP0047,2026-01-09,SHIFT_B,61,48,1,1,16,0
EMP0047,2026-01-12,SHIFT_B,53,42,1,1,11,0
EMP0047,2026-01-13,SHIFT_B,55,37,1,1,5,0
EMP0047,2026-01-14,SHIFT_B,61,45,2,1,72,0
EMP0047,2026-01-15,SHIFT_B,54,41,2,1,11,0
EMP0047,2026-01-16,SHIFT_B,50,38,1,1,19,0
EMP0047,2026-01-19,SHIFT_B,69,49,2,1,15,0
EMP0047,2026-01-20,SHIFT_B,61,47,1,0,3,0
EMP0047,2026-01-21,SHIFT_B,66,45,2,1,28,0
EMP0047,2026-01-22,SHIFT_B,65,44,2,1,12,0
EMP0047,2026-01-23,SHIFT_B,60,47,1,1,2,0
EMP0047,2026-01-26,SHIFT_B,58,38,1,1,27,0
EMP0047,2026-01-27,SHIFT_B,61,45,1,1,29,0
EMP0047,2026-01-28,SHIFT_B,64,42,1,0,23,0
EMP0047,2026-01-29,SHIFT_B,57,42,1,1,28,0
EMP0047,2026-01-30,SHIFT_B,59,43,2,1,23,0
EMP0047,2026-02-02,SHIFT_B,52,35,1,0,0,0
EMP0047,2026-02-03,SHIFT_B,53,37,1,0,4,0
EMP0047,2026-02-05,SHIFT_B,53,42,2,1,27,0
EMP0047,2026-02-06,SHIFT_B,51,35,1,1,24,0
EMP0047,2026-02-09,SHIFT_B,69,51,2,1,8,0
EMP0047,2026-02-11,SHIFT_B,63,48,1,1,4,0
EMP0047,2026-02-12,SHIFT_B,53,36,1,1,8,0
EMP0047,2026-02-13,SHIFT_B,63,47,1,1,29,0
EMP0047,2026-02-16,SHIFT_B,66,51,2,1,25,0
EMP0047,2026-02-17,SHIFT_B,56,38,2,1,23,0
EMP0047,2026-02-18,SHIFT_B,52,36,1,1,35,0
EMP0047,2026-02-19,SHIFT_B,59,40,1,0,14,0
EMP0047,2026-02-20,SHIFT_B,70,47,2,1,28,0
EMP0047,2026-02-23,SHIFT_B,70,49,2,1,10,0
EMP0047,2026-02-24,SHIFT_B,56,42,1,1,17,0
EMP0047,2026-02-25,SHIFT_B,68,54,2,1,12,0
EMP0047,2026-02-26,SHIFT_B,50,37,1,0,26,0
EMP0047,2026-02-27,SHIFT_B,64,46,2,1,22,0
EMP0047,2026-03-02,SHIFT_B,58,46,2,1,10,0
EMP0047,2026-03-03,SHIFT_B,59,39,1,1,0,0
EMP0047,2026-03-04,SHIFT_B,66,50,2,1,1,0
EMP0047,2026-03-05,SHIFT_B,56,40,2,1,63,0
EMP0047,2026-03-06,SHIFT_B,63,46,1,1,12,0
EMP0047,2026-03-09,SHIFT_B,60,47,1,0,28,0
EMP0047,2026-03-10,SHIFT_B,53,36,1,0,14,0
EMP0047,2026-03-11,SHIFT_B,62,41,2,1,13,0
EMP0047,2026-03-12,SHIFT_B,65,51,2,1,1,0
EMP0047,2026-03-13,SHIFT_B,53,37,1,0,18,0
EMP0047,2026-03-16,SHIFT_B,70,49,2,1,1,0
EMP0047,2026-03-17,SHIFT_B,65,46,1,0,15,0
EMP0047,2026-03-18,SHIFT_B,66,48,2,1,7,0
EMP0047,2026-03-20,SHIFT_B,68,46,2,1,11,0
EMP0047,2026-03-23,SHIFT_B,50,40,2,1,4,0
EMP0047,2026-03-24,SHIFT_B,54,38,1,0,49,0
EMP0047,2026-03-25,SHIFT_B,55,39,2,1,5,0
EMP0047,2026-03-26,SHIFT_B,56,41,1,0,30,0
EMP0047,2026-03-27,SHIFT_B,69,49,1,1,30,0
EMP0047,2026-03-30,SHIFT_B,63,46,1,0,21,0
EMP0047,2026-03-31,SHIFT_B,60,41,2,1,18,0
EMP0047,2026-04-01,SHIFT_B,58,39,2,1,11,0
EMP0047,2026-04-02,SHIFT_B,70,53,2,1,7,0
EMP0047,2026-04-03,SHIFT_B,63,45,1,1,17,0
EMP0047,2026-04-06,SHIFT_B,52,36,1,1,16,0
EMP0047,2026-04-07,SHIFT_B,70,46,2,1,3,0
EMP0047,2026-04-08,SHIFT_B,58,40,1,1,71,0
EMP0047,2026-04-09,SHIFT_B,57,44,1,0,29,0
EMP0047,2026-04-10,SHIFT_B,60,45,1,1,21,0
EMP0047,2026-04-13,SHIFT_B,54,38,1,1,57,0
EMP0047,2026-04-14,SHIFT_B,56,38,2,1,11,0
EMP0047,2026-04-15,SHIFT_B,55,38,1,0,27,0
EMP0047,2026-04-16,SHIFT_B,60,42,1,1,19,0
EMP0047,2026-04-17,SHIFT_B,59,45,1,1,26,0
EMP0047,2026-04-20,SHIFT_B,65,52,2,1,19,0
EMP0047,2026-04-21,SHIFT_B,56,42,1,1,17,0
EMP0047,2026-04-22,SHIFT_B,50,37,1,1,27,0
EMP0047,2026-04-23,SHIFT_B,53,39,1,0,27,0
EMP0047,2026-04-24,SHIFT_B,64,49,1,1,9,0
EMP0047,2026-04-27,SHIFT_B,69,55,2,1,16,0
EMP0047,2026-04-28,SHIFT_B,59,47,1,0,14,0
EMP0047,2026-04-29,SHIFT_B,63,49,2,1,10,0
EMP0047,2026-04-30,SHIFT_B,51,34,1,0,4,0
EMP0047,2026-05-04,SHIFT_B,66,46,1,0,31,0
EMP0047,2026-05-05,SHIFT_B,61,43,1,0,12,0
EMP0047,2026-05-06,SHIFT_B,50,40,1,1,27,0
EMP0047,2026-05-07,SHIFT_B,58,44,1,1,74,0
EMP0047,2026-05-08,SHIFT_B,67,45,1,1,3,0
EMP0047,2026-05-11,SHIFT_B,67,44,1,1,13,0
EMP0047,2026-05-12,SHIFT_B,61,48,1,1,58,0
EMP0047,2026-05-13,SHIFT_B,69,45,1,1,73,0
EMP0047,2026-05-14,SHIFT_B,50,39,1,1,6,0
EMP0047,2026-05-15,SHIFT_B,55,40,1,0,18,0
EMP0047,2026-05-18,SHIFT_B,66,46,2,1,7,0
EMP0047,2026-05-19,SHIFT_B,66,50,2,1,20,0
EMP0047,2026-05-20,SHIFT_B,52,40,1,0,17,0
EMP0047,2026-05-21,SHIFT_B,67,47,2,1,29,0
EMP0047,2026-05-22,SHIFT_B,60,45,1,0,12,0
EMP0047,2026-05-25,SHIFT_B,61,44,2,1,18,0
EMP0047,2026-05-26,SHIFT_B,59,44,1,1,28,0
EMP0047,2026-05-27,SHIFT_B,60,42,1,0,8,0
EMP0047,2026-05-28,SHIFT_B,60,41,1,0,8,0
EMP0047,2026-05-29,SHIFT_B,64,48,1,1,9,0
EMP0047,2026-06-01,SHIFT_B,55,38,1,1,12,0
EMP0047,2026-06-02,SHIFT_B,66,52,2,1,59,0
EMP0047,2026-06-03,SHIFT_B,53,36,1,1,22,0
EMP0047,2026-06-04,SHIFT_B,58,40,2,1,3,0
EMP0047,2026-06-05,SHIFT_B,61,46,1,0,3,0
EMP0047,2026-06-10,SHIFT_B,66,46,2,1,14,0
EMP0047,2026-06-11,SHIFT_B,50,39,1,0,25,0
EMP0047,2026-06-12,SHIFT_B,56,39,1,1,11,0
EMP0047,2026-06-15,SHIFT_B,53,37,1,0,20,0
EMP0047,2026-06-16,SHIFT_B,65,52,2,1,8,0
EMP0047,2026-06-17,SHIFT_B,51,35,1,0,12,0
EMP0047,2026-06-18,SHIFT_B,58,44,1,1,51,0
EMP0047,2026-06-19,SHIFT_B,63,44,1,0,17,0
EMP0047,2026-06-22,SHIFT_B,66,50,2,1,29,0
EMP0047,2026-06-23,SHIFT_B,54,40,1,1,2,0
EMP0047,2026-06-24,SHIFT_B,51,40,1,0,29,0
EMP0047,2026-06-25,SHIFT_B,51,39,1,1,30,0
EMP0047,2026-06-26,SHIFT_B,66,51,2,1,16,0
EMP0047,2026-06-29,SHIFT_B,50,38,1,1,6,0
EMP0047,2026-06-30,SHIFT_B,70,50,2,1,28,0
EMP0047,2026-07-01,SHIFT_B,59,41,1,1,24,0
EMP0047,2026-07-02,SHIFT_B,65,43,2,1,5,0
EMP0047,2026-07-03,SHIFT_B,62,41,1,0,23,0
EMP0047,2026-07-06,SHIFT_B,60,45,1,0,17,0
EMP0047,2026-07-07,SHIFT_B,66,46,1,1,2,0
EMP0047,2026-07-08,SHIFT_B,61,42,1,0,30,0
EMP0047,2026-07-09,SHIFT_B,64,51,2,1,26,0
EMP0047,2026-07-10,SHIFT_B,53,42,2,1,27,0
EMP0047,2026-07-13,SHIFT_B,55,43,1,0,23,0
EMP0047,2026-07-14,SHIFT_B,54,41,1,0,61,0
EMP0047,2026-07-15,SHIFT_B,66,48,1,1,17,0
EMP0047,2026-07-16,SHIFT_B,58,44,1,1,35,0
EMP0047,2026-07-17,SHIFT_B,64,44,1,0,18,0
EMP0047,2026-07-20,SHIFT_B,55,40,2,1,5,0
EMP0047,2026-07-21,SHIFT_B,63,49,1,0,62,0
EMP0047,2026-07-22,SHIFT_B,51,40,1,1,8,0
EMP0047,2026-07-23,SHIFT_B,60,48,1,0,12,0
EMP0047,2026-07-24,SHIFT_B,62,46,1,0,15,0
EMP0047,2026-07-27,SHIFT_B,56,44,1,0,10,0
EMP0047,2026-07-28,SHIFT_B,67,48,1,1,26,0
EMP0047,2026-07-29,SHIFT_B,53,35,1,0,17,0
EMP0047,2026-07-30,SHIFT_B,61,48,2,1,20,0
EMP0047,2026-07-31,SHIFT_B,67,47,1,1,50,0
EMP0047,2026-08-03,SHIFT_B,56,41,1,1,3,0
EMP0047,2026-08-04,SHIFT_B,56,42,1,0,6,0
EMP0047,2026-08-05,SHIFT_B,60,40,1,1,3,0
EMP0047,2026-08-06,SHIFT_B,68,48,2,1,25,0
EMP0047,2026-08-07,SHIFT_B,55,42,1,1,29,0
EMP0047,2026-08-10,SHIFT_B,61,48,2,1,50,0
EMP0047,2026-08-11,SHIFT_B,57,41,1,1,8,0
EMP0047,2026-08-12,SHIFT_B,51,35,1,1,74,0
EMP0047,2026-08-13,SHIFT_B,55,38,1,1,17,0
EMP0047,2026-08-14,SHIFT_B,63,43,1,1,29,0
EMP0047,2026-08-17,SHIFT_B,51,39,2,1,20,0
EMP0047,2026-08-18,SHIFT_B,53,39,2,1,13,0
EMP0047,2026-08-19,SHIFT_B,56,43,1,0,9,0
EMP0047,2026-08-20,SHIFT_B,69,48,1,0,61,0
EMP0047,2026-08-21,SHIFT_B,61,43,2,1,12,0
EMP0047,2026-08-24,SHIFT_B,59,45,1,0,12,0
EMP0047,2026-08-25,SHIFT_B,61,49,1,0,9,0
EMP0047,2026-08-26,SHIFT_B,66,48,2,1,24,0
EMP0047,2026-08-27,SHIFT_B,51,40,1,0,22,0
EMP0047,2026-08-28,SHIFT_B,64,46,2,1,7,0
EMP0047,2026-08-31,SHIFT_B,59,43,1,1,16,0
EMP0047,2026-09-01,SHIFT_B,54,40,2,1,8,0
EMP0047,2026-09-02,SHIFT_B,54,42,1,0,2,0
EMP0047,2026-09-03,SHIFT_B,68,52,2,1,15,0
EMP0047,2026-09-04,SHIFT_B,55,40,1,0,0,0
EMP0047,2026-09-07,SHIFT_B,51,37,1,1,10,0
EMP0047,2026-09-08,SHIFT_B,63,47,2,1,9,0
EMP0047,2026-09-09,SHIFT_B,64,44,1,1,9,0
EMP0047,2026-09-10,SHIFT_B,54,43,1,1,9,0
EMP0047,2026-09-11,SHIFT_B,58,42,1,1,4,0
EMP0048,2026-08-31,SHIFT_B,68,52,2,1,19,0
EMP0048,2026-09-01,SHIFT_B,67,51,2,1,14,0
EMP0048,2026-09-02,SHIFT_B,62,53,2,1,26,0
EMP0048,2026-09-03,SHIFT_B,50,39,1,0,11,0
EMP0048,2026-09-04,SHIFT_B,59,46,1,1,26,0
EMP0048,2026-09-07,SHIFT_B,52,40,1,1,10,0
EMP0048,2026-09-08,SHIFT_B,53,43,1,0,21,0
EMP0048,2026-09-09,SHIFT_B,69,56,2,1,19,0
EMP0048,2026-09-10,SHIFT_B,62,51,2,1,21,0
EMP0048,2026-09-11,SHIFT_B,68,59,2,1,73,0